CostCurve,BaseCost,LoadFlag,NonConvex
BOSQUESW_CC1,0.000,0,0
BOSQUESW_CC2,0.000,0,0
BRAUNIG_CC1,0.000,0,0
BTE_CC1,0.000,0,0
BVE_CC1,0.000,0,0
B_DAVIS_CC1,0.000,0,0
CAL_CC1,0.000,0,0
CBECII_CC3,2451.520,0,0
CBEC_CC1,714.750,0,0
CBEC_CC2,0.000,0,0
CBY4_CC1,722.700,0,0
CCEC_CC1,0.000,0,0
CHE_CC1,0.000,0,0
DDPEC_CC1,0.000,0,0
DUKE_CC1,1312.200,0,0
FERGCC_CC1,0.000,0,0
FREC_CC1,0.000,0,0
FREC_CC2,0.000,0,0
FRNYPP_CC1,0.000,0,0
FRNYPP_CC2,0.000,0,0
FTR_CC1,0.000,0,0
GUADG_CC1,0.000,0,0
GUADG_CC2,0.000,0,0
INGLCOSW_CC1,0.000,0,0
KMCHI_CC1,0.000,0,0
KMCHI_CC2,0.000,0,0
LGE_CC1,389.500,0,0
LOSTPI_CC1,0.000,0,0
LPCCS_CC1,0.000,0,0
LPCCS_CC2,0.000,0,0
NEDIN_CC1,2059.200,0,0
NUECES_B_CC1,0.000,0,0
OECCS_CC1,0.000,0,0
OECCS_CC2,0.000,0,0
PSG_CC1,0.000,0,0
QALSW_CC1,0.000,0,0
QALSW_CC2,0.000,0,0
RAYBURN_CC1,0.000,0,0
RIONOG_CC1,0.000,0,0
TGCCS_CC1,0.000,0,0
TXCTY_CC1,0.000,0,0
WCPP_CC1,0.000,0,0
WHCCS2_CC2,2378.200,0,0
WHCCS_CC1,0.000,0,0
AEEC_ANTLP_1,175.750,0,0
AEEC_ANTLP_2,204.300,0,0
AEEC_ANTLP_3,195.600,0,0
AEEC_ELK_1,0.000,0,0
AEEC_ELK_3,0.000,0,0
ANDMDSLR_UNIT1,0.000,0,0
ANDMDSLR_UNIT2,0.000,0,0
ATKINS_ATKINSG7,0.000,0,0
AUSTPL_AUSTING2,0.000,0,0
BAC_CTG1,0.000,0,0
BAC_CTG2,0.000,0,0
BAC_CTG3,455.148,0,0
BAC_CTG4,0.000,0,0
BAC_CTG5,0.000,0,0
BCATWIND_WIND_1,0.000,0,0
BCH_UNIT1,72.389,0,0
BCH_UNIT2,83.849,0,0
BCH_UNIT3,72.389,0,0
BCH_UNIT4,71.434,0,0
BCH_UNIT5,80.029,0,0
BCH_UNIT6,66.659,0,0
BCH_UNIT7,68.569,0,0
BCH_UNIT8,72.389,0,0
BRAUNIG_VHB6CT5,42.000,0,0
BRAUNIG_VHB6CT6,44.800,0,0
BRAUNIG_VHB6CT8,80.800,0,0
BTM_UNIT2,85.481,0,0
BTM_UNIT3,83.391,0,0
BTM_UNIT4,81.301,0,0
BTM_UNIT5,81.301,0,0
BTM_UNIT6,81.301,0,0
BTM_UNIT7,83.391,0,0
BTM_UNIT8,48.729,0,0
BUCHAN_BUCHANG2,0.000,0,0
BUCHAN_BUCHANG3,0.000,0,0
CALAVERS_JKS1,0.000,0,0
CALAVERS_OWS1,0.000,0,0
CEDROHIL_CHW1,0.000,0,0
CEDROHIL_CHW2,0.000,0,0
CEDRVALE_UNIT1,0.000,0,0
CFLATS_U1,0.000,0,0
COLETO_COLETOG1,0.000,0,0
COYOTE_W_UNIT1,0.000,0,0
COYOTE_W_UNIT3,0.000,0,0
DANSBY_DANSBYG1,0.000,0,0
DANSBY_DANSBYG2,0.000,0,0
DANSBY_DANSBYG3,0.000,0,0
DAN_UNIT1,0.000,0,0
DILEOSLR_UNIT1,0.000,0,0
ECLIPSE_UNIT1,0.000,0,0
EIFSLR_UNIT1,0.000,0,0
ELB_ELBCREEK,0.000,0,0
FPPYD1_FPP_G1_J01,0.000,0,0
FPPYD1_FPP_G2_J01,0.000,0,0
FPPYD2_FPP_G3,0.000,0,0
FRYE_SLR_UNIT1,0.000,0,0
FRYE_SLR_UNIT2,0.000,0,0
GIDEON_GIDEONG2,975.200,0,0
GIDEON_GIDEONG3,1298.460,0,0
HAYSEN_HAYSENG1,897.600,0,0
HAYSEN_HAYSENG2,856.800,0,0
HAYSEN_HAYSENG3,0.000,0,0
HAYSEN_HAYSENG4,892.800,0,0
HELIOS_UNIT1,0.000,0,0
HICKMAN_G1_J01,0.000,0,0
HICKMAN_G2_J01,0.000,0,0
HLSES_UNIT3,756.000,0,0
HLSES_UNIT4,1777.200,0,0
HLSES_UNIT5,1665.600,0,0
HOVEY_UNIT1,0.000,0,0
HRZN_SLR_UNIT1,0.000,0,0
INKSDA_INKS_G1,0.000,0,0
JADE_SLR_UNIT1,0.000,0,0
JADE_SLR_UNIT2,0.000,0,0
JAD_UNIT1,0.000,0,0
JAD_UNIT2,72.102,0,0
JAD_UNIT3,92.235,0,0
JAD_UNIT4,73.017,0,0
JAD_UNIT5,74.847,0,0
JAD_UNIT7,76.677,0,0
LARDVFTN_G4,0.000,0,0
LEON_CRK_LCPCT1,97.800,0,0
LEON_CRK_LCPCT3,92.600,0,0
LEON_CRK_LCPCT4,67.600,0,0
LHSES_UNIT1,472.080,0,0
LMAJADAS_UNIT1,0.000,0,0
LMAJADAS_UNIT3,0.000,0,0
LMESASLR_IVORY,0.000,0,0
LV1_LV1A,0.000,0,0
MARBFA_MARBFAG1,0.000,0,0
MARBFA_MARBFAG2,0.000,0,0
MARSFO_MARSFOG1,0.000,0,0
MARSFO_MARSFOG3,0.000,0,0
MDANP_CT1,613.500,0,0
MDANP_CT2,895.500,0,0
MDANP_CT3,747.000,0,0
MDANP_CT4,870.000,0,0
MDANP_CT5,2331.000,0,0
MDANP_CT6,538.500,0,0
MIL_MILLERG2,184.800,0,0
MIL_MILLERG3,411.200,0,0
MIL_MILLERG4,1924.000,0,0
MIL_MILLERG5,2164.000,0,0
MISAE_UNIT1,0.000,0,0
MISAE_UNIT2,0.000,0,0
MLB_SLR_SOLAR1,0.000,0,0
MLSES_UNIT1,0.000,0,0
MLSES_UNIT2,0.000,0,0
MLSES_UNIT3,0.000,0,0
MROW_SLR_SOLAR1,0.000,0,0
NOVA1SLR_UNIT1,0.000,0,0
NOVA1SLR_UNIT2,0.000,0,0
NOVA2SLR_UNIT1,0.000,0,0
OCI_ALM1_UNIT1,0.000,0,0
OLINGR_OLING_2,47.200,0,0
OLINGR_OLING_3,59.000,0,0
OLINGR_OLING_4,0.000,0,0
OUTP_SLR_UNIT1,0.000,0,0
OUTP_SLR_UNIT2,0.000,0,0
PEARSAL2_AGR_B,127.680,0,0
PEARSAL2_AGR_D,127.680,0,0
PENA3_UNIT3_J01,0.000,0,0
PENA_UNIT1,0.000,0,0
PENA_UNIT2_J02,0.000,0,0
PERE_SLR_UNIT1,0.000,0,0
PERE_SLR_UNIT2,0.000,0,0
PINEFRST_UNIT1,0.000,0,0
PINEFRST_UNIT2,0.000,0,0
PINN_SLR_UNIT1,0.000,0,0
PINN_SLR_UNIT2,0.000,0,0
PINN_SLR_UNIT3,0.000,0,0
PITTSDDK_UNIT1,0.000,0,0
PPEC_GT7,1693.000,0,0
PPEC_GT8,1676.000,0,0
PRO_UNIT1,87.584,0,0
PRO_UNIT2,85.344,0,0
PRO_UNIT3,89.824,0,0
PRO_UNIT4,92.064,0,0
PRO_UNIT5,89.824,0,0
PRO_UNIT6,92.064,0,0
PRO_UNIT7,95.424,0,0
RAB_UNIT2,100.800,0,0
RAB_UNIT3,100.480,0,0
RAB_UNIT4,100.480,0,0
RAB_UNIT5,90.560,0,0
RAB_UNIT6,99.333,0,0
RAB_UNIT7,116.865,0,0
RAB_UNIT8,96.960,0,0
RADN_SLR_UNIT1,0.000,0,0
RADN_SLR_UNIT2,0.000,0,0
REDGATE_AGR_A,98.325,0,0
REDGATE_AGR_B,98.325,0,0
REDGATE_AGR_C,101.475,0,0
REDGATE_AGR_D,101.475,0,0
SALTFORK_UNIT1,0.000,0,0
SALTFORK_UNIT2,0.000,0,0
SCSES_UNIT1A,625.450,0,0
SILASRAY_SILAS_10,15.840,0,0
SIRIUS_UNIT1,0.000,0,0
SIRIUS_UNIT2,0.000,0,0
SKY1_SKY1A,8.500,0,0
SKY1_SKY1B,55.875,0,0
SOLARA_UNIT1,0.000,0,0
SPNCER_SPNCE_4,47.200,0,0
SPNCER_SPNCE_5,47.200,0,0
STEAM1A_STEAM_1,0.000,0,0
STEAM_ENGINE_1,0.450,0,0
STEAM_ENGINE_2,0.450,0,0
STEAM_STEAM_3,1.300,0,0
STP_STP_G1_J03,0.000,0,0
STP_STP_G2_J03,0.000,0,0
SWEETWN2_WND2,0.000,0,0
SWEETWN2_WND24,0.000,0,0
SWEETWN3_WND3A,0.000,0,0
SWEETWN3_WND3B,0.000,0,0
SWEETWN4_WND4A,0.000,0,0
SWEETWN4_WND4B,0.000,0,0
SWEETWN5_WND5,0.000,0,0
SWEETWND_WND1,0.000,0,0
TGS_GT01,964.100,0,0
TIMPP_AGR1,119.680,0,0
TIMPP_AGR2,179.520,0,0
TIMPP_AGR3,119.680,0,0
TIMPP_AGR4,178.620,0,0
TIMPP_AGR5,119.680,0,0
TIMPP_AGR6,179.520,0,0
TIMPP_AGR7,119.680,0,0
TIMPP_AGR8,179.520,0,0
TI_SOLAR_UNIT1,0.000,0,0
TI_SOLAR_UNIT2,0.000,0,0
TOPAZ_UNIT1,105.336,0,0
TOPAZ_UNIT10,102.676,0,0
TOPAZ_UNIT2,105.336,0,0
TOPAZ_UNIT3,107.996,0,0
TOPAZ_UNIT4,105.336,0,0
TOPAZ_UNIT5,109.592,0,0
TOPAZ_UNIT6,110.656,0,0
TOPAZ_UNIT7,102.676,0,0
TOPAZ_UNIT8,111.986,0,0
TRBT_SLR_PV1,0.000,0,0
TRBT_SLR_PV2,0.000,0,0
TYLRWIND_UNIT1,0.000,0,0
VICTPORT_CTG01,203.700,0,0
VICTPORT_CTG02,203.700,0,0
VICTPRT2_UNIT1,674.560,0,0
VICTPRT2_UNIT2,674.560,0,0
WH_WIND_UNIT1,0.000,0,0
WH_WIND_UNIT2,0.000,0,0
WIRTZ_WIRTZ_G1,0.000,0,0
WIRTZ_WIRTZ_G2,0.000,0,0
