Injector,MinDispatch,MinOn,MinOff,MinTime,BaseCost,DefaultMustRun,HotStartCost,WarmStartCost,ColdStartCost,TimeToWarm,TimeToCold,HotUpTime,WarmUpTime,ColdUpTime
AMOCOOIL_CC2,33.700,6,4,0,0,0,2787.750,2787.750,2787.750,5,40,0.1667,0.1667,0.1667
BASTEN_CC1,95.000,10,6,0,0,0,5273.100,5273.100,5273.100,5,40,1,1,1
BOSQUESW_CC1,97.000,9,5,0,0,0,2324.700,2324.700,2324.700,5,40,1,1,1
BOSQUESW_CC2,91.000,8,5,0,0,0,5121.900,5121.900,5121.900,5,40,0.1667,0.1667,0.1667
BRAUNIG_CC1,150.000,9,5,0,0,0,4772.250,4772.250,4772.250,5,40,0.1667,0.1667,0.1667
BTE_CC1,1.000,10,6,0,0,0,5613.300,5613.300,5613.300,5,40,1,1,1
BVE_CC1,200.000,7,4,0,0,0,10091.500,10891.500,11491.500,5,40,0.1667,0.1667,0.1667
BYU_CC1,69.000,7,4,0,0,0,1899.450,1899.450,1899.450,5,40,0.1667,0.1667,0.1667
B_DAVIS_CC1,60.000,10,5,0,0,0,5972.400,5972.400,5972.400,5,40,1,1,1
CAL_CC1,44.000,11,6,0,0,0,1663.200,1663.200,1663.200,5,40,1.5,3,12
CBECII_CC3,188.000,7,4,0,0,0,22992.950,22992.950,22992.950,5,40,0.1667,0.1667,0.1667
CBEC_CC1,75.000,10,5,0,0,0,4194.200,4781.300,5912.750,5,40,1,1,1
CBEC_CC2,81.000,12,6,0,0,0,2343.600,2343.600,2343.600,5,40,1.5,3,24
CBY4_CC1,165.000,6,4,0,0,0,20812.940,26687.610,31881.300,5,40,0.1667,0.1667,0.1667
CCEC_CC1,19.000,11,6,0,0,0,4129.650,4129.650,4129.650,5,40,1,1,1
CHE_CC1,118.000,8,5,0,0,0,7144.200,7144.200,7144.200,5,40,0.1667,0.1667,0.1667
CVC_CC1,266.000,10,6,0,0,0,5953.500,5953.500,5953.500,5,40,1,1,1
DDPEC_CC1,322.000,10,6,0,0,0,11103.750,11103.750,11103.750,5,40,1,1,1
DIB_CC1,23.471,6,4,0,0,0,463.050,463.050,463.050,5,40,0.1667,0.1667,0.1667
DUKE_CC1,180.000,9,5,0,0,0,14186.700,15261.300,20642.420,5,40,1,1,1
ETCCS_CC1,70.000,10,6,0,0,0,3005.100,3005.100,3005.100,5,40,1,1,1
FERGCC_CC1,95.000,8,4,0,0,0,4951.800,4951.800,4951.800,5,40,0.1667,0.1667,0.1667
FREC_CC1,180.000,10,6,0,0,0,14014.680,17231.930,19174.640,5,40,1,1,1
FREC_CC2,180.000,9,5,0,0,0,14006.510,16320.100,18521.840,5,40,1,1,1
FRNYPP_CC1,90.000,8,5,0,0,0,8353.800,8353.800,8353.800,5,40,0.1667,0.1667,0.1667
FRNYPP_CC2,90.000,6,3,0,0,0,8353.800,8353.800,8353.800,5,40,0.1667,0.1667,0.1667
FTR_CC1,58.500,11,6,0,0,0,7938.000,7938.000,7938.000,5,40,1,1,1
GUADG_CC1,106.000,7,4,0,0,0,4734.450,4734.450,4734.450,5,40,0.1667,0.1667,0.1667
GUADG_CC2,107.000,8,5,0,0,0,4734.450,4734.450,4734.450,5,40,0.1667,0.1667,0.1667
INGLCOSW_CC1,73.191,7,4,0,0,0,1443.960,1443.960,1443.960,5,40,0.1667,0.1667,0.1667
JACKCNTY_CC1,164.000,12,7,0,0,0,5273.100,5273.100,5273.100,5,40,1.5,3,24
JCKCNTY2_CC1,164.000,11,6,0,0,0,5386.500,5386.500,5386.500,5,40,1.5,3,24
KMCHI_CC1,55.000,11,6,0,0,0,6037.605,6037.605,6037.605,5,40,1,1,1
KMCHI_CC2,55.000,8,5,0,0,0,6065.010,6065.010,6065.010,5,40,0.1667,0.1667,0.1667
LGE_CC1,95.000,8,5,0,0,0,14905.880,16788.940,17173.000,5,40,0.1667,0.1667,0.1667
LOSTPI_CC1,188.000,9,5,0,0,0,4838.400,4838.400,4838.400,5,40,0.1667,0.1667,0.1667
LPCCS_CC1,90.000,9,5,0,0,0,5188.050,5188.050,5188.050,5,40,0.1667,0.1667,0.1667
LPCCS_CC2,90.000,10,6,0,0,0,5518.800,5518.800,5518.800,5,40,1,1,1
NEDIN_CC1,220.000,9,5,0,0,0,20829.890,22505.400,31757.240,5,40,1,1,1
NUECES_B_CC1,134.000,8,5,0,0,0,6000.750,6000.750,6000.750,5,40,0.1667,0.1667,0.1667
OECCS_CC1,93.000,8,4,0,0,0,5433.750,5433.750,5433.750,5,40,0.1667,0.1667,0.1667
OECCS_CC2,1.000,8,5,0,0,0,3572.100,3572.100,3572.100,5,40,0.1667,0.1667,0.1667
PSA_CC1,110.000,7,4,0,0,0,4630.500,4630.500,4630.500,5,40,0.1667,0.1667,0.1667
PSG_CC1,186.000,6,3,0,0,0,11572.370,13811.190,18346.230,5,40,0.1667,0.1667,0.1667
QALSW_CC1,55.000,9,5,0,0,0,2192.400,2192.400,2192.400,5,40,1,1,1
QALSW_CC2,55.000,12,6,0,0,0,2088.450,2088.450,2088.450,5,40,1.5,3,24
RAYBURN_CC1,44.000,7,4,0,0,0,1464.750,1464.750,1464.750,5,40,0.1667,0.1667,0.1667
RIONOG_CC1,85.000,9,5,0,0,0,7692.300,7692.300,7692.300,5,40,1,1,1
SANDHSYD_CC1,58.000,10,5,0,0,0,2768.850,2768.850,2768.850,5,40,1,1,1
SILASRAY_CC1,34.000,10,6,0,0,0,500.850,500.850,500.850,5,40,1,1,1
TEN_CC1,100.000,10,6,0,0,0,2542.050,2542.050,2542.050,5,40,1,1,1
TGCCS_CC1,75.000,7,4,0,0,0,8410.500,8410.500,8410.500,5,40,0.1667,0.1667,0.1667
THW_CC1,45.000,11,6,0,0,0,3203.550,3203.550,3203.550,5,40,1.5,3,12
THW_CC2,47.000,9,5,0,0,0,3099.600,3099.600,3099.600,5,40,0.1667,0.1667,0.1667
TNSKA_CC1,65.000,12,7,0,0,0,2164.050,2164.050,2164.050,5,40,1.5,3,24
TXCTY_CC1,60.000,11,6,0,0,0,3068.500,3068.500,3068.500,5,40,1,1,1
VICTORIA_CC1,165.000,7,4,0,0,0,2721.600,2721.600,2721.600,5,40,0.1667,0.1667,0.1667
WCPP_CC1,83.000,11,6,0,0,0,6860.700,6860.700,6860.700,5,40,1.5,3,12
WFCOGEN_CC1,2.000,9,5,0,0,0,708.750,708.750,708.750,5,40,0.1667,0.1667,0.1667
WHCCS2_CC2,188.000,8,4,0,0,0,22896.900,22896.900,22896.900,5,40,0.1667,0.1667,0.1667
WHCCS_CC1,125.000,8,4,0,0,0,6889.050,6889.050,6889.050,5,40,0.1667,0.1667,0.1667
A4_DGR1,2.000,1,1,0,0,0,123.710,123.710,123.710,2,3,0.25,1,1
A4_DGR2,2.000,1,1,0,0,0,56.515,56.515,56.515,2,3,0.25,1,1
AEEC_ANTLP_1,25.000,5,3,0,0,0,726.000,726.000,726.000,4,48,0,0,1
AEEC_ANTLP_2,30.000,3,2,0,0,0,660.000,660.000,660.000,4,48,0,0,0.1667
AEEC_ANTLP_3,30.000,6,3,0,0,0,597.500,597.500,597.500,4,48,0,0,24
AEEC_ELK_1,95.000,2,2,0,0,0,7315.020,7315.020,7315.020,2,3,0.1667,0.1667,0.1667
AEEC_ELK_2,85.000,2,2,0,0,0,854.400,854.400,854.400,2,3,0.25,1,1
AEEC_ELK_3,85.000,2,2,0,0,0,6842.280,6842.280,6842.280,2,3,0.25,1,1
ATKINS_ATKINSG7,5.000,1,1,0,0,0,80.100,80.100,80.100,2,3,0.25,1,1
AZ_AZ_G1,35.000,3,3,0,0,0,155.750,155.750,155.750,2,3,0.25,3,12
AZ_AZ_G2,36.000,1,1,0,0,0,160.200,160.200,160.200,2,3,0.25,1,1
AZ_AZ_G3,35.000,1,1,0,0,0,160.200,160.200,160.200,2,3,0.25,1,1
AZ_AZ_G4,33.000,1,1,0,0,0,146.850,146.850,146.850,2,3,0.25,1,1
BAC_CTG1,55.600,1,1,0,0,0,2498.800,2498.800,2498.800,2,3,0.25,1,1
BAC_CTG2,57.300,1,1,0,0,0,2504.050,2504.050,2504.050,2,3,0.25,1,1
BAC_CTG3,56.400,1,1,0,0,0,2501.250,2501.250,2501.250,2,3,0.25,1,1
BAC_CTG4,57.100,1,1,0,0,0,2503.700,2503.700,2503.700,2,3,0.1667,0.1667,0.1667
BAC_CTG5,57.200,1,1,0,0,0,2504.400,2504.400,2504.400,2,3,0.25,1,1
BAC_CTG6,57.000,1,1,0,0,0,259.435,259.435,259.435,2,3,0.25,1,1
BCH_UNIT1,37.900,3,3,0,0,0,813.100,813.100,813.100,2,3,0.25,3,24
BCH_UNIT2,43.900,1,1,0,0,0,834.100,834.100,834.100,2,3,0.25,1,1
BCH_UNIT3,37.900,3,3,0,0,0,816.600,816.600,816.600,2,3,0.25,3,12
BCH_UNIT4,37.400,1,1,0,0,0,814.850,814.850,814.850,2,3,0.25,1,1
BCH_UNIT5,41.900,1,1,0,0,0,827.100,827.100,827.100,2,3,0.25,1,1
BCH_UNIT6,34.900,1,1,0,0,0,802.600,802.600,802.600,2,3,0.1667,0.1667,0.1667
BCH_UNIT7,35.900,1,1,0,0,0,806.100,806.100,806.100,2,3,0.25,1,1
BCH_UNIT8,37.900,1,1,0,0,0,813.100,813.100,813.100,2,3,0.25,1,1
BRAUNIG_VHB3,70.000,6,4,0,0,0,11600.000,11600.000,11600.000,4,48,0,0,0.1667
BRAUNIG_VHB6CT5,20.000,1,1,0,0,0,995.140,995.140,995.140,2,3,0.25,1,1
BRAUNIG_VHB6CT6,20.000,1,1,0,0,0,1005.300,1005.300,1005.300,2,3,0.25,1,1
BRAUNIG_VHB6CT7,20.000,1,1,0,0,0,209.150,209.150,209.150,2,3,0.25,1,1
BRAUNIG_VHB6CT8,20.000,1,1,0,0,0,1017.010,1017.010,1017.010,2,3,0.25,1,1
BTM_UNIT1,42.800,3,3,0,0,0,211.820,211.820,211.820,2,3,0.25,3,12
BTM_UNIT2,40.900,1,1,0,0,0,1120.750,1120.750,1120.750,2,3,0.25,1,1
BTM_UNIT3,39.900,1,1,0,0,0,1117.250,1117.250,1117.250,2,3,0.1667,0.1667,0.1667
BTM_UNIT4,38.900,3,3,0,0,0,1113.750,1113.750,1113.750,2,3,0.25,3,12
BTM_UNIT5,38.900,3,3,0,0,0,1113.750,1113.750,1113.750,2,3,0.25,3,24
BTM_UNIT6,38.900,1,1,0,0,0,1113.750,1113.750,1113.750,2,3,0.25,1,1
BTM_UNIT7,39.900,1,1,0,0,0,1117.250,1117.250,1117.250,2,3,0.25,1,1
BTM_UNIT8,43.900,1,1,0,0,0,1131.250,1131.250,1131.250,2,3,0.25,1,1
B_DAVIS_B_DAVIG1,55.000,5,3,0,0,0,8410.000,8410.000,8410.000,4,48,0,0,0.1667
CALAVERS_JKS1,130.000,9,9,0,0,0,21685.500,21685.500,21685.500,12,40,1,1,1
CALAVERS_JKS2,300.000,8,8,0,0,0,31007.500,31007.500,31007.500,12,40,0.1667,0.1667,0.1667
CALAVERS_OWS1,65.000,9,6,0,0,0,11948.000,11948.000,11948.000,4,48,0,0,24
CALAVERS_OWS2,65.000,5,4,0,0,0,11658.000,11658.000,11658.000,4,48,0,0,0.1667
CALHOUN_UNIT1,32.000,1,1,0,0,0,151.300,151.300,151.300,2,3,0.25,1,1
CALHOUN_UNIT2,32.000,1,1,0,0,0,173.550,173.550,173.550,2,3,0.25,1,1
CARBN_BSP_1,6.800,1,1,0,0,0,75.650,75.650,75.650,2,3,0.25,1,1
CBEC_GT11,27.000,3,3,0,0,0,173.550,173.550,173.550,2,3,0.25,3,24
CBEC_GT12,29.000,1,1,0,0,0,133.500,133.500,133.500,2,3,0.1667,0.1667,0.1667
CBY_CBY_G1,93.000,9,6,0,0,0,20532.000,20532.000,20532.000,4,48,2,3.5,24
CBY_CBY_G2,93.000,9,6,0,0,0,20706.000,20706.000,20706.000,4,48,2,3.5,24
CEDRVALE_UNIT1,3.500,4,2,0,0,0,97.450,97.450,97.450,4,48,0,0,1
CHAMON_CTG_0101,32.000,1,1,0,0,0,169.100,169.100,169.100,2,3,0.1667,0.1667,0.1667
CHAMON_CTG_0301,32.000,1,1,0,0,0,173.550,173.550,173.550,2,3,0.1667,0.1667,0.1667
CITYVICT_CTG01,36.000,1,1,0,0,0,160.200,160.200,160.200,2,3,0.1667,0.1667,0.1667
CITYVICT_CTG02,36.000,1,1,0,0,0,200.250,200.250,200.250,2,3,0.25,1,1
COLETO_COLETOG1,200.000,6,6,0,0,0,25872.500,25872.500,25872.500,12,40,0.1667,0.1667,0.1667
CPSES_UNIT1,1195.920,34,69,0,0,1,0,0,0,0,0,0,0,0
CPSES_UNIT2,1179.090,26,51,0,0,1,0,0,0,0,0,0,0,0
DANSBY_DANSBYG1,12.000,8,5,0,0,0,3016.000,3016.000,3016.000,4,48,0,0,1
DANSBY_DANSBYG2,12.000,1,1,0,0,0,204.700,204.700,204.700,2,3,0.25,1,1
DANSBY_DANSBYG3,12.000,1,1,0,0,0,213.600,213.600,213.600,2,3,0.25,1,1
DCSES_CT10,60.000,1,1,0,0,0,315.950,315.950,315.950,2,3,0.25,1,1
DCSES_CT20,60.000,1,1,0,0,0,315.950,315.950,315.950,2,3,0.1667,0.1667,0.1667
DCSES_CT30,60.000,1,1,0,0,0,315.950,315.950,315.950,2,3,0.1667,0.1667,0.1667
DCSES_CT40,60.000,1,1,0,0,0,329.300,329.300,329.300,2,3,0.1667,0.1667,0.1667
DECKER_DPGT_1,48.000,1,1,0,0,0,222.500,222.500,222.500,2,3,0.25,1,1
DECKER_DPGT_2,48.000,3,3,0,0,0,222.500,222.500,222.500,2,3,0.25,3,12
DECKER_DPGT_3,48.000,1,1,0,0,0,222.500,222.500,222.500,2,3,0.1667,0.1667,0.1667
DECKER_DPGT_4,48.000,1,1,0,0,0,222.500,222.500,222.500,2,3,0.25,1,1
DEC_AGR_A,12.000,5,3,0,0,0,5085.000,5085.000,5085.000,4,48,0,0,1
DEC_AGR_B,12.000,4,2,0,0,0,5085.000,5085.000,5085.000,4,48,0,0,1
DEC_AGR_C,12.000,3,2,0,0,0,5085.000,5085.000,5085.000,4,48,0,0,0.1667
DEC_AGR_D,12.000,4,2,0,0,0,5085.000,5085.000,5085.000,4,48,0,0,0.1667
ECEC_G1,80.000,3,3,0,0,0,682.630,682.630,682.630,2,3,0.25,3,24
ECEC_G2,80.000,2,2,0,0,0,679.070,679.070,679.070,2,3,0.25,1,1
FEGC_CTG2,34.000,1,1,0,0,0,213.155,213.155,213.155,2,3,0.1667,0.1667,0.1667
FEGC_CTG3,34.000,1,1,0,0,0,209.150,209.150,209.150,2,3,0.1667,0.1667,0.1667
FEGC_CTG4,34.000,1,1,0,0,0,209.150,209.150,209.150,2,3,0.1667,0.1667,0.1667
FEGC_UNIT1,65.000,3,3,0,0,0,445.000,445.000,445.000,2,3,0.25,1,1
FLCNS_UNIT1,55.000,1,1,0,0,0,298.150,298.150,298.150,2,3,0.25,1,1
FLCNS_UNIT2,55.000,1,1,0,0,0,298.150,298.150,298.150,2,3,0.25,1,1
FPPYD1_FPP_G1_J01,78.000,12,12,0,0,0,11692.000,11692.000,11692.000,12,40,1.5,3.5,12
FPPYD1_FPP_G1_J02,78.000,9,9,0,0,0,11257.500,11257.500,11257.500,12,40,1,1,1
FPPYD1_FPP_G2_J01,78.000,12,12,0,0,0,11692.000,11692.000,11692.000,12,40,1.5,3.5,12
FPPYD1_FPP_G2_J02,78.000,10,10,0,0,0,11494.500,11494.500,11494.500,12,40,1,1,1
FPPYD2_FPP_G3,180.000,7,7,0,0,0,17024.500,17024.500,17024.500,12,40,0.1667,0.1667,0.1667
GBY_GBYGT73,30.000,3,3,0,0,0,267.000,267.000,267.000,2,3,0.25,3,12
GBY_GBYGT74,30.000,1,1,0,0,0,253.650,253.650,253.650,2,3,0.25,1,1
GBY_GBYGT81,30.000,1,1,0,0,0,253.650,253.650,253.650,2,3,0.25,1,1
GBY_GBYGT82,30.000,1,1,0,0,0,218.050,218.050,218.050,2,3,0.1667,0.1667,0.1667
GBY_GBYGT83,30.000,3,3,0,0,0,289.250,289.250,289.250,2,3,0.25,3,12
GBY_GBYGT84,30.000,1,1,0,0,0,262.550,262.550,262.550,2,3,0.25,1,1
GIDEON_GIDEONG1,20.000,8,5,0,0,0,3161.000,3161.000,3161.000,4,48,0,0,1
GIDEON_GIDEONG2,20.000,5,3,0,0,0,11689.920,14694.000,22350.700,4,48,0,0,0.1667
GIDEON_GIDEONG3,57.000,9,6,0,0,0,17443.370,24947.620,32343.650,4,48,0,0,24
GRSES_UNIT1,46.000,7,4,0,0,0,6931.000,6931.000,6931.000,4,48,0,0,1
GRSES_UNIT2,60.000,7,5,0,0,0,11455.000,11455.000,11455.000,4,48,0,0,1
HAYSEN_HAYSENG1,120.000,3,3,0,0,0,7738.500,8563.500,8958.500,2,3,0.25,1,1
HAYSEN_HAYSENG2,120.000,2,2,0,0,0,9818.500,10678.500,11098.500,2,3,0.1667,0.1667,0.1667
HAYSEN_HAYSENG3,120.000,3,3,0,0,0,17219.500,18027.000,18409.500,2,3,0.25,1,1
HAYSEN_HAYSENG4,120.000,3,3,0,0,0,8735.000,9560.000,9955.000,2,3,0.25,3,12
HLSES_UNIT3,100.000,9,6,0,0,0,53410.720,53410.720,77511.020,4,48,0,0,24
HLSES_UNIT4,120.000,8,5,0,0,0,36292.750,36292.750,47143.750,4,48,0,0,1
HLSES_UNIT5,120.000,5,3,0,0,0,35548.500,35548.500,43303.500,4,48,0,0,0.1667
JAD_UNIT1,32.000,3,3,0,0,0,808.900,808.900,808.900,2,3,0.25,3,24
JAD_UNIT2,39.400,1,1,0,0,0,813.900,813.900,813.900,2,3,0.25,1,1
JAD_UNIT3,42.900,1,1,0,0,0,828.400,828.400,828.400,2,3,0.1667,0.1667,0.1667
JAD_UNIT4,39.900,1,1,0,0,0,815.650,815.650,815.650,2,3,0.25,1,1
JAD_UNIT5,40.900,1,1,0,0,0,819.150,819.150,819.150,2,3,0.25,1,1
JAD_UNIT6,38.900,1,1,0,0,0,194.020,194.020,194.020,2,3,0.25,1,1
JAD_UNIT7,41.900,3,3,0,0,0,819.500,819.500,819.500,2,3,0.25,3,24
JAD_UNIT8,41.900,1,1,0,0,0,207.370,207.370,207.370,2,3,0.25,1,1
K2_DGR1,2.000,1,1,0,0,0,101.015,101.015,101.015,2,3,0.1667,0.1667,0.1667
K2_DGR2,2.000,3,3,0,0,0,109.915,109.915,109.915,2,3,0.25,3,24
LARDVFTN_G4,35.000,2,2,0,0,0,4404.630,4404.630,4404.630,2,3,0.25,1,1
LARDVFTN_G5,45.000,3,3,0,0,0,396.050,396.050,396.050,2,3,0.25,1,1
LEG_LEG_G1,263.000,9,9,0,0,0,32311.000,32311.000,32311.000,12,40,1,1,1
LEG_LEG_G2,263.000,7,7,0,0,0,33851.500,33851.500,33851.500,12,40,0.1667,0.1667,0.1667
LEON_CRK_LCPCT1,20.000,1,1,0,0,0,1339.500,1339.500,1339.500,2,3,0.1667,0.1667,0.1667
LEON_CRK_LCPCT2,20.000,1,1,0,0,0,200.250,200.250,200.250,2,3,0.25,1,1
LEON_CRK_LCPCT3,20.000,1,1,0,0,0,1243.500,1243.500,1243.500,2,3,0.25,1,1
LEON_CRK_LCPCT4,20.000,1,1,0,0,0,1224.500,1224.500,1224.500,2,3,0.25,1,1
LHM_CVC_G4,57.500,3,3,0,0,0,416.075,416.075,416.075,2,3,0.25,3,12
LHSES_UNIT1,56.000,5,3,0,0,0,28400.000,28400.000,28400.000,4,48,0,0,0.1667
LHSES_UNIT2A,48.000,5,3,0,0,0,15167.000,15167.000,15167.000,4,48,0,0,0.1667
LIG_UNIT1,32.000,1,1,0,0,0,173.550,173.550,173.550,2,3,0.1667,0.1667,0.1667
LIG_UNIT2,37.000,1,1,0,0,0,173.550,173.550,173.550,2,3,0.1667,0.1667,0.1667
MCSES_UNIT6,15.000,7,4,0,0,0,3538.000,3538.000,3538.000,4,48,0,0,1
MCSES_UNIT7,15.000,6,4,0,0,0,3422.000,3422.000,3422.000,4,48,0,0,1
MCSES_UNIT8,200.000,8,5,0,0,0,16472.000,16472.000,16472.000,4,48,1,1,1
MDANP_CT1,150.000,2,2,0,0,0,9863.000,10554.100,11572.250,2,3,0.1667,0.1667,0.1667
MDANP_CT2,150.000,2,2,0,0,0,7623.000,8464.900,9291.250,2,3,0.25,1,1
MDANP_CT3,150.000,2,2,0,0,0,16038.500,16653.500,17591.000,2,3,0.1667,0.1667,0.1667
MDANP_CT4,150.000,3,3,0,0,0,8918.500,9769.850,10740.880,2,3,0.25,1,1
MDANP_CT5,150.000,3,3,0,0,0,6748.000,7522.200,8241.500,2,3,0.25,1,1
MDANP_CT6,150.000,3,3,0,0,0,17312.500,18016.000,18598.750,2,3,0.25,1,1
MGSES_CT1,30.000,1,1,0,0,0,302.600,302.600,302.600,2,3,0.25,1,1
MGSES_CT2,30.000,1,1,0,0,0,298.150,298.150,298.150,2,3,0.1667,0.1667,0.1667
MGSES_CT3,30.000,3,3,0,0,0,293.700,293.700,293.700,2,3,0.25,3,24
MGSES_CT4,30.000,1,1,0,0,0,302.600,302.600,302.600,2,3,0.1667,0.1667,0.1667
MGSES_CT5,30.000,3,3,0,0,0,302.600,302.600,302.600,2,3,0.25,3,24
MGSES_CT6,30.000,1,1,0,0,0,302.600,302.600,302.600,2,3,0.25,1,1
MIL_MILLERG2,40.000,5,3,0,0,0,13929.910,14349.910,14559.910,4,48,0,0,0.1667
MIL_MILLERG3,40.000,5,3,0,0,0,14204.910,16934.910,17984.910,4,48,0,0,0.1667
MIL_MILLERG4,80.000,2,2,0,0,0,11382.410,11382.410,11382.410,2,3,0.1667,0.1667,0.1667
MIL_MILLERG5,80.000,2,2,0,0,0,11382.410,11382.410,11382.410,2,3,0.25,1,1
MIRAGE_GEN_0001,3.000,1,1,0,0,0,48.950,48.950,48.950,2,3,0.25,1,1
MLSES_UNIT1,280.000,9,9,0,0,0,32192.500,32192.500,32192.500,12,40,1,1,1
MLSES_UNIT2,280.000,9,9,0,0,0,32390.000,32390.000,32390.000,12,40,1,1,1
MLSES_UNIT3,280.000,8,8,0,0,0,32390.000,32390.000,32390.000,12,40,0.1667,0.1667,0.1667
OGSES_UNIT1A,348.000,10,10,0,0,0,33772.500,33772.500,33772.500,12,40,1,1,1
OGSES_UNIT2,455.000,9,9,0,0,0,33772.500,33772.500,33772.500,12,40,1,1,1
OLINGR_OLING_2,20.000,5,3,0,0,0,11070.000,11070.000,11070.000,4,48,0,0,0.1667
OLINGR_OLING_3,25.000,5,3,0,0,0,10900.000,10900.000,10900.000,4,48,0,0,0.1667
OLINGR_OLING_4,40.000,1,1,0,0,0,2526.500,2526.500,2526.500,2,3,0.25,1,1
OXY_CC_OXY_CCG1,7.000,1,1,0,0,0,48.950,48.950,48.950,2,3,0.1667,0.1667,0.1667
P2_DGR1,2.000,1,1,0,0,0,127.270,127.270,127.270,2,3,0.25,1,1
P2_DGR2,2.000,1,1,0,0,0,148.185,148.185,148.185,2,3,0.25,1,1
PB2SES_CT1,41.000,3,3,0,0,0,333.750,333.750,333.750,2,3,0.25,3,12
PB2SES_CT2,41.000,1,1,0,0,0,342.650,342.650,342.650,2,3,0.1667,0.1667,0.1667
PB2SES_CT3,41.000,3,3,0,0,0,338.200,338.200,338.200,2,3,0.25,3,24
PB2SES_CT4,41.000,1,1,0,0,0,338.200,338.200,338.200,2,3,0.25,1,1
PB2SES_CT5,41.000,1,1,0,0,0,347.100,347.100,347.100,2,3,0.25,1,1
PEARSAL2_AGR_A,20.000,5,2,0,0,0,4500.000,4500.000,4500.000,4,48,0,0,1
PEARSAL2_AGR_B,24.000,3,2,0,0,0,1479.040,1479.040,1479.040,4,48,0,0,0.1667
PEARSAL2_AGR_C,24.000,6,3,0,0,0,4500.000,4500.000,4500.000,4,48,0,0,24
PEARSAL2_AGR_D,24.000,4,2,0,0,0,1479.040,1479.040,1479.040,4,48,0,0,0.1667
PNPI_GT2,40.000,1,1,0,0,0,213.600,213.600,213.600,2,3,0.25,1,1
PPEC_GT7,100.000,2,2,0,0,0,10756.000,10756.000,10756.000,2,3,0.25,1,1
PPEC_GT8,100.000,3,3,0,0,0,10749.000,10749.000,10749.000,2,3,0.25,3,12
PRO_UNIT1,39.100,1,1,0,0,0,810.300,810.300,810.300,2,3,0.25,1,1
PRO_UNIT2,38.100,1,1,0,0,0,806.800,806.800,806.800,2,3,0.1667,0.1667,0.1667
PRO_UNIT3,40.100,3,3,0,0,0,813.800,813.800,813.800,2,3,0.25,3,24
PRO_UNIT4,41.100,1,1,0,0,0,817.300,817.300,817.300,2,3,0.1667,0.1667,0.1667
PRO_UNIT5,40.100,1,1,0,0,0,813.800,813.800,813.800,2,3,0.25,1,1
PRO_UNIT6,41.100,3,3,0,0,0,817.300,817.300,817.300,2,3,0.25,3,24
PRO_UNIT7,42.600,3,3,0,0,0,822.550,822.550,822.550,2,3,0.25,3,24
PRO_UNIT8,41.100,1,1,0,0,0,203.810,203.810,203.810,2,3,0.25,1,1
PR_PR_G2,14.595,7,5,0,0,0,1015.000,1015.000,1015.000,4,48,0,0,1
PYOTE_UNIT1,3.500,5,2,0,0,0,891.000,891.000,891.000,4,48,0,0,1
Q1_DGR1,2.000,1,1,0,0,0,122.375,122.375,122.375,2,3,0.1667,0.1667,0.1667
RAB_UNIT1,32.000,1,1,0,0,0,165.985,165.985,165.985,2,3,0.25,1,1
RAB_UNIT2,32.000,3,3,0,0,0,995.050,995.050,995.050,2,3,0.25,3,12
RAB_UNIT3,32.000,1,1,0,0,0,991.250,991.250,991.250,2,3,0.25,1,1
RAB_UNIT4,32.000,1,1,0,0,0,991.250,991.250,991.250,2,3,0.1667,0.1667,0.1667
RAB_UNIT5,32.000,1,1,0,0,0,989.950,989.950,989.950,2,3,0.1667,0.1667,0.1667
RAB_UNIT6,35.100,3,3,0,0,0,1000.450,1000.450,1000.450,2,3,0.25,3,24
RAB_UNIT7,37.100,1,1,0,0,0,1012.550,1012.550,1012.550,2,3,0.25,1,1
RAB_UNIT8,32.000,1,1,0,0,0,989.950,989.950,989.950,2,3,0.1667,0.1667,0.1667
REDGATE_AGR_A,22.500,5,3,0,0,0,1643.480,1643.480,1643.480,4,48,0,0,1
REDGATE_AGR_B,22.500,6,3,0,0,0,1643.480,1643.480,1643.480,4,48,0,0,24
REDGATE_AGR_C,22.500,5,2,0,0,0,1643.480,1643.480,1643.480,4,48,0,0,1
REDGATE_AGR_D,22.500,6,3,0,0,0,1643.480,1643.480,1643.480,4,48,0,0,24
SANDHSYD_SH1,12.000,3,3,0,0,0,200.250,200.250,200.250,2,3,0.25,3,24
SANDHSYD_SH2,12.000,1,1,0,0,0,200.250,200.250,200.250,2,3,0.25,1,1
SANDHSYD_SH3,12.000,1,1,0,0,0,200.250,200.250,200.250,2,3,0.25,1,1
SANDHSYD_SH4,12.000,1,1,0,0,0,200.250,200.250,200.250,2,3,0.25,1,1
SANDHSYD_SH6,15.000,1,1,0,0,0,200.250,200.250,200.250,2,3,0.25,1,1
SANDHSYD_SH7,12.000,1,1,0,0,0,200.250,200.250,200.250,2,3,0.25,1,1
SANMIGL_G1,220.000,8,8,0,0,0,15444.500,15444.500,15444.500,12,40,0.1667,0.1667,0.1667
SCES_UNIT1_J01,169.800,12,12,0,0,0,16392.500,16392.500,16392.500,12,40,1.5,3.5,12
SCES_UNIT1_J02,90.000,6,6,0,0,0,8690.000,8690.000,8690.000,12,40,0.1667,0.1667,0.1667
SCES_UNIT1_J03,60.200,7,7,0,0,0,5806.500,5806.500,5806.500,12,40,0.1667,0.1667,0.1667
SCES_UNIT1_J04,41.000,11,11,0,0,0,4108.000,4108.000,4108.000,12,40,1.5,3.5,12
SCSES_UNIT1A,35.000,8,5,0,0,0,26180.000,26180.000,26180.000,4,48,0,0,1
SCSES_UNIT2,75.000,6,4,0,0,0,14558.000,14558.000,14558.000,4,48,0,0,1
SILASRAY_SILAS_10,22.000,1,1,0,0,0,1311.350,1311.350,1311.350,2,3,0.25,1,1
SJS_SJS_G1,78.000,1,1,0,0,0,364.900,364.900,364.900,2,3,0.1667,0.1667,0.1667
SJS_SJS_G2,80.000,1,1,0,0,0,356.000,356.000,356.000,2,3,0.25,1,1
SKY1_SKY1A,8.500,6,3,0,0,0,670.000,670.000,670.000,4,48,0,0,24
SKY1_SKY1B,12.500,5,2,0,0,0,750.000,750.000,750.000,4,48,0,0,1
SPNCER_SPNCE_4,20.000,9,6,0,0,0,7670.000,7720.000,7770.000,4,48,0,0,24
SPNCER_SPNCE_5,20.000,8,5,0,0,0,10450.000,10450.000,10450.000,4,48,0,0,1
STEAM1A_STEAM_1,10.000,5,3,0,0,0,3730.000,3730.000,7730.000,4,48,0,0,0.1667
STEAM_ENGINE_1,4.500,4,2,0,0,0,95.000,95.000,95.000,4,48,0,0,0.1667
STEAM_ENGINE_2,4.500,5,3,0,0,0,95.000,95.000,95.000,4,48,0,0,1
STEAM_ENGINE_3,4.500,5,2,0,0,0,738.000,738.000,738.000,4,48,0,0,1
STEAM_STEAM_2,10.000,6,4,0,0,0,348.000,348.000,348.000,4,48,0,0,1
STEAM_STEAM_3,13.000,9,6,0,0,0,3610.000,3610.000,4410.000,4,48,0,0,24
STP_STP_G1_J01,568.359,19,38,0,0,1,0,0,0,0,0,0,0,0
STP_STP_G1_J03,511.830,25,49,0,0,1,0,0,0,0,0,0,0,0
STP_STP_G1_J04,216.810,30,60,0,0,1,0,0,0,0,0,0,0,0
STP_STP_G2_J01,581.922,20,39,0,0,1,0,0,0,0,0,0,0,0
STP_STP_G2_J03,515.790,25,50,0,0,1,0,0,0,0,0,0,0,0
STP_STP_G2_J04,216.810,24,48,0,0,1,0,0,0,0,0,0,0,0
TC_GTG2,18.000,1,1,0,0,0,200.250,200.250,200.250,2,3,0.25,1,1
TC_TCHP1,1.080,1,1,0,0,0,12.015,12.015,12.015,2,3,0.25,1,1
TGS_GT01,62.000,1,1,0,0,0,3619.410,3619.410,3619.410,2,3,0.1667,0.1667,0.1667
THW_GT61,85.000,3,3,0,0,0,907.800,907.800,907.800,2,3,0.25,1,1
THW_GT62,85.000,2,2,0,0,0,907.800,907.800,907.800,2,3,0.25,1,1
THW_THWGT51,50.000,3,3,0,0,0,289.250,289.250,289.250,2,3,0.25,3,12
THW_THWGT52,49.000,1,1,0,0,0,262.550,262.550,262.550,2,3,0.25,1,1
THW_THWGT53,50.000,1,1,0,0,0,258.100,258.100,258.100,2,3,0.1667,0.1667,0.1667
THW_THWGT54,49.000,1,1,0,0,0,258.100,258.100,258.100,2,3,0.1667,0.1667,0.1667
THW_THWGT55,51.000,1,1,0,0,0,271.450,271.450,271.450,2,3,0.1667,0.1667,0.1667
THW_THWGT56,50.000,1,1,0,0,0,267.000,267.000,267.000,2,3,0.25,1,1
THW_THWGT_1,5.000,1,1,0,0,0,48.950,48.950,48.950,2,3,0.1667,0.1667,0.1667
TIMPP_AGR1,4.000,5,2,0,0,0,547.480,547.480,547.480,4,48,0,0,1
TIMPP_AGR2,6.000,4,2,0,0,0,823.230,823.230,823.230,4,48,0,0,1
TIMPP_AGR3,4.000,6,3,0,0,0,547.480,547.480,547.480,4,48,0,0,24
TIMPP_AGR4,6.000,6,3,0,0,0,823.230,823.230,823.230,4,48,0,0,1
TIMPP_AGR5,4.000,5,2,0,0,0,547.480,547.480,547.480,4,48,0,0,1
TIMPP_AGR6,6.000,6,3,0,0,0,821.230,821.230,821.230,4,48,0,0,1
TIMPP_AGR7,4.000,5,3,0,0,0,547.480,547.480,547.480,4,48,0,0,1
TIMPP_AGR8,6.000,6,3,0,0,0,821.230,821.230,821.230,4,48,0,0,24
TNP_ONE_TNP_O_1,80.000,8,8,0,0,0,6122.500,6122.500,6122.500,12,40,0.1667,0.1667,0.1667
TNP_ONE_TNP_O_2,80.000,7,7,0,0,0,6122.500,6122.500,6122.500,12,40,0.1667,0.1667,0.1667
TOPAZ_UNIT1,39.600,1,1,0,0,0,810.750,810.750,810.750,2,3,0.25,1,1
TOPAZ_UNIT10,38.600,1,1,0,0,0,807.250,807.250,807.250,2,3,0.1667,0.1667,0.1667
TOPAZ_UNIT2,39.600,1,1,0,0,0,810.750,810.750,810.750,2,3,0.1667,0.1667,0.1667
TOPAZ_UNIT3,40.600,1,1,0,0,0,814.250,814.250,814.250,2,3,0.1667,0.1667,0.1667
TOPAZ_UNIT4,39.600,1,1,0,0,0,810.750,810.750,810.750,2,3,0.25,1,1
TOPAZ_UNIT5,41.200,3,3,0,0,0,817.750,817.750,817.750,2,3,0.25,3,12
TOPAZ_UNIT6,41.600,1,1,0,0,0,817.750,817.750,817.750,2,3,0.25,1,1
TOPAZ_UNIT7,38.600,1,1,0,0,0,807.250,807.250,807.250,2,3,0.25,1,1
TOPAZ_UNIT8,42.100,1,1,0,0,0,819.500,819.500,819.500,2,3,0.1667,0.1667,0.1667
TOPAZ_UNIT9,38.600,1,1,0,0,0,191.795,191.795,191.795,2,3,0.25,1,1
TRSES_UNIT6,50.000,6,4,0,0,0,6844.000,6844.000,6844.000,4,48,0,0,0.1667
V2_DGR1,2.000,1,1,0,0,0,123.710,123.710,123.710,2,3,0.25,1,1
V2_DGR2,2.000,1,1,0,0,0,105.910,105.910,105.910,2,3,0.1667,0.1667,0.1667
V2_DGR3,2.000,1,1,0,0,0,126.825,126.825,126.825,2,3,0.25,1,1
V4_DGR1,2.000,1,1,0,0,0,56.960,56.960,56.960,2,3,0.25,1,1
VICTPORT_CTG01,35.000,1,1,0,0,0,535.000,535.000,535.000,2,3,0.25,1,1
VICTPORT_CTG02,35.000,3,3,0,0,0,538.500,538.500,538.500,2,3,0.25,3,12
VICTPRT2_UNIT1,32.000,1,1,0,0,0,2496.960,2496.960,2496.960,2,3,0.25,1,1
VICTPRT2_UNIT2,32.000,1,1,0,0,0,2496.960,2496.960,2496.960,2,3,0.1667,0.1667,0.1667
WAP_WAPGT_1,4.000,1,1,0,0,0,57.850,57.850,57.850,2,3,0.1667,0.1667,0.1667
WAP_WAP_G1,28.000,8,5,0,0,0,4901.000,4901.000,4901.000,4,48,0,0,1
WAP_WAP_G2,28.000,7,5,0,0,0,4901.000,4901.000,4901.000,4,48,0,0,1
WAP_WAP_G3,54.000,5,4,0,0,0,7134.000,7134.000,7134.000,4,48,0,0,0.1667
WAP_WAP_G4,94.000,7,4,0,0,0,14703.000,14703.000,14703.000,4,48,1,1,1
WAP_WAP_G5,159.000,10,10,0,0,0,26228.000,26228.000,26228.000,12,40,1,1,1
WAP_WAP_G6,159.000,6,6,0,0,0,25872.500,25872.500,25872.500,12,40,0.1667,0.1667,0.1667
WAP_WAP_G7,226.000,8,8,0,0,0,22633.500,22633.500,22633.500,12,40,0.1667,0.1667,0.1667
WAP_WAP_G8,226.000,9,9,0,0,0,24095.000,24095.000,24095.000,12,40,1,1,1
WIPOPA_WPP_G1,13.000,1,1,0,0,0,186.900,186.900,186.900,2,3,0.25,1,1
WIPOPA_WPP_G2,13.000,3,3,0,0,0,195.800,195.800,195.800,2,3,0.25,3,24
WIPOPA_WPP_G3,13.000,1,1,0,0,0,195.800,195.800,195.800,2,3,0.1667,0.1667,0.1667
WIPOPA_WPP_G4,13.000,1,1,0,0,0,195.800,195.800,195.800,2,3,0.25,1,1
X1_DGR1,2.000,3,3,0,0,0,76.985,76.985,76.985,2,3,0.25,3,24
Z0_DGR1,2.000,1,1,0,0,0,41.830,41.830,41.830,2,3,0.25,1,1
Z0_DGR2,2.000,1,1,0,0,0,128.605,128.605,128.605,2,3,0.25,1,1
Z5_DGR1,2.000,1,1,0,0,0,130.830,130.830,130.830,2,3,0.1667,0.1667,0.1667
