Cycle,Reservoir,TimeWindow,MaxRecharge,MaxDischarge,MaxCycles,UseElliptic,UseWrapper,PriorCycle,UseSoftTarget,UseBidModel,CostFactor,CostAdder,StorageCost,Deconflict,AdjustInitial,AdjustCycle,UpdateTarget,ApplyCaution
SCEsr,N288_1,,,,,,,,,,,,0.02,,,,,
SCEsr,N290_PA,,,,,,,,,,,,0.02,,,,,
SCEsr,N297_2,,,,,,,,,,,,0.02,,,,,
SCEsr,N299_PB,,,,,,,,,,,,0.02,,,,,
SCEsr,N302_2,,,,,,,,,,,,0.02,,,,,
SCEsr,N304_PB,,,,,,,,,,,,0.02,,,,,
SCEsr,N373_1,,,,,,,,,,,,0.02,,,,,
SCEsr,N374_PA,,,,,,,,,,,,0.02,,,,,
SCEsr,N380_1,,,,,,,,,,,,0.02,,,,,
SCEsr,N381_PA,,,,,,,,,,,,0.02,,,,,
SCEsr,N382_1,,,,,,,,,,,,0.02,,,,,
SCEsr,N383_PA,,,,,,,,,,,,0.02,,,,,
SCEsr,N393_1,,,,,,,,,,,,0.02,,,,,
SCEsr,N394_PA,,,,,,,,,,,,0.02,,,,,
SCEsr,N396_2,,,,,,,,,,,,0.02,,,,,
SCEsr,N398_PB,,,,,,,,,,,,0.02,,,,,
SCEsr,N401_2,,,,,,,,,,,,0.02,,,,,
SCEsr,N403_PB,,,,,,,,,,,,0.02,,,,,
SCEsr,N120524_1,,,,,,,,,,,,0.02,,,,,
SCEsr,N190187_1,,,,,,,,,,,,0.02,,,,,
SCEsr,N220191_1,,,,,,,,,,,,0.02,,,,,
SCEsr,N220225_1,,,,,,,,,,,,0.02,,,,,
SCEsr,N240278_1,,,,,,,,,,,,0.02,,,,,
SCEsr,N240280_1,,,,,,,,,,,,0.02,,,,,
WA,N288_1,,,,,,,SCEsr,1,,,,0.02,,,,,
WA,N290_PA,,,,,,,SCEsr,1,,,,0.02,,,,,
WA,N297_2,,,,,,,SCEsr,1,,,,0.02,,,,,
WA,N299_PB,,,,,,,SCEsr,1,,,,0.02,,,,,
WA,N302_2,,,,,,,SCEsr,1,,,,0.02,,,,,
WA,N304_PB,,,,,,,SCEsr,1,,,,0.02,,,,,
WA,N373_1,,,,,,,SCEsr,1,,,,0.02,,,,,
WA,N374_PA,,,,,,,SCEsr,1,,,,0.02,,,,,
WA,N380_1,,,,,,,SCEsr,1,,,,0.02,,,,,
WA,N381_PA,,,,,,,SCEsr,1,,,,0.02,,,,,
WA,N382_1,,,,,,,SCEsr,1,,,,0.02,,,,,
WA,N383_PA,,,,,,,SCEsr,1,,,,0.02,,,,,
WA,N393_1,,,,,,,SCEsr,1,,,,0.02,,,,,
WA,N394_PA,,,,,,,SCEsr,1,,,,0.02,,,,,
WA,N396_2,,,,,,,SCEsr,1,,,,0.02,,,,,
WA,N398_PB,,,,,,,SCEsr,1,,,,0.02,,,,,
WA,N401_2,,,,,,,SCEsr,1,,,,0.02,,,,,
WA,N403_PB,,,,,,,SCEsr,1,,,,0.02,,,,,
WA,N120524_1,,,,,,,SCEsr,1,,,,0.02,,,,,
WA,N190187_1,,,,,,,SCEsr,1,,,,0.02,,,,,
WA,N220191_1,,,,,,,SCEsr,1,,,,0.02,,,,,
WA,N220225_1,,,,,,,SCEsr,1,,,,0.02,,,,,
WA,N240278_1,,,,,,,SCEsr,1,,,,0.02,,,,,
WA,N240280_1,,,,,,,SCEsr,1,,,,0.02,,,,,
DA,N288_1,,,,,,,SCEsr,1,,,,0.02,,,,,
DA,N290_PA,,,,,,,SCEsr,1,,,,0.02,,,,,
DA,N297_2,,,,,,,SCEsr,1,,,,0.02,,,,,
DA,N299_PB,,,,,,,SCEsr,1,,,,0.02,,,,,
DA,N302_2,,,,,,,SCEsr,1,,,,0.02,,,,,
DA,N304_PB,,,,,,,SCEsr,1,,,,0.02,,,,,
DA,N373_1,,,,,,,SCEsr,1,,,,0.02,,,,,
DA,N374_PA,,,,,,,SCEsr,1,,,,0.02,,,,,
DA,N380_1,,,,,,,SCEsr,1,,,,0.02,,,,,
DA,N381_PA,,,,,,,SCEsr,1,,,,0.02,,,,,
DA,N382_1,,,,,,,SCEsr,1,,,,0.02,,,,,
DA,N383_PA,,,,,,,SCEsr,1,,,,0.02,,,,,
DA,N393_1,,,,,,,SCEsr,1,,,,0.02,,,,,
DA,N394_PA,,,,,,,SCEsr,1,,,,0.02,,,,,
DA,N396_2,,,,,,,SCEsr,1,,,,0.02,,,,,
DA,N398_PB,,,,,,,SCEsr,1,,,,0.02,,,,,
DA,N401_2,,,,,,,SCEsr,1,,,,0.02,,,,,
DA,N403_PB,,,,,,,SCEsr,1,,,,0.02,,,,,
DA,N120524_1,,,,,,,SCEsr,1,,,,0.02,,,,,
DA,N190187_1,,,,,,,SCEsr,1,,,,0.02,,,,,
DA,N220191_1,,,,,,,SCEsr,1,,,,0.02,,,,,
DA,N220225_1,,,,,,,SCEsr,1,,,,0.02,,,,,
DA,N240278_1,,,,,,,SCEsr,1,,,,0.02,,,,,
DA,N240280_1,,,,,,,SCEsr,1,,,,0.02,,,,,
RT,N288_1,,,,,,,DA,1,,,,0.02,,,,,
RT,N290_PA,,,,,,,DA,1,,,,0.02,,,,,
RT,N297_2,,,,,,,DA,1,,,,0.02,,,,,
RT,N299_PB,,,,,,,DA,1,,,,0.02,,,,,
RT,N302_2,,,,,,,DA,1,,,,0.02,,,,,
RT,N304_PB,,,,,,,DA,1,,,,0.02,,,,,
RT,N373_1,,,,,,,DA,1,,,,0.02,,,,,
RT,N374_PA,,,,,,,DA,1,,,,0.02,,,,,
RT,N380_1,,,,,,,DA,1,,,,0.02,,,,,
RT,N381_PA,,,,,,,DA,1,,,,0.02,,,,,
RT,N382_1,,,,,,,DA,1,,,,0.02,,,,,
RT,N383_PA,,,,,,,DA,1,,,,0.02,,,,,
RT,N393_1,,,,,,,DA,1,,,,0.02,,,,,
RT,N394_PA,,,,,,,DA,1,,,,0.02,,,,,
RT,N396_2,,,,,,,DA,1,,,,0.02,,,,,
RT,N398_PB,,,,,,,DA,1,,,,0.02,,,,,
RT,N401_2,,,,,,,DA,1,,,,0.02,,,,,
RT,N403_PB,,,,,,,DA,1,,,,0.02,,,,,
RT,N120524_1,,,,,,,DA,1,,,,0.02,,,,,
RT,N190187_1,,,,,,,DA,1,,,,0.02,,,,,
RT,N220191_1,,,,,,,DA,1,,,,0.02,,,,,
RT,N220225_1,,,,,,,DA,1,,,,0.02,,,,,
RT,N240278_1,,,,,,,DA,1,,,,0.02,,,,,
RT,N240280_1,,,,,,,DA,1,,,,0.02,,,,,
