CostCurve,Point,X,Y
BOSQUESW_CC1,1,172.000,16.850
BOSQUESW_CC1,2,237.000,18.600
BOSQUESW_CC2,1,310.000,18.770
BOSQUESW_CC2,2,480.000,27.550
BOSQUESW_CC2,3,525.000,30.550
BRAUNIG_CC1,1,280.000,0.100
BRAUNIG_CC1,2,300.000,4.560
BRAUNIG_CC1,3,350.000,4.760
BRAUNIG_CC1,4,370.000,4.870
BRAUNIG_CC1,5,390.000,5.000
BRAUNIG_CC1,6,410.000,5.130
BRAUNIG_CC1,7,430.000,5.290
BRAUNIG_CC1,8,450.000,5.460
BRAUNIG_CC1,9,560.000,6.410
BTE_CC1,1,299.000,18.260
BTE_CC1,2,467.000,23.890
BTE_CC1,3,532.000,74.300
BTE_CC1,4,569.000,74.300
BVE_CC1,1,392.000,15.040
BVE_CC1,2,499.000,19.160
BVE_CC1,3,512.000,23.360
BVE_CC1,4,589.000,23.360
B_DAVIS_CC1,1,220.000,0.100
B_DAVIS_CC1,2,300.000,17.670
B_DAVIS_CC1,3,350.000,17.940
B_DAVIS_CC1,4,454.000,18.490
B_DAVIS_CC1,5,455.000,75.440
B_DAVIS_CC1,6,520.000,76.390
B_DAVIS_CC1,7,584.000,76.660
B_DAVIS_CC1,8,585.000,76.940
B_DAVIS_CC1,9,650.000,77.070
CAL_CC1,1,94.000,21.590
CAL_CC1,2,158.000,36.460
CAL_CC1,3,159.000,36.460
CAL_CC1,4,160.000,82.740
CAL_CC1,5,161.000,82.740
CBECII_CC3,1,379.000,14.040
CBECII_CC3,2,380.000,14.060
CBECII_CC3,3,439.000,14.400
CBECII_CC3,4,498.000,14.760
CBECII_CC3,5,557.000,14.960
CBECII_CC3,6,917.300,15.570
CBECII_CC3,7,918.300,41.610
CBECII_CC3,8,1034.300,41.640
CBECII_CC3,9,1034.400,99.990
CBECII_CC3,10,1084.300,100.000
CBEC_CC1,1,155.000,22.850
CBEC_CC1,2,197.000,44.990
CBEC_CC1,3,222.000,493.930
CBEC_CC1,4,231.000,493.930
CBEC_CC2,1,160.000,22.330
CBEC_CC2,2,205.000,43.510
CBEC_CC2,3,229.000,493.930
CBEC_CC2,4,238.000,493.930
CBY4_CC1,1,360.000,19.840
CBY4_CC1,2,369.000,21.560
CBY4_CC1,3,393.000,21.700
CBY4_CC1,4,418.000,21.850
CBY4_CC1,5,442.000,22.010
CBY4_CC1,6,450.000,22.180
CBY4_CC1,7,452.000,22.360
CBY4_CC1,8,455.000,22.550
CBY4_CC1,9,460.000,23.300
CCEC_CC1,1,167.000,16.330
CCEC_CC1,2,324.000,28.850
CCEC_CC1,3,403.000,35.290
CCEC_CC1,4,404.000,110.150
CCEC_CC1,5,434.000,110.150
CHE_CC1,1,464.000,13.690
CHE_CC1,2,686.000,23.690
CHE_CC1,3,722.000,35.540
CHE_CC1,4,723.000,35.540
CHE_CC1,5,724.000,75.730
CHE_CC1,6,742.000,75.730
DDPEC_CC1,1,601.000,15.510
DDPEC_CC1,2,938.000,26.430
DDPEC_CC1,3,1083.000,74.690
DDPEC_CC1,4,1163.000,74.690
DUKE_CC1,1,315.000,15.250
DUKE_CC1,2,483.000,18.170
FERGCC_CC1,1,0.000,13.850
FERGCC_CC1,2,20.000,14.060
FERGCC_CC1,3,43.000,14.310
FERGCC_CC1,4,66.000,14.560
FERGCC_CC1,5,89.000,14.810
FERGCC_CC1,6,112.000,15.060
FERGCC_CC1,7,135.000,15.300
FERGCC_CC1,8,146.000,15.420
FERGCC_CC1,9,152.000,15.490
FERGCC_CC1,10,178.000,15.770
FREC_CC1,1,370.000,16.630
FREC_CC1,2,488.000,18.130
FREC_CC2,1,370.000,16.560
FREC_CC2,2,487.000,18.060
FRNYPP_CC1,1,398.000,15.820
FRNYPP_CC1,2,444.900,15.870
FRNYPP_CC1,3,491.700,15.920
FRNYPP_CC1,4,538.600,15.970
FRNYPP_CC1,5,585.400,16.020
FRNYPP_CC1,6,632.300,16.080
FRNYPP_CC1,7,679.100,16.130
FRNYPP_CC1,8,729.000,16.180
FRNYPP_CC1,9,730.000,23.020
FRNYPP_CC1,10,870.000,23.020
FRNYPP_CC2,1,398.000,14.820
FRNYPP_CC2,2,445.000,14.980
FRNYPP_CC2,3,492.000,15.150
FRNYPP_CC2,4,539.000,15.320
FRNYPP_CC2,5,586.000,15.490
FRNYPP_CC2,6,633.000,15.660
FRNYPP_CC2,7,680.000,15.820
FRNYPP_CC2,8,729.000,15.990
FRNYPP_CC2,9,730.000,22.150
FRNYPP_CC2,10,870.000,22.150
FTR_CC1,1,295.000,14.460
FTR_CC1,2,340.000,17.850
FTR_CC1,3,385.000,26.670
GUADG_CC1,1,355.000,16.170
GUADG_CC1,2,462.000,24.580
GUADG_CC1,3,492.000,24.780
GUADG_CC2,1,356.000,16.820
GUADG_CC2,2,461.000,23.800
GUADG_CC2,3,492.000,24.000
INGLCOSW_CC1,1,0.000,0.010
INGLCOSW_CC1,2,0.100,18.700
INGLCOSW_CC1,3,12.000,20.250
INGLCOSW_CC1,4,24.000,21.360
INGLCOSW_CC1,5,36.000,21.580
INGLCOSW_CC1,6,48.000,22.070
INGLCOSW_CC1,7,60.000,23.760
INGLCOSW_CC1,8,72.000,27.000
INGLCOSW_CC1,9,84.000,31.510
INGLCOSW_CC1,10,96.300,33.440
KMCHI_CC1,1,235.000,19.260
KMCHI_CC1,2,342.200,20.910
KMCHI_CC1,3,449.400,29.750
KMCHI_CC2,1,235.000,19.260
KMCHI_CC2,2,343.800,20.910
KMCHI_CC2,3,452.600,29.750
LGE_CC1,1,190.000,37.660
LGE_CC1,2,240.000,37.680
LOSTPI_CC1,1,330.000,17.920
LOSTPI_CC1,2,385.000,18.340
LOSTPI_CC1,3,391.000,18.390
LOSTPI_CC1,4,397.000,18.430
LOSTPI_CC1,5,422.000,18.620
LOSTPI_CC1,6,448.000,18.820
LOSTPI_CC1,7,473.000,19.010
LOSTPI_CC1,8,480.000,19.060
LOSTPI_CC1,9,482.000,19.080
LOSTPI_CC1,10,560.000,19.670
LPCCS_CC1,1,280.000,16.750
LPCCS_CC1,2,311.300,17.050
LPCCS_CC1,3,342.600,17.350
LPCCS_CC1,4,373.900,17.650
LPCCS_CC1,5,405.100,17.950
LPCCS_CC1,6,436.400,18.250
LPCCS_CC1,7,467.700,18.550
LPCCS_CC1,8,511.000,18.850
LPCCS_CC1,9,512.000,26.560
LPCCS_CC1,10,588.000,26.560
LPCCS_CC2,1,280.000,13.590
LPCCS_CC2,2,313.700,13.940
LPCCS_CC2,3,347.400,14.290
LPCCS_CC2,4,381.100,14.640
LPCCS_CC2,5,414.900,14.990
LPCCS_CC2,6,448.600,15.340
LPCCS_CC2,7,482.300,15.690
LPCCS_CC2,8,546.000,16.040
LPCCS_CC2,9,547.000,22.160
LPCCS_CC2,10,588.000,22.160
NEDIN_CC1,1,434.000,19.630
NEDIN_CC1,2,588.000,25.640
NEDIN_CC1,3,594.000,240.400
NEDIN_CC1,4,608.000,240.400
NUECES_B_CC1,1,220.000,0.100
NUECES_B_CC1,2,300.000,17.720
NUECES_B_CC1,3,350.000,17.990
NUECES_B_CC1,4,459.000,19.510
NUECES_B_CC1,5,460.000,75.530
NUECES_B_CC1,6,520.000,76.370
NUECES_B_CC1,7,584.000,76.710
NUECES_B_CC1,8,585.000,76.990
NUECES_B_CC1,9,650.000,77.120
OECCS_CC1,1,230.000,-3.500
OECCS_CC1,2,276.700,-3.490
OECCS_CC1,3,323.400,-3.480
OECCS_CC1,4,370.100,-3.470
OECCS_CC1,5,416.900,-3.460
OECCS_CC1,6,463.600,-3.450
OECCS_CC1,7,510.300,-3.440
OECCS_CC1,8,532.000,-3.430
OECCS_CC1,9,533.000,-3.420
OECCS_CC1,10,640.000,-3.410
OECCS_CC2,1,50.000,-3.500
OECCS_CC2,2,130.000,-3.490
OECCS_CC2,3,150.000,-3.480
OECCS_CC2,4,200.000,-3.470
OECCS_CC2,5,250.000,-3.460
OECCS_CC2,6,300.000,-3.450
OECCS_CC2,7,325.000,-3.440
OECCS_CC2,8,326.000,-3.430
OECCS_CC2,9,327.000,-3.420
OECCS_CC2,10,450.000,-3.410
PSG_CC1,1,342.000,18.020
PSG_CC1,2,487.000,80.060
PSG_CC1,3,497.000,80.060
QALSW_CC1,1,171.000,18.570
QALSW_CC1,2,197.000,20.070
QALSW_CC2,1,169.000,18.950
QALSW_CC2,2,194.000,20.450
RAYBURN_CC1,1,70.000,25.000
RAYBURN_CC1,2,160.000,27.000
RIONOG_CC1,1,435.000,0.100
RIONOG_CC1,2,525.000,6.030
RIONOG_CC1,3,575.000,6.130
RIONOG_CC1,4,625.000,6.240
RIONOG_CC1,5,675.000,6.300
RIONOG_CC1,6,725.000,6.330
RIONOG_CC1,7,785.000,6.350
RIONOG_CC1,8,845.000,6.380
RIONOG_CC1,9,920.000,6.400
TGCCS_CC1,1,379.900,16.110
TGCCS_CC1,2,463.600,19.130
TGCCS_CC1,3,547.200,27.340
TXCTY_CC1,1,193.000,24.290
TXCTY_CC1,2,246.000,30.440
TXCTY_CC1,3,260.000,99.980
TXCTY_CC1,4,265.000,99.980
WCPP_CC1,1,270.000,15.150
WCPP_CC1,2,345.700,15.160
WCPP_CC1,3,497.100,15.160
WCPP_CC1,4,572.900,15.170
WCPP_CC1,5,648.600,15.170
WCPP_CC1,6,724.300,15.180
WCPP_CC1,7,800.000,15.190
WCPP_CC1,8,801.000,29.080
WCPP_CC1,9,840.000,29.090
WHCCS2_CC2,1,379.000,14.100
WHCCS2_CC2,2,907.000,15.250
WHCCS2_CC2,3,908.000,40.300
WHCCS2_CC2,4,1036.000,40.310
WHCCS2_CC2,5,1037.000,99.900
WHCCS2_CC2,6,1075.000,100.000
WHCCS_CC1,1,300.000,27.400
WHCCS_CC1,2,635.000,78.750
WHCCS_CC1,3,694.000,499.970
WHCCS_CC1,4,709.000,499.970
AEEC_ANTLP_1,1,30.000,31.560
AEEC_ANTLP_1,2,32.700,31.890
AEEC_ANTLP_1,3,35.300,32.230
AEEC_ANTLP_1,4,38.000,32.570
AEEC_ANTLP_1,5,40.700,32.910
AEEC_ANTLP_1,6,43.400,33.240
AEEC_ANTLP_1,7,46.000,33.590
AEEC_ANTLP_1,8,48.700,33.930
AEEC_ANTLP_1,9,51.400,34.260
AEEC_ANTLP_1,10,54.000,34.600
AEEC_ANTLP_2,1,30.000,30.540
AEEC_ANTLP_2,2,32.700,30.860
AEEC_ANTLP_2,3,35.300,31.190
AEEC_ANTLP_2,4,38.000,31.520
AEEC_ANTLP_2,5,40.700,31.850
AEEC_ANTLP_2,6,43.400,32.170
AEEC_ANTLP_2,7,46.000,32.510
AEEC_ANTLP_2,8,48.700,32.830
AEEC_ANTLP_2,9,51.400,33.160
AEEC_ANTLP_2,10,54.000,33.480
AEEC_ANTLP_3,1,30.000,29.270
AEEC_ANTLP_3,2,32.700,29.580
AEEC_ANTLP_3,3,35.300,29.890
AEEC_ANTLP_3,4,38.000,30.210
AEEC_ANTLP_3,5,40.700,30.520
AEEC_ANTLP_3,6,43.400,30.830
AEEC_ANTLP_3,7,46.000,31.150
AEEC_ANTLP_3,8,48.700,31.460
AEEC_ANTLP_3,9,51.400,31.770
AEEC_ANTLP_3,10,54.000,32.080
AEEC_ELK_1,1,95.000,19.580
AEEC_ELK_1,2,105.000,20.100
AEEC_ELK_1,3,115.100,20.630
AEEC_ELK_1,4,125.100,21.170
AEEC_ELK_1,5,135.100,21.690
AEEC_ELK_1,6,145.200,22.220
AEEC_ELK_1,7,155.200,22.750
AEEC_ELK_1,8,165.200,23.270
AEEC_ELK_1,9,175.200,23.810
AEEC_ELK_1,10,185.300,24.340
AEEC_ELK_3,1,85.000,24.320
AEEC_ELK_3,2,96.100,25.090
AEEC_ELK_3,3,107.200,25.860
AEEC_ELK_3,4,118.300,26.630
AEEC_ELK_3,5,129.400,27.400
AEEC_ELK_3,6,140.600,28.180
AEEC_ELK_3,7,151.700,28.950
AEEC_ELK_3,8,162.800,29.730
AEEC_ELK_3,9,173.900,30.500
AEEC_ELK_3,10,185.000,31.270
ANDMDSLR_UNIT1,1,0.000,6.000
ANDMDSLR_UNIT1,2,64.300,6.010
ANDMDSLR_UNIT1,3,64.400,10.000
ANDMDSLR_UNIT1,4,90.000,10.010
ANDMDSLR_UNIT1,5,90.100,15.000
ANDMDSLR_UNIT1,6,109.300,15.010
ANDMDSLR_UNIT2,1,0.000,5.000
ANDMDSLR_UNIT2,2,41.800,5.010
ANDMDSLR_UNIT2,3,41.900,8.000
ANDMDSLR_UNIT2,4,58.500,8.010
ANDMDSLR_UNIT2,5,58.600,13.000
ANDMDSLR_UNIT2,6,71.100,13.010
ATKINS_ATKINSG7,1,0.000,1499.000
ATKINS_ATKINSG7,2,1.000,1500.000
AUSTPL_AUSTING2,1,0.000,5000.000
AUSTPL_AUSTING2,2,9.000,5000.000
BAC_CTG1,1,45.000,76.500
BAC_CTG1,2,85.000,76.510
BAC_CTG2,1,45.000,76.500
BAC_CTG2,2,85.000,76.510
BAC_CTG3,1,45.000,66.810
BAC_CTG3,2,85.000,66.820
BAC_CTG4,1,45.000,76.760
BAC_CTG4,2,85.000,76.770
BAC_CTG5,1,45.000,76.760
BAC_CTG5,2,85.000,76.770
BCATWIND_WIND_1,1,31.600,12.100
BCATWIND_WIND_1,2,45.200,20.010
BCH_UNIT1,1,35.000,32.650
BCH_UNIT1,2,51.000,32.660
BCH_UNIT2,1,35.000,32.650
BCH_UNIT2,2,51.000,32.660
BCH_UNIT3,1,35.000,32.650
BCH_UNIT3,2,51.000,32.660
BCH_UNIT4,1,35.000,32.650
BCH_UNIT4,2,51.000,32.660
BCH_UNIT5,1,35.000,32.650
BCH_UNIT5,2,51.000,32.660
BCH_UNIT6,1,35.000,32.650
BCH_UNIT6,2,51.000,32.660
BCH_UNIT7,1,35.000,52.650
BCH_UNIT7,2,51.000,52.660
BCH_UNIT8,1,35.000,32.650
BCH_UNIT8,2,51.000,32.660
BRAUNIG_VHB6CT5,1,15.000,10.380
BRAUNIG_VHB6CT5,2,20.000,10.460
BRAUNIG_VHB6CT5,3,24.000,10.520
BRAUNIG_VHB6CT5,4,28.000,10.570
BRAUNIG_VHB6CT5,5,32.000,10.630
BRAUNIG_VHB6CT5,6,36.000,10.690
BRAUNIG_VHB6CT5,7,40.000,10.740
BRAUNIG_VHB6CT5,8,46.000,10.820
BRAUNIG_VHB6CT5,9,52.000,10.890
BRAUNIG_VHB6CT6,1,15.000,10.230
BRAUNIG_VHB6CT6,2,20.000,10.350
BRAUNIG_VHB6CT6,3,24.000,10.440
BRAUNIG_VHB6CT6,4,28.000,10.520
BRAUNIG_VHB6CT6,5,32.000,10.590
BRAUNIG_VHB6CT6,6,36.000,10.650
BRAUNIG_VHB6CT6,7,40.000,10.700
BRAUNIG_VHB6CT6,8,46.000,10.760
BRAUNIG_VHB6CT6,9,52.000,10.790
BRAUNIG_VHB6CT8,1,15.000,10.150
BRAUNIG_VHB6CT8,2,20.000,10.300
BRAUNIG_VHB6CT8,3,24.000,10.410
BRAUNIG_VHB6CT8,4,28.000,10.500
BRAUNIG_VHB6CT8,5,32.000,10.580
BRAUNIG_VHB6CT8,6,36.000,10.640
BRAUNIG_VHB6CT8,7,40.000,10.690
BRAUNIG_VHB6CT8,8,46.000,10.740
BRAUNIG_VHB6CT8,9,52.000,10.750
BTM_UNIT2,1,40.000,35.200
BTM_UNIT2,2,51.000,35.210
BTM_UNIT3,1,40.000,35.200
BTM_UNIT3,2,51.000,35.210
BTM_UNIT4,1,40.000,35.200
BTM_UNIT4,2,51.000,35.210
BTM_UNIT5,1,40.000,35.200
BTM_UNIT5,2,51.000,35.210
BTM_UNIT6,1,40.000,35.200
BTM_UNIT6,2,51.000,35.210
BTM_UNIT7,1,40.000,35.200
BTM_UNIT7,2,51.000,35.210
BTM_UNIT8,1,43.900,36.180
BTM_UNIT8,2,51.000,36.190
BUCHAN_BUCHANG2,1,0.000,4999.560
BUCHAN_BUCHANG2,2,20.000,4999.560
BUCHAN_BUCHANG3,1,0.000,4999.560
BUCHAN_BUCHANG3,2,20.000,4999.560
CALAVERS_JKS1,1,125.000,0.100
CALAVERS_JKS1,2,135.000,15.060
CALAVERS_JKS1,3,175.000,15.380
CALAVERS_JKS1,4,205.000,15.620
CALAVERS_JKS1,5,275.000,16.170
CALAVERS_JKS1,6,305.000,16.410
CALAVERS_JKS1,7,375.000,16.970
CALAVERS_JKS1,8,405.000,17.210
CALAVERS_JKS1,9,565.000,18.480
CALAVERS_OWS1,1,60.000,0.100
CALAVERS_OWS1,2,70.000,8.410
CALAVERS_OWS1,3,150.000,8.600
CALAVERS_OWS1,4,200.000,8.720
CALAVERS_OWS1,5,250.000,8.830
CALAVERS_OWS1,6,300.000,8.940
CALAVERS_OWS1,7,350.000,9.050
CALAVERS_OWS1,8,400.000,9.150
CALAVERS_OWS1,9,430.000,9.210
CEDROHIL_CHW1,1,0.000,-45.500
CEDROHIL_CHW1,2,42.000,-43.500
CEDROHIL_CHW1,3,80.000,-42.500
CEDROHIL_CHW2,1,0.000,-45.500
CEDROHIL_CHW2,2,42.000,-43.500
CEDROHIL_CHW2,3,80.000,-42.500
CEDRVALE_UNIT1,1,3.500,12.340
CEDRVALE_UNIT1,2,5.000,12.350
CFLATS_U1,1,80.200,-8.500
COLETO_COLETOG1,1,0.000,26.910
COLETO_COLETOG1,2,175.000,26.910
COYOTE_W_UNIT1,1,19.800,12.100
COYOTE_W_UNIT1,2,28.200,20.010
COYOTE_W_UNIT3,1,19.800,12.100
COYOTE_W_UNIT3,2,28.200,20.010
DANSBY_DANSBYG1,1,0.000,1499.000
DANSBY_DANSBYG1,2,1.000,1500.000
DANSBY_DANSBYG2,1,0.000,1499.000
DANSBY_DANSBYG2,2,1.000,1500.000
DANSBY_DANSBYG3,1,0.000,1499.000
DANSBY_DANSBYG3,2,1.000,1500.000
DAN_UNIT1,1,0.000,-82.000
DAN_UNIT1,2,300.000,-81.990
DILEOSLR_UNIT1,1,0.000,11.890
DILEOSLR_UNIT1,2,2.400,11.890
ECLIPSE_UNIT1,1,0.000,-5.000
ECLIPSE_UNIT1,2,20.000,-3.000
ECLIPSE_UNIT1,3,50.000,0.000
EIFSLR_UNIT1,1,2.100,-2.000
ELB_ELBCREEK,1,0.000,-23.100
ELB_ELBCREEK,2,5.000,-21.930
ELB_ELBCREEK,3,13.000,-16.370
ELB_ELBCREEK,4,28.000,-8.400
ELB_ELBCREEK,5,42.000,-4.830
FPPYD1_FPP_G1_J01,1,0.000,16.250
FPPYD1_FPP_G1_J01,2,42.000,16.850
FPPYD1_FPP_G1_J01,3,52.000,16.990
FPPYD1_FPP_G1_J01,4,82.000,17.410
FPPYD1_FPP_G1_J01,5,112.000,17.840
FPPYD1_FPP_G1_J01,6,142.000,18.260
FPPYD1_FPP_G1_J01,7,172.000,18.690
FPPYD1_FPP_G1_J01,8,192.000,18.970
FPPYD1_FPP_G1_J01,9,197.000,19.040
FPPYD1_FPP_G1_J01,10,218.000,19.410
FPPYD1_FPP_G2_J01,1,0.000,15.730
FPPYD1_FPP_G2_J01,2,42.000,16.190
FPPYD1_FPP_G2_J01,3,52.000,16.300
FPPYD1_FPP_G2_J01,4,82.000,16.630
FPPYD1_FPP_G2_J01,5,112.000,16.950
FPPYD1_FPP_G2_J01,6,142.000,17.280
FPPYD1_FPP_G2_J01,7,172.000,17.610
FPPYD1_FPP_G2_J01,8,192.000,17.830
FPPYD1_FPP_G2_J01,9,202.000,17.940
FPPYD1_FPP_G2_J01,10,218.000,18.170
FPPYD2_FPP_G3,1,0.000,15.410
FPPYD2_FPP_G3,2,50.000,16.240
FPPYD2_FPP_G3,3,60.000,16.410
FPPYD2_FPP_G3,4,80.000,16.740
FPPYD2_FPP_G3,5,110.000,17.240
FPPYD2_FPP_G3,6,140.000,17.730
FPPYD2_FPP_G3,7,170.000,18.230
FPPYD2_FPP_G3,8,200.000,18.730
FPPYD2_FPP_G3,9,215.000,18.980
FPPYD2_FPP_G3,10,251.000,19.730
FRYE_SLR_UNIT1,1,0.000,-14.010
FRYE_SLR_UNIT1,2,250.000,-14.000
FRYE_SLR_UNIT2,1,0.000,-14.010
FRYE_SLR_UNIT2,2,250.000,-14.000
GIDEON_GIDEONG2,1,0.000,18.270
GIDEON_GIDEONG2,2,55.000,21.620
GIDEON_GIDEONG2,3,58.000,50.000
GIDEON_GIDEONG2,4,97.000,100.000
GIDEON_GIDEONG3,1,57.000,22.110
GIDEON_GIDEONG3,2,150.000,23.800
GIDEON_GIDEONG3,3,240.000,50.000
GIDEON_GIDEONG3,4,340.000,100.000
HAYSEN_HAYSENG1,1,120.000,16.250
HAYSEN_HAYSENG1,2,136.700,16.560
HAYSEN_HAYSENG1,3,153.300,16.850
HAYSEN_HAYSENG1,4,170.000,17.150
HAYSEN_HAYSENG1,5,186.700,17.450
HAYSEN_HAYSENG1,6,203.300,17.740
HAYSEN_HAYSENG1,7,220.000,18.040
HAYSEN_HAYSENG1,8,246.000,24.820
HAYSEN_HAYSENG1,9,254.000,34.970
HAYSEN_HAYSENG1,10,270.000,45.410
HAYSEN_HAYSENG2,1,120.000,16.490
HAYSEN_HAYSENG2,2,136.700,16.910
HAYSEN_HAYSENG2,3,153.300,17.320
HAYSEN_HAYSENG2,4,170.000,17.740
HAYSEN_HAYSENG2,5,186.700,18.160
HAYSEN_HAYSENG2,6,203.300,18.570
HAYSEN_HAYSENG2,7,220.000,18.990
HAYSEN_HAYSENG2,8,246.000,25.890
HAYSEN_HAYSENG2,9,254.000,36.160
HAYSEN_HAYSENG2,10,270.000,46.720
HAYSEN_HAYSENG3,1,120.000,16.260
HAYSEN_HAYSENG3,2,136.700,16.480
HAYSEN_HAYSENG3,3,153.300,16.700
HAYSEN_HAYSENG3,4,170.000,16.930
HAYSEN_HAYSENG3,5,186.700,17.150
HAYSEN_HAYSENG3,6,203.300,17.370
HAYSEN_HAYSENG3,7,220.000,17.590
HAYSEN_HAYSENG3,8,246.000,24.290
HAYSEN_HAYSENG3,9,254.000,34.370
HAYSEN_HAYSENG3,10,270.000,44.730
HAYSEN_HAYSENG4,1,120.000,15.710
HAYSEN_HAYSENG4,2,136.700,16.070
HAYSEN_HAYSENG4,3,153.300,16.440
HAYSEN_HAYSENG4,4,170.000,16.810
HAYSEN_HAYSENG4,5,186.700,17.180
HAYSEN_HAYSENG4,6,203.300,17.550
HAYSEN_HAYSENG4,7,220.000,17.920
HAYSEN_HAYSENG4,8,246.000,24.770
HAYSEN_HAYSENG4,9,254.000,34.990
HAYSEN_HAYSENG4,10,270.000,45.500
HELIOS_UNIT1,1,0.000,-5.000
HELIOS_UNIT1,2,50.000,-3.000
HELIOS_UNIT1,3,100.000,0.000
HICKMAN_G1_J01,1,0.000,-58.320
HICKMAN_G1_J01,2,76.300,-58.320
HICKMAN_G2_J01,1,0.000,-58.320
HICKMAN_G2_J01,2,73.800,-58.320
HLSES_UNIT3,1,100.000,36.120
HLSES_UNIT3,2,101.000,36.160
HLSES_UNIT3,3,201.000,36.280
HLSES_UNIT3,4,300.000,37.620
HLSES_UNIT3,5,301.000,37.810
HLSES_UNIT3,6,325.000,38.310
HLSES_UNIT3,7,325.100,155.140
HLSES_UNIT3,8,350.000,155.400
HLSES_UNIT3,9,350.100,590.530
HLSES_UNIT3,10,375.000,595.460
HLSES_UNIT4,1,120.000,39.590
HLSES_UNIT4,2,190.000,39.600
HLSES_UNIT4,3,191.000,40.770
HLSES_UNIT4,4,250.000,41.960
HLSES_UNIT4,5,251.000,43.250
HLSES_UNIT4,6,350.000,45.800
HLSES_UNIT4,7,350.100,48.580
HLSES_UNIT4,8,400.000,50.170
HLSES_UNIT4,9,400.100,270.710
HLSES_UNIT4,10,435.000,277.820
HLSES_UNIT5,1,120.000,39.020
HLSES_UNIT5,2,190.000,39.030
HLSES_UNIT5,3,191.000,39.720
HLSES_UNIT5,4,250.000,40.320
HLSES_UNIT5,5,251.000,40.920
HLSES_UNIT5,6,350.000,41.940
HLSES_UNIT5,7,350.100,42.960
HLSES_UNIT5,8,400.000,43.480
HLSES_UNIT5,9,400.100,251.580
HLSES_UNIT5,10,435.000,253.940
HOVEY_UNIT1,1,0.000,5.000
HOVEY_UNIT1,2,6.100,10.000
HOVEY_UNIT1,3,6.200,100.000
HRZN_SLR_UNIT1,1,0.000,0.000
HRZN_SLR_UNIT1,2,125.100,5.000
HRZN_SLR_UNIT1,3,125.200,90.000
HRZN_SLR_UNIT1,4,180.500,120.000
INKSDA_INKS_G1,1,0.000,4999.670
INKSDA_INKS_G1,2,15.000,4999.670
JADE_SLR_UNIT1,1,0.000,5.000
JADE_SLR_UNIT1,2,40.200,5.010
JADE_SLR_UNIT1,3,40.300,8.000
JADE_SLR_UNIT1,4,56.200,8.010
JADE_SLR_UNIT1,5,56.300,13.000
JADE_SLR_UNIT1,6,68.300,13.010
JADE_SLR_UNIT2,1,0.000,5.000
JADE_SLR_UNIT2,2,43.400,5.010
JADE_SLR_UNIT2,3,43.500,8.000
JADE_SLR_UNIT2,4,60.800,8.010
JADE_SLR_UNIT2,5,60.900,13.000
JADE_SLR_UNIT2,6,73.900,13.010
JAD_UNIT1,1,32.000,62.210
JAD_UNIT1,2,51.000,62.220
JAD_UNIT2,1,39.400,34.410
JAD_UNIT2,2,51.000,34.420
JAD_UNIT3,1,39.700,33.560
JAD_UNIT3,2,51.000,33.570
JAD_UNIT4,1,39.900,34.410
JAD_UNIT4,2,51.000,34.420
JAD_UNIT5,1,40.900,34.410
JAD_UNIT5,2,51.000,34.420
JAD_UNIT7,1,40.900,54.410
JAD_UNIT7,2,51.000,54.420
LARDVFTN_G4,1,35.000,81.170
LARDVFTN_G4,2,42.000,81.240
LARDVFTN_G4,3,49.000,81.310
LARDVFTN_G4,4,56.000,81.380
LARDVFTN_G4,5,63.000,81.450
LARDVFTN_G4,6,70.000,81.520
LARDVFTN_G4,7,77.000,81.590
LARDVFTN_G4,8,84.000,81.660
LARDVFTN_G4,9,90.000,81.720
LEON_CRK_LCPCT1,1,15.000,10.020
LEON_CRK_LCPCT1,2,20.000,10.120
LEON_CRK_LCPCT1,3,24.000,10.200
LEON_CRK_LCPCT1,4,28.000,10.280
LEON_CRK_LCPCT1,5,32.000,10.370
LEON_CRK_LCPCT1,6,36.000,10.460
LEON_CRK_LCPCT1,7,40.000,10.560
LEON_CRK_LCPCT1,8,46.000,10.710
LEON_CRK_LCPCT1,9,52.000,10.870
LEON_CRK_LCPCT3,1,15.000,10.020
LEON_CRK_LCPCT3,2,20.000,10.090
LEON_CRK_LCPCT3,3,24.000,10.150
LEON_CRK_LCPCT3,4,28.000,10.220
LEON_CRK_LCPCT3,5,32.000,10.280
LEON_CRK_LCPCT3,6,36.000,10.350
LEON_CRK_LCPCT3,7,40.000,10.420
LEON_CRK_LCPCT3,8,46.000,10.520
LEON_CRK_LCPCT3,9,52.000,10.640
LEON_CRK_LCPCT4,1,15.000,11.180
LEON_CRK_LCPCT4,2,20.000,11.210
LEON_CRK_LCPCT4,3,24.000,11.250
LEON_CRK_LCPCT4,4,28.000,11.320
LEON_CRK_LCPCT4,5,32.000,11.400
LEON_CRK_LCPCT4,6,36.000,11.500
LEON_CRK_LCPCT4,7,40.000,11.620
LEON_CRK_LCPCT4,8,46.000,11.830
LEON_CRK_LCPCT4,9,52.000,12.080
LHSES_UNIT1,1,0.000,37.320
LHSES_UNIT1,2,50.000,37.320
LHSES_UNIT1,3,76.000,37.500
LHSES_UNIT1,4,196.000,38.340
LHSES_UNIT1,5,294.000,39.030
LHSES_UNIT1,6,368.000,39.540
LHSES_UNIT1,7,400.000,39.770
LHSES_UNIT1,8,415.000,39.870
LMAJADAS_UNIT1,1,21.600,19.350
LMAJADAS_UNIT1,2,30.900,22.470
LMAJADAS_UNIT3,1,21.600,19.350
LMAJADAS_UNIT3,2,30.900,22.470
LMESASLR_IVORY,1,0.000,-5.000
LMESASLR_IVORY,2,20.000,-3.000
LMESASLR_IVORY,3,50.000,0.000
LV1_LV1A,1,0.000,-5.000
LV1_LV1A,2,50.000,-3.000
LV1_LV1A,3,210.000,0.000
MARBFA_MARBFAG1,1,0.000,4999.890
MARBFA_MARBFAG1,2,25.000,4999.890
MARBFA_MARBFAG2,1,0.000,4999.890
MARBFA_MARBFAG2,2,25.000,4999.890
MARSFO_MARSFOG1,1,0.000,5000.000
MARSFO_MARSFOG1,2,35.000,5000.000
MARSFO_MARSFOG3,1,0.000,5000.000
MARSFO_MARSFOG3,2,35.000,5000.000
MDANP_CT1,1,150.000,18.920
MDANP_CT1,2,170.000,19.500
MDANP_CT1,3,190.000,20.080
MDANP_CT1,4,210.000,20.660
MDANP_CT1,5,228.000,28.450
MDANP_CT1,6,239.000,29.030
MDANP_CT1,7,240.000,35.780
MDANP_CT1,8,248.000,35.780
MDANP_CT1,9,249.000,44.510
MDANP_CT1,10,264.000,44.510
MDANP_CT2,1,150.000,17.670
MDANP_CT2,2,163.300,17.910
MDANP_CT2,3,176.700,18.140
MDANP_CT2,4,190.000,18.380
MDANP_CT2,5,203.300,18.610
MDANP_CT2,6,216.700,18.850
MDANP_CT2,7,239.000,32.460
MDANP_CT2,8,247.000,32.690
MDANP_CT2,9,248.000,41.660
MDANP_CT2,10,263.000,41.890
MDANP_CT3,1,150.000,16.060
MDANP_CT3,2,170.000,16.480
MDANP_CT3,3,190.000,16.900
MDANP_CT3,4,210.000,17.330
MDANP_CT3,5,231.000,24.950
MDANP_CT3,6,242.000,25.370
MDANP_CT3,7,243.000,31.970
MDANP_CT3,8,251.000,31.970
MDANP_CT3,9,252.000,40.700
MDANP_CT3,10,267.000,40.700
MDANP_CT4,1,150.000,20.530
MDANP_CT4,2,170.000,21.040
MDANP_CT4,3,190.000,21.550
MDANP_CT4,4,210.000,22.060
MDANP_CT4,5,225.000,29.770
MDANP_CT4,6,236.000,30.280
MDANP_CT4,7,237.000,36.960
MDANP_CT4,8,245.000,36.960
MDANP_CT4,9,246.000,45.690
MDANP_CT4,10,261.000,45.690
MDANP_CT5,1,110.000,14.710
MDANP_CT5,2,130.000,15.810
MDANP_CT5,3,150.000,16.900
MDANP_CT5,4,170.000,18.000
MDANP_CT5,5,190.000,19.100
MDANP_CT5,6,210.000,20.200
MDANP_CT5,7,230.000,34.670
MDANP_CT5,8,250.000,35.760
MDANP_CT5,9,270.000,45.590
MDANP_CT5,10,290.000,46.690
MDANP_CT6,1,150.000,17.500
MDANP_CT6,2,170.000,17.860
MDANP_CT6,3,190.000,18.210
MDANP_CT6,4,210.000,18.570
MDANP_CT6,5,224.000,26.120
MDANP_CT6,6,236.000,26.480
MDANP_CT6,7,237.000,33.010
MDANP_CT6,8,245.000,33.010
MDANP_CT6,9,246.000,41.740
MDANP_CT6,10,261.000,41.740
MIL_MILLERG2,1,40.000,33.620
MIL_MILLERG2,2,70.000,33.940
MIL_MILLERG2,3,100.000,34.250
MIL_MILLERG2,4,105.000,34.570
MIL_MILLERG3,1,40.000,30.110
MIL_MILLERG3,2,60.000,30.740
MIL_MILLERG3,3,80.000,31.370
MIL_MILLERG3,4,105.000,32.000
MIL_MILLERG3,5,130.000,32.630
MIL_MILLERG3,6,155.000,34.200
MIL_MILLERG3,7,170.000,35.780
MIL_MILLERG3,8,180.000,37.350
MIL_MILLERG3,9,185.000,38.930
MIL_MILLERG4,1,35.000,31.200
MIL_MILLERG4,2,70.000,31.510
MIL_MILLERG4,3,80.000,31.830
MIL_MILLERG4,4,90.000,32.140
MIL_MILLERG5,1,35.000,31.200
MIL_MILLERG5,2,70.000,31.510
MIL_MILLERG5,3,80.000,31.830
MIL_MILLERG5,4,90.000,32.140
MISAE_UNIT1,1,3.100,13.600
MISAE_UNIT1,2,6.200,15.700
MISAE_UNIT2,1,3.100,13.600
MISAE_UNIT2,2,6.200,15.700
MLB_SLR_SOLAR1,1,72.700,5.000
MLSES_UNIT1,1,0.000,22.850
MLSES_UNIT1,2,370.000,22.850
MLSES_UNIT2,1,0.000,24.390
MLSES_UNIT2,2,15.000,24.390
MLSES_UNIT3,1,0.000,22.710
MLSES_UNIT3,2,15.000,22.710
MROW_SLR_SOLAR1,1,0.000,-7.500
MROW_SLR_SOLAR1,2,59.800,-2.250
MROW_SLR_SOLAR1,3,121.300,0.000
MROW_SLR_SOLAR1,4,172.100,15.000
NOVA1SLR_UNIT1,1,55.000,-10.000
NOVA1SLR_UNIT2,1,55.000,-10.000
NOVA2SLR_UNIT1,1,86.000,-10.000
OCI_ALM1_UNIT1,1,0.000,-5.000
OCI_ALM1_UNIT1,2,20.000,-3.000
OCI_ALM1_UNIT1,3,50.000,0.000
OLINGR_OLING_2,1,20.000,79.720
OLINGR_OLING_2,2,50.000,86.710
OLINGR_OLING_2,3,80.000,92.090
OLINGR_OLING_2,4,90.000,500.000
OLINGR_OLING_2,5,107.000,999.000
OLINGR_OLING_3,1,25.000,79.720
OLINGR_OLING_3,2,70.000,86.710
OLINGR_OLING_3,3,90.000,92.090
OLINGR_OLING_4,1,40.000,90.610
OLINGR_OLING_4,2,50.000,97.700
OLINGR_OLING_4,3,74.000,103.160
OUTP_SLR_UNIT1,1,0.000,-14.010
OUTP_SLR_UNIT1,2,257.000,-14.000
OUTP_SLR_UNIT2,1,0.000,-14.010
OUTP_SLR_UNIT2,2,257.000,-14.000
PEARSAL2_AGR_B,1,0.000,25.470
PEARSAL2_AGR_B,2,50.000,27.470
PEARSAL2_AGR_D,1,0.000,25.470
PEARSAL2_AGR_D,2,50.000,27.470
PENA3_UNIT3_J01,1,0.000,-5.000
PENA3_UNIT3_J01,2,50.000,-3.000
PENA3_UNIT3_J01,3,105.000,0.000
PENA_UNIT1,1,0.000,-5.000
PENA_UNIT1,2,80.000,-3.000
PENA_UNIT1,3,162.000,0.000
PENA_UNIT2_J02,1,0.000,-5.000
PENA_UNIT2_J02,2,75.000,-3.000
PENA_UNIT2_J02,3,150.000,0.000
PERE_SLR_UNIT1,1,0.000,-5.000
PERE_SLR_UNIT1,2,125.000,-3.000
PERE_SLR_UNIT1,3,153.000,0.000
PERE_SLR_UNIT2,1,0.000,-5.000
PERE_SLR_UNIT2,2,125.000,-3.000
PERE_SLR_UNIT2,3,148.000,0.000
PINEFRST_UNIT1,1,4.400,-10.000
PINEFRST_UNIT2,1,2.100,-10.000
PINN_SLR_UNIT1,1,0.000,-14.010
PINN_SLR_UNIT1,2,214.000,-14.000
PINN_SLR_UNIT2,1,0.000,-14.010
PINN_SLR_UNIT2,2,218.000,-14.000
PINN_SLR_UNIT3,1,0.000,-14.010
PINN_SLR_UNIT3,2,218.000,-14.000
PITTSDDK_UNIT1,1,0.000,12.010
PITTSDDK_UNIT1,2,1.000,12.010
PPEC_GT7,1,100.000,24.430
PPEC_GT7,2,214.000,25.930
PPEC_GT8,1,100.000,24.600
PPEC_GT8,2,213.000,26.100
PRO_UNIT1,1,37.300,34.210
PRO_UNIT1,2,51.000,34.220
PRO_UNIT2,1,36.300,34.210
PRO_UNIT2,2,51.000,34.220
PRO_UNIT3,1,38.300,34.210
PRO_UNIT3,2,51.000,34.220
PRO_UNIT4,1,39.300,34.210
PRO_UNIT4,2,51.000,34.220
PRO_UNIT5,1,38.300,34.210
PRO_UNIT5,2,51.000,34.220
PRO_UNIT6,1,39.300,34.210
PRO_UNIT6,2,51.000,34.220
PRO_UNIT7,1,40.600,54.210
PRO_UNIT7,2,51.000,54.220
RAB_UNIT2,1,25.000,35.880
RAB_UNIT2,2,51.000,35.890
RAB_UNIT3,1,25.000,35.780
RAB_UNIT3,2,51.000,35.790
RAB_UNIT4,1,25.000,35.780
RAB_UNIT4,2,51.000,35.790
RAB_UNIT5,1,35.000,34.410
RAB_UNIT5,2,51.000,34.420
RAB_UNIT6,1,35.000,34.410
RAB_UNIT6,2,51.000,34.420
RAB_UNIT7,1,25.000,35.880
RAB_UNIT7,2,51.000,35.890
RAB_UNIT8,1,25.000,34.210
RAB_UNIT8,2,51.000,34.220
RADN_SLR_UNIT1,1,0.000,5.000
RADN_SLR_UNIT1,2,11.700,5.010
RADN_SLR_UNIT1,3,11.800,8.000
RADN_SLR_UNIT1,4,54.700,8.010
RADN_SLR_UNIT1,5,54.800,13.000
RADN_SLR_UNIT1,6,62.600,13.010
RADN_SLR_UNIT2,1,0.000,5.000
RADN_SLR_UNIT2,2,13.500,5.010
RADN_SLR_UNIT2,3,13.600,8.000
RADN_SLR_UNIT2,4,62.900,8.010
RADN_SLR_UNIT2,5,63.000,13.000
RADN_SLR_UNIT2,6,71.900,13.010
REDGATE_AGR_A,1,0.000,25.000
REDGATE_AGR_A,2,56.000,27.000
REDGATE_AGR_B,1,0.000,25.000
REDGATE_AGR_B,2,56.000,27.000
REDGATE_AGR_C,1,0.000,25.000
REDGATE_AGR_C,2,56.000,27.000
REDGATE_AGR_D,1,0.000,25.000
REDGATE_AGR_D,2,56.000,27.000
SALTFORK_UNIT1,1,1.500,5.120
SALTFORK_UNIT2,1,1.500,5.120
SCSES_UNIT1A,1,0.000,36.020
SCSES_UNIT1A,2,12.000,36.020
SCSES_UNIT1A,3,95.000,37.680
SCSES_UNIT1A,4,115.000,38.080
SCSES_UNIT1A,5,134.000,38.460
SCSES_UNIT1A,6,154.000,38.870
SCSES_UNIT1A,7,175.000,39.290
SCSES_UNIT1A,8,195.000,40.190
SILASRAY_SILAS_10,1,22.000,32.220
SILASRAY_SILAS_10,2,36.000,32.230
SIRIUS_UNIT1,1,0.000,-5.000
SIRIUS_UNIT1,2,55.000,-3.000
SIRIUS_UNIT1,3,112.000,0.000
SIRIUS_UNIT2,1,0.000,-5.000
SIRIUS_UNIT2,2,20.000,-3.000
SIRIUS_UNIT2,3,50.000,0.000
SKY1_SKY1A,1,0.000,29.450
SKY1_SKY1A,2,15.000,30.450
SKY1_SKY1B,1,0.000,26.400
SKY1_SKY1B,2,25.000,28.400
SOLARA_UNIT1,1,0.000,-5.000
SOLARA_UNIT1,2,55.000,-3.000
SOLARA_UNIT1,3,112.000,0.000
SPNCER_SPNCE_4,1,15.000,79.720
SPNCER_SPNCE_4,2,25.000,86.710
SPNCER_SPNCE_4,3,30.000,250.000
SPNCER_SPNCE_4,4,47.100,500.000
SPNCER_SPNCE_4,5,57.000,999.000
SPNCER_SPNCE_5,1,15.000,79.720
SPNCER_SPNCE_5,2,25.000,86.710
SPNCER_SPNCE_5,3,45.000,91.550
STEAM1A_STEAM_1,1,0.000,79.090
STEAM1A_STEAM_1,2,10.000,79.190
STEAM1A_STEAM_1,3,10.100,109.190
STEAM1A_STEAM_1,4,12.100,131.030
STEAM_ENGINE_1,1,0.000,28.420
STEAM_ENGINE_1,2,4.500,28.520
STEAM_ENGINE_1,3,6.000,29.580
STEAM_ENGINE_1,4,8.200,30.520
STEAM_ENGINE_2,1,0.000,28.420
STEAM_ENGINE_2,2,4.500,28.520
STEAM_ENGINE_2,3,6.000,29.580
STEAM_ENGINE_2,4,8.200,30.520
STEAM_STEAM_3,1,0.000,65.650
STEAM_STEAM_3,2,13.000,65.750
STEAM_STEAM_3,3,18.000,75.750
STEAM_STEAM_3,4,22.000,90.750
STEAM_STEAM_3,5,22.100,108.900
STEAM_STEAM_3,6,25.100,127.050
STP_STP_G1_J03,1,50.000,0.010
STP_STP_G1_J03,2,110.000,0.020
STP_STP_G1_J03,3,170.000,0.030
STP_STP_G1_J03,4,230.000,0.040
STP_STP_G1_J03,5,290.000,0.050
STP_STP_G1_J03,6,350.000,0.060
STP_STP_G1_J03,7,410.000,0.070
STP_STP_G1_J03,8,470.000,0.080
STP_STP_G1_J03,9,550.000,0.090
STP_STP_G2_J03,1,50.000,0.010
STP_STP_G2_J03,2,110.000,0.020
STP_STP_G2_J03,3,170.000,0.030
STP_STP_G2_J03,4,230.000,0.040
STP_STP_G2_J03,5,290.000,0.050
STP_STP_G2_J03,6,350.000,0.060
STP_STP_G2_J03,7,410.000,0.070
STP_STP_G2_J03,8,470.000,0.080
STP_STP_G2_J03,9,550.000,0.090
SWEETWN2_WND2,1,0.000,2.500
SWEETWN2_WND2,2,36.000,7.500
SWEETWN2_WND2,3,36.100,300.000
SWEETWN2_WND2,4,42.700,300.000
SWEETWN2_WND24,1,0.000,-40.000
SWEETWN2_WND24,2,8.000,-35.000
SWEETWN2_WND24,3,19.000,-31.000
SWEETWN3_WND3A,1,0.000,2.500
SWEETWN3_WND3A,2,20.700,7.500
SWEETWN3_WND3A,3,20.800,300.000
SWEETWN3_WND3A,4,24.600,300.000
SWEETWN3_WND3B,1,0.000,-40.000
SWEETWN3_WND3B,2,51.000,-35.000
SWEETWN3_WND3B,3,110.000,-31.000
SWEETWN4_WND4A,1,0.000,-40.000
SWEETWN4_WND4A,2,60.000,-35.000
SWEETWN4_WND4A,3,119.000,-31.000
SWEETWN4_WND4B,1,0.000,-40.000
SWEETWN4_WND4B,2,53.000,-35.000
SWEETWN4_WND4B,3,106.000,-31.000
SWEETWN5_WND5,1,0.000,-5.000
SWEETWN5_WND5,2,31.000,0.000
SWEETWN5_WND5,3,31.100,300.000
SWEETWN5_WND5,4,31.300,300.000
SWEETWND_WND1,1,0.000,2.500
SWEETWND_WND1,2,11.000,7.500
SWEETWND_WND1,3,11.100,300.000
SWEETWND_WND1,4,13.100,300.000
TGS_GT01,1,59.000,30.640
TGS_GT01,2,60.000,30.670
TGS_GT01,3,61.000,30.700
TGS_GT01,4,62.000,30.730
TGS_GT01,5,63.000,30.760
TGS_GT01,6,64.000,30.780
TGS_GT01,7,65.000,30.810
TGS_GT01,8,66.000,30.840
TGS_GT01,9,67.000,30.870
TIMPP_AGR1,1,4.000,27.800
TIMPP_AGR1,2,8.000,27.930
TIMPP_AGR1,3,12.000,28.060
TIMPP_AGR1,4,16.000,28.180
TIMPP_AGR1,5,20.000,28.310
TIMPP_AGR1,6,24.000,28.440
TIMPP_AGR1,7,28.000,28.560
TIMPP_AGR1,8,32.000,28.690
TIMPP_AGR1,9,35.000,28.780
TIMPP_AGR1,10,37.200,28.850
TIMPP_AGR2,1,6.000,27.800
TIMPP_AGR2,2,12.000,27.930
TIMPP_AGR2,3,18.000,28.060
TIMPP_AGR2,4,24.000,28.180
TIMPP_AGR2,5,30.000,28.310
TIMPP_AGR2,6,36.000,28.440
TIMPP_AGR2,7,42.000,28.560
TIMPP_AGR2,8,48.000,28.690
TIMPP_AGR2,9,54.000,28.820
TIMPP_AGR2,10,55.800,28.850
TIMPP_AGR3,1,4.000,27.800
TIMPP_AGR3,2,8.000,27.930
TIMPP_AGR3,3,12.000,28.060
TIMPP_AGR3,4,16.000,28.180
TIMPP_AGR3,5,20.000,28.310
TIMPP_AGR3,6,24.000,28.440
TIMPP_AGR3,7,28.000,28.560
TIMPP_AGR3,8,32.000,28.690
TIMPP_AGR3,9,35.000,28.780
TIMPP_AGR3,10,37.200,28.850
TIMPP_AGR4,1,6.000,27.950
TIMPP_AGR4,2,12.000,28.080
TIMPP_AGR4,3,18.000,28.200
TIMPP_AGR4,4,24.000,28.330
TIMPP_AGR4,5,30.000,28.460
TIMPP_AGR4,6,36.000,28.590
TIMPP_AGR4,7,42.000,28.710
TIMPP_AGR4,8,48.000,28.840
TIMPP_AGR4,9,54.000,28.970
TIMPP_AGR4,10,55.800,29.000
TIMPP_AGR5,1,4.000,27.800
TIMPP_AGR5,2,8.000,27.930
TIMPP_AGR5,3,12.000,28.060
TIMPP_AGR5,4,16.000,28.180
TIMPP_AGR5,5,20.000,28.310
TIMPP_AGR5,6,24.000,28.440
TIMPP_AGR5,7,28.000,28.560
TIMPP_AGR5,8,32.000,28.690
TIMPP_AGR5,9,35.000,28.780
TIMPP_AGR5,10,37.200,28.850
TIMPP_AGR6,1,6.000,27.800
TIMPP_AGR6,2,12.000,27.930
TIMPP_AGR6,3,18.000,28.060
TIMPP_AGR6,4,24.000,28.180
TIMPP_AGR6,5,30.000,28.310
TIMPP_AGR6,6,36.000,28.440
TIMPP_AGR6,7,42.000,28.560
TIMPP_AGR6,8,48.000,28.690
TIMPP_AGR6,9,54.000,28.820
TIMPP_AGR6,10,55.800,28.850
TIMPP_AGR7,1,4.000,27.800
TIMPP_AGR7,2,8.000,27.930
TIMPP_AGR7,3,12.000,28.060
TIMPP_AGR7,4,16.000,28.180
TIMPP_AGR7,5,20.000,28.310
TIMPP_AGR7,6,24.000,28.440
TIMPP_AGR7,7,28.000,28.560
TIMPP_AGR7,8,32.000,28.690
TIMPP_AGR7,9,35.000,28.780
TIMPP_AGR7,10,37.200,28.850
TIMPP_AGR8,1,6.000,27.800
TIMPP_AGR8,2,12.000,27.930
TIMPP_AGR8,3,18.000,28.060
TIMPP_AGR8,4,24.000,28.180
TIMPP_AGR8,5,30.000,28.310
TIMPP_AGR8,6,36.000,28.440
TIMPP_AGR8,7,42.000,28.560
TIMPP_AGR8,8,48.000,28.690
TIMPP_AGR8,9,54.000,28.820
TIMPP_AGR8,10,55.800,28.850
TI_SOLAR_UNIT1,1,0.000,-1.950
TI_SOLAR_UNIT1,2,150.000,-1.950
TI_SOLAR_UNIT2,1,0.000,-1.950
TI_SOLAR_UNIT2,2,150.000,-1.950
TOPAZ_UNIT1,1,39.000,33.580
TOPAZ_UNIT1,2,51.000,33.590
TOPAZ_UNIT10,1,38.000,61.580
TOPAZ_UNIT10,2,40.500,61.590
TOPAZ_UNIT2,1,39.000,33.580
TOPAZ_UNIT2,2,51.000,33.590
TOPAZ_UNIT3,1,40.000,33.580
TOPAZ_UNIT3,2,51.000,33.590
TOPAZ_UNIT4,1,39.000,33.580
TOPAZ_UNIT4,2,51.000,33.590
TOPAZ_UNIT5,1,40.500,33.580
TOPAZ_UNIT5,2,51.000,33.590
TOPAZ_UNIT6,1,41.000,33.580
TOPAZ_UNIT6,2,51.000,33.590
TOPAZ_UNIT7,1,38.000,33.580
TOPAZ_UNIT7,2,51.000,33.590
TOPAZ_UNIT8,1,41.500,33.580
TOPAZ_UNIT8,2,44.000,33.590
TRBT_SLR_PV1,1,0.000,-32.000
TRBT_SLR_PV1,2,75.000,-30.000
TRBT_SLR_PV1,3,157.000,-28.000
TRBT_SLR_PV2,1,0.000,-32.000
TRBT_SLR_PV2,2,75.000,-30.000
TRBT_SLR_PV2,3,157.000,-28.000
TYLRWIND_UNIT1,1,25.000,5.240
VICTPORT_CTG01,1,22.000,34.290
VICTPORT_CTG01,2,50.000,34.300
VICTPORT_CTG02,1,22.000,34.290
VICTPORT_CTG02,2,50.000,34.300
VICTPRT2_UNIT1,1,32.000,26.520
VICTPRT2_UNIT1,2,34.000,27.900
VICTPRT2_UNIT1,3,37.000,29.260
VICTPRT2_UNIT1,4,39.000,30.610
VICTPRT2_UNIT1,5,40.000,31.990
VICTPRT2_UNIT1,6,41.000,33.340
VICTPRT2_UNIT1,7,42.000,34.720
VICTPRT2_UNIT1,8,43.000,36.070
VICTPRT2_UNIT1,9,46.000,37.480
VICTPRT2_UNIT2,1,32.000,26.520
VICTPRT2_UNIT2,2,34.000,27.900
VICTPRT2_UNIT2,3,37.000,29.260
VICTPRT2_UNIT2,4,39.000,30.610
VICTPRT2_UNIT2,5,40.000,31.990
VICTPRT2_UNIT2,6,41.000,33.340
VICTPRT2_UNIT2,7,42.000,34.720
VICTPRT2_UNIT2,8,43.000,36.070
VICTPRT2_UNIT2,9,46.000,37.480
WH_WIND_UNIT1,1,0.000,-1.100
WH_WIND_UNIT1,2,20.300,-1.090
WH_WIND_UNIT1,3,35.100,0.700
WH_WIND_UNIT2,1,0.000,-1.100
WH_WIND_UNIT2,2,20.700,-1.090
WH_WIND_UNIT2,3,32.300,0.700
WIRTZ_WIRTZ_G1,1,0.000,4999.780
WIRTZ_WIRTZ_G1,2,30.000,4999.780
WIRTZ_WIRTZ_G2,1,0.000,4999.780
WIRTZ_WIRTZ_G2,2,30.000,4999.780
