Cycle,Injector,CostCurve,CurveSet
0,BOSQUESW_CC1,BOSQUESW_CC1,
0,BOSQUESW_CC2,BOSQUESW_CC2,
0,BRAUNIG_CC1,BRAUNIG_CC1,
0,BTE_CC1,BTE_CC1,
0,BVE_CC1,BVE_CC1,
0,B_DAVIS_CC1,B_DAVIS_CC1,
0,CAL_CC1,CAL_CC1,
0,CBECII_CC3,CBECII_CC3,
0,CBEC_CC1,CBEC_CC1,
0,CBEC_CC2,CBEC_CC2,
0,CBY4_CC1,CBY4_CC1,
0,CCEC_CC1,CCEC_CC1,
0,CHE_CC1,CHE_CC1,
0,DDPEC_CC1,DDPEC_CC1,
0,DUKE_CC1,DUKE_CC1,
0,FERGCC_CC1,FERGCC_CC1,
0,FREC_CC1,FREC_CC1,
0,FREC_CC2,FREC_CC2,
0,FRNYPP_CC1,FRNYPP_CC1,
0,FRNYPP_CC2,FRNYPP_CC2,
0,FTR_CC1,FTR_CC1,
0,GUADG_CC1,GUADG_CC1,
0,GUADG_CC2,GUADG_CC2,
0,INGLCOSW_CC1,INGLCOSW_CC1,
0,KMCHI_CC1,KMCHI_CC1,
0,KMCHI_CC2,KMCHI_CC2,
0,LGE_CC1,LGE_CC1,
0,LOSTPI_CC1,LOSTPI_CC1,
0,LPCCS_CC1,LPCCS_CC1,
0,LPCCS_CC2,LPCCS_CC2,
0,NEDIN_CC1,NEDIN_CC1,
0,NUECES_B_CC1,NUECES_B_CC1,
0,OECCS_CC1,OECCS_CC1,
0,OECCS_CC2,OECCS_CC2,
0,PSG_CC1,PSG_CC1,
0,QALSW_CC1,QALSW_CC1,
0,QALSW_CC2,QALSW_CC2,
0,RAYBURN_CC1,RAYBURN_CC1,
0,RIONOG_CC1,RIONOG_CC1,
0,TGCCS_CC1,TGCCS_CC1,
0,TXCTY_CC1,TXCTY_CC1,
0,WCPP_CC1,WCPP_CC1,
0,WHCCS2_CC2,WHCCS2_CC2,
0,WHCCS_CC1,WHCCS_CC1,
0,AEEC_ANTLP_1,AEEC_ANTLP_1,
0,AEEC_ANTLP_2,AEEC_ANTLP_2,
0,AEEC_ANTLP_3,AEEC_ANTLP_3,
0,AEEC_ELK_1,AEEC_ELK_1,
0,AEEC_ELK_3,AEEC_ELK_3,
0,ANDMDSLR_UNIT1,ANDMDSLR_UNIT1,
0,ANDMDSLR_UNIT2,ANDMDSLR_UNIT2,
0,ATKINS_ATKINSG7,ATKINS_ATKINSG7,
0,AUSTPL_AUSTING2,AUSTPL_AUSTING2,
0,BAC_CTG1,BAC_CTG1,
0,BAC_CTG2,BAC_CTG2,
0,BAC_CTG3,BAC_CTG3,
0,BAC_CTG4,BAC_CTG4,
0,BAC_CTG5,BAC_CTG5,
0,BCATWIND_WIND_1,BCATWIND_WIND_1,
0,BCH_UNIT1,BCH_UNIT1,
0,BCH_UNIT2,BCH_UNIT2,
0,BCH_UNIT3,BCH_UNIT3,
0,BCH_UNIT4,BCH_UNIT4,
0,BCH_UNIT5,BCH_UNIT5,
0,BCH_UNIT6,BCH_UNIT6,
0,BCH_UNIT7,BCH_UNIT7,
0,BCH_UNIT8,BCH_UNIT8,
0,BRAUNIG_VHB6CT5,BRAUNIG_VHB6CT5,
0,BRAUNIG_VHB6CT6,BRAUNIG_VHB6CT6,
0,BRAUNIG_VHB6CT8,BRAUNIG_VHB6CT8,
0,BTM_UNIT2,BTM_UNIT2,
0,BTM_UNIT3,BTM_UNIT3,
0,BTM_UNIT4,BTM_UNIT4,
0,BTM_UNIT5,BTM_UNIT5,
0,BTM_UNIT6,BTM_UNIT6,
0,BTM_UNIT7,BTM_UNIT7,
0,BTM_UNIT8,BTM_UNIT8,
0,BUCHAN_BUCHANG2,BUCHAN_BUCHANG2,
0,BUCHAN_BUCHANG3,BUCHAN_BUCHANG3,
0,CALAVERS_JKS1,CALAVERS_JKS1,
0,CALAVERS_OWS1,CALAVERS_OWS1,
0,CEDROHIL_CHW1,CEDROHIL_CHW1,
0,CEDROHIL_CHW2,CEDROHIL_CHW2,
0,CEDRVALE_UNIT1,CEDRVALE_UNIT1,
0,CFLATS_U1,CFLATS_U1,
0,COLETO_COLETOG1,COLETO_COLETOG1,
0,COYOTE_W_UNIT1,COYOTE_W_UNIT1,
0,COYOTE_W_UNIT3,COYOTE_W_UNIT3,
0,DANSBY_DANSBYG1,DANSBY_DANSBYG1,
0,DANSBY_DANSBYG2,DANSBY_DANSBYG2,
0,DANSBY_DANSBYG3,DANSBY_DANSBYG3,
0,DAN_UNIT1,DAN_UNIT1,
0,DILEOSLR_UNIT1,DILEOSLR_UNIT1,
0,ECLIPSE_UNIT1,ECLIPSE_UNIT1,
0,EIFSLR_UNIT1,EIFSLR_UNIT1,
0,ELB_ELBCREEK,ELB_ELBCREEK,
0,FPPYD1_FPP_G1_J01,FPPYD1_FPP_G1_J01,
0,FPPYD1_FPP_G2_J01,FPPYD1_FPP_G2_J01,
0,FPPYD2_FPP_G3,FPPYD2_FPP_G3,
0,FRYE_SLR_UNIT1,FRYE_SLR_UNIT1,
0,FRYE_SLR_UNIT2,FRYE_SLR_UNIT2,
0,GIDEON_GIDEONG2,GIDEON_GIDEONG2,
0,GIDEON_GIDEONG3,GIDEON_GIDEONG3,
0,HAYSEN_HAYSENG1,HAYSEN_HAYSENG1,
0,HAYSEN_HAYSENG2,HAYSEN_HAYSENG2,
0,HAYSEN_HAYSENG3,HAYSEN_HAYSENG3,
0,HAYSEN_HAYSENG4,HAYSEN_HAYSENG4,
0,HELIOS_UNIT1,HELIOS_UNIT1,
0,HICKMAN_G1_J01,HICKMAN_G1_J01,
0,HICKMAN_G2_J01,HICKMAN_G2_J01,
0,HLSES_UNIT3,HLSES_UNIT3,
0,HLSES_UNIT4,HLSES_UNIT4,
0,HLSES_UNIT5,HLSES_UNIT5,
0,HOVEY_UNIT1,HOVEY_UNIT1,
0,HRZN_SLR_UNIT1,HRZN_SLR_UNIT1,
0,INKSDA_INKS_G1,INKSDA_INKS_G1,
0,JADE_SLR_UNIT1,JADE_SLR_UNIT1,
0,JADE_SLR_UNIT2,JADE_SLR_UNIT2,
0,JAD_UNIT1,JAD_UNIT1,
0,JAD_UNIT2,JAD_UNIT2,
0,JAD_UNIT3,JAD_UNIT3,
0,JAD_UNIT4,JAD_UNIT4,
0,JAD_UNIT5,JAD_UNIT5,
0,JAD_UNIT7,JAD_UNIT7,
0,LARDVFTN_G4,LARDVFTN_G4,
0,LEON_CRK_LCPCT1,LEON_CRK_LCPCT1,
0,LEON_CRK_LCPCT3,LEON_CRK_LCPCT3,
0,LEON_CRK_LCPCT4,LEON_CRK_LCPCT4,
0,LHSES_UNIT1,LHSES_UNIT1,
0,LMAJADAS_UNIT1,LMAJADAS_UNIT1,
0,LMAJADAS_UNIT3,LMAJADAS_UNIT3,
0,LMESASLR_IVORY,LMESASLR_IVORY,
0,LV1_LV1A,LV1_LV1A,
0,MARBFA_MARBFAG1,MARBFA_MARBFAG1,
0,MARBFA_MARBFAG2,MARBFA_MARBFAG2,
0,MARSFO_MARSFOG1,MARSFO_MARSFOG1,
0,MARSFO_MARSFOG3,MARSFO_MARSFOG3,
0,MDANP_CT1,MDANP_CT1,
0,MDANP_CT2,MDANP_CT2,
0,MDANP_CT3,MDANP_CT3,
0,MDANP_CT4,MDANP_CT4,
0,MDANP_CT5,MDANP_CT5,
0,MDANP_CT6,MDANP_CT6,
0,MIL_MILLERG2,MIL_MILLERG2,
0,MIL_MILLERG3,MIL_MILLERG3,
0,MIL_MILLERG4,MIL_MILLERG4,
0,MIL_MILLERG5,MIL_MILLERG5,
0,MISAE_UNIT1,MISAE_UNIT1,
0,MISAE_UNIT2,MISAE_UNIT2,
0,MLB_SLR_SOLAR1,MLB_SLR_SOLAR1,
0,MLSES_UNIT1,MLSES_UNIT1,
0,MLSES_UNIT2,MLSES_UNIT2,
0,MLSES_UNIT3,MLSES_UNIT3,
0,MROW_SLR_SOLAR1,MROW_SLR_SOLAR1,
0,NOVA1SLR_UNIT1,NOVA1SLR_UNIT1,
0,NOVA1SLR_UNIT2,NOVA1SLR_UNIT2,
0,NOVA2SLR_UNIT1,NOVA2SLR_UNIT1,
0,OCI_ALM1_UNIT1,OCI_ALM1_UNIT1,
0,OLINGR_OLING_2,OLINGR_OLING_2,
0,OLINGR_OLING_3,OLINGR_OLING_3,
0,OLINGR_OLING_4,OLINGR_OLING_4,
0,OUTP_SLR_UNIT1,OUTP_SLR_UNIT1,
0,OUTP_SLR_UNIT2,OUTP_SLR_UNIT2,
0,PEARSAL2_AGR_B,PEARSAL2_AGR_B,
0,PEARSAL2_AGR_D,PEARSAL2_AGR_D,
0,PENA3_UNIT3_J01,PENA3_UNIT3_J01,
0,PENA_UNIT1,PENA_UNIT1,
0,PENA_UNIT2_J02,PENA_UNIT2_J02,
0,PERE_SLR_UNIT1,PERE_SLR_UNIT1,
0,PERE_SLR_UNIT2,PERE_SLR_UNIT2,
0,PINEFRST_UNIT1,PINEFRST_UNIT1,
0,PINEFRST_UNIT2,PINEFRST_UNIT2,
0,PINN_SLR_UNIT1,PINN_SLR_UNIT1,
0,PINN_SLR_UNIT2,PINN_SLR_UNIT2,
0,PINN_SLR_UNIT3,PINN_SLR_UNIT3,
0,PITTSDDK_UNIT1,PITTSDDK_UNIT1,
0,PPEC_GT7,PPEC_GT7,
0,PPEC_GT8,PPEC_GT8,
0,PRO_UNIT1,PRO_UNIT1,
0,PRO_UNIT2,PRO_UNIT2,
0,PRO_UNIT3,PRO_UNIT3,
0,PRO_UNIT4,PRO_UNIT4,
0,PRO_UNIT5,PRO_UNIT5,
0,PRO_UNIT6,PRO_UNIT6,
0,PRO_UNIT7,PRO_UNIT7,
0,RAB_UNIT2,RAB_UNIT2,
0,RAB_UNIT3,RAB_UNIT3,
0,RAB_UNIT4,RAB_UNIT4,
0,RAB_UNIT5,RAB_UNIT5,
0,RAB_UNIT6,RAB_UNIT6,
0,RAB_UNIT7,RAB_UNIT7,
0,RAB_UNIT8,RAB_UNIT8,
0,RADN_SLR_UNIT1,RADN_SLR_UNIT1,
0,RADN_SLR_UNIT2,RADN_SLR_UNIT2,
0,REDGATE_AGR_A,REDGATE_AGR_A,
0,REDGATE_AGR_B,REDGATE_AGR_B,
0,REDGATE_AGR_C,REDGATE_AGR_C,
0,REDGATE_AGR_D,REDGATE_AGR_D,
0,SALTFORK_UNIT1,SALTFORK_UNIT1,
0,SALTFORK_UNIT2,SALTFORK_UNIT2,
0,SCSES_UNIT1A,SCSES_UNIT1A,
0,SILASRAY_SILAS_10,SILASRAY_SILAS_10,
0,SIRIUS_UNIT1,SIRIUS_UNIT1,
0,SIRIUS_UNIT2,SIRIUS_UNIT2,
0,SKY1_SKY1A,SKY1_SKY1A,
0,SKY1_SKY1B,SKY1_SKY1B,
0,SOLARA_UNIT1,SOLARA_UNIT1,
0,SPNCER_SPNCE_4,SPNCER_SPNCE_4,
0,SPNCER_SPNCE_5,SPNCER_SPNCE_5,
0,STEAM1A_STEAM_1,STEAM1A_STEAM_1,
0,STEAM_ENGINE_1,STEAM_ENGINE_1,
0,STEAM_ENGINE_2,STEAM_ENGINE_2,
0,STEAM_STEAM_3,STEAM_STEAM_3,
0,STP_STP_G1_J03,STP_STP_G1_J03,
0,STP_STP_G2_J03,STP_STP_G2_J03,
0,SWEETWN2_WND2,SWEETWN2_WND2,
0,SWEETWN2_WND24,SWEETWN2_WND24,
0,SWEETWN3_WND3A,SWEETWN3_WND3A,
0,SWEETWN3_WND3B,SWEETWN3_WND3B,
0,SWEETWN4_WND4A,SWEETWN4_WND4A,
0,SWEETWN4_WND4B,SWEETWN4_WND4B,
0,SWEETWN5_WND5,SWEETWN5_WND5,
0,SWEETWND_WND1,SWEETWND_WND1,
0,TGS_GT01,TGS_GT01,
0,TIMPP_AGR1,TIMPP_AGR1,
0,TIMPP_AGR2,TIMPP_AGR2,
0,TIMPP_AGR3,TIMPP_AGR3,
0,TIMPP_AGR4,TIMPP_AGR4,
0,TIMPP_AGR5,TIMPP_AGR5,
0,TIMPP_AGR6,TIMPP_AGR6,
0,TIMPP_AGR7,TIMPP_AGR7,
0,TIMPP_AGR8,TIMPP_AGR8,
0,TI_SOLAR_UNIT1,TI_SOLAR_UNIT1,
0,TI_SOLAR_UNIT2,TI_SOLAR_UNIT2,
0,TOPAZ_UNIT1,TOPAZ_UNIT1,
0,TOPAZ_UNIT10,TOPAZ_UNIT10,
0,TOPAZ_UNIT2,TOPAZ_UNIT2,
0,TOPAZ_UNIT3,TOPAZ_UNIT3,
0,TOPAZ_UNIT4,TOPAZ_UNIT4,
0,TOPAZ_UNIT5,TOPAZ_UNIT5,
0,TOPAZ_UNIT6,TOPAZ_UNIT6,
0,TOPAZ_UNIT7,TOPAZ_UNIT7,
0,TOPAZ_UNIT8,TOPAZ_UNIT8,
0,TRBT_SLR_PV1,TRBT_SLR_PV1,
0,TRBT_SLR_PV2,TRBT_SLR_PV2,
0,TYLRWIND_UNIT1,TYLRWIND_UNIT1,
0,VICTPORT_CTG01,VICTPORT_CTG01,
0,VICTPORT_CTG02,VICTPORT_CTG02,
0,VICTPRT2_UNIT1,VICTPRT2_UNIT1,
0,VICTPRT2_UNIT2,VICTPRT2_UNIT2,
0,WH_WIND_UNIT1,WH_WIND_UNIT1,
0,WH_WIND_UNIT2,WH_WIND_UNIT2,
0,WIRTZ_WIRTZ_G1,WIRTZ_WIRTZ_G1,
0,WIRTZ_WIRTZ_G2,WIRTZ_WIRTZ_G2,
