Scenario,Area,Load,Enforce,ScaleFactor,Schedule,Sequence
0,Coast,,,,Load_Coast_fcst,
0,East,,,,Load_East_fcst,
0,Far West,,,,Load_Far_West_fcst,
0,North,,,,Load_North_fcst,
0,North Central,,,,Load_North_Central_fcst,
0,South,,,,Load_South_fcst,
0,South Central,,,,Load_South_Central_fcst,
0,West,,,,Load_West_fcst,
ScnRT,Coast,,,,Load_Coast_act,
ScnRT,East,,,,Load_East_act,
ScnRT,Far West,,,,Load_Far_West_act,
ScnRT,North,,,,Load_North_act,
ScnRT,North Central,,,,Load_North_Central_act,
ScnRT,South,,,,Load_South_act,
ScnRT,South Central,,,,Load_South_Central_act,
ScnRT,West,,,,Load_West_act,
