Injector,Cycle,LastPeriod,UpCycle
AMOCOOIL_CC2,DA,0,
BASTEN_CC1,DA,0,
BOSQUESW_CC1,DA,0,
BOSQUESW_CC2,DA,0,
BRAUNIG_CC1,DA,0,
BTE_CC1,DA,0,
BVE_CC1,DA,0,
BYU_CC1,DA,0,
B_DAVIS_CC1,DA,0,
CAL_CC1,WA,0,
CBECII_CC3,DA,0,
CBEC_CC1,DA,0,
CBEC_CC2,WA,0,
CBY4_CC1,DA,0,
CCEC_CC1,DA,0,
CHE_CC1,DA,0,
CVC_CC1,DA,0,
DDPEC_CC1,DA,0,
DIB_CC1,DA,0,
DUKE_CC1,DA,0,
ETCCS_CC1,DA,0,
FERGCC_CC1,DA,0,
FREC_CC1,DA,0,
FREC_CC2,DA,0,
FRNYPP_CC1,DA,0,
FRNYPP_CC2,DA,0,
FTR_CC1,DA,0,
GUADG_CC1,DA,0,
GUADG_CC2,DA,0,
INGLCOSW_CC1,DA,0,
JACKCNTY_CC1,WA,0,
JCKCNTY2_CC1,WA,0,
KMCHI_CC1,DA,0,
KMCHI_CC2,DA,0,
LGE_CC1,DA,0,
LOSTPI_CC1,DA,0,
LPCCS_CC1,DA,0,
LPCCS_CC2,DA,0,
NEDIN_CC1,DA,0,
NUECES_B_CC1,DA,0,
OECCS_CC1,DA,0,
OECCS_CC2,DA,0,
PSA_CC1,DA,0,
PSG_CC1,DA,0,
QALSW_CC1,DA,0,
QALSW_CC2,WA,0,
RAYBURN_CC1,DA,0,
RIONOG_CC1,DA,0,
SANDHSYD_CC1,DA,0,
SILASRAY_CC1,DA,0,
TEN_CC1,DA,0,
TGCCS_CC1,DA,0,
THW_CC1,WA,0,
THW_CC2,DA,0,
TNSKA_CC1,WA,0,
TXCTY_CC1,DA,0,
VICTORIA_CC1,DA,0,
WCPP_CC1,WA,0,
WFCOGEN_CC1,DA,0,
WHCCS2_CC2,DA,0,
WHCCS_CC1,DA,0,
AEEC_ANTLP_1,DA,0,
AEEC_ANTLP_2,DA,0,
AEEC_ANTLP_3,WA,0,
AEEC_ELK_1,DA,0,
AEEC_ELK_2,DA,0,
AEEC_ELK_3,DA,0,
AZ_AZ_G1,WA,0,
BCH_UNIT1,WA,0,
BCH_UNIT3,WA,0,
BRAUNIG_VHB3,DA,0,
BTM_UNIT1,WA,0,
BTM_UNIT4,WA,0,
BTM_UNIT5,WA,0,
B_DAVIS_B_DAVIG1,DA,0,
CALAVERS_JKS1,DA,0,
CALAVERS_JKS2,DA,0,
CALAVERS_OWS1,WA,0,
CALAVERS_OWS2,DA,0,
CBEC_GT11,WA,0,
CBY_CBY_G1,WA,0,
CBY_CBY_G2,WA,0,
CEDRVALE_UNIT1,DA,0,
COLETO_COLETOG1,DA,0,
CPSES_UNIT1,DA,0,
CPSES_UNIT2,DA,0,
DANSBY_DANSBYG1,DA,0,
DECKER_DPGT_2,WA,0,
DEC_AGR_A,DA,0,
DEC_AGR_B,DA,0,
DEC_AGR_C,DA,0,
DEC_AGR_D,DA,0,
ECEC_G1,WA,0,
ECEC_G2,DA,0,
FEGC_UNIT1,DA,0,
FPPYD1_FPP_G1_J01,WA,0,
FPPYD1_FPP_G1_J02,DA,0,
FPPYD1_FPP_G2_J01,WA,0,
FPPYD1_FPP_G2_J02,DA,0,
FPPYD2_FPP_G3,DA,0,
GBY_GBYGT73,WA,0,
GBY_GBYGT83,WA,0,
GIDEON_GIDEONG1,DA,0,
GIDEON_GIDEONG2,DA,0,
GIDEON_GIDEONG3,WA,0,
GRSES_UNIT1,DA,0,
GRSES_UNIT2,DA,0,
HAYSEN_HAYSENG1,DA,0,
HAYSEN_HAYSENG2,DA,0,
HAYSEN_HAYSENG3,DA,0,
HAYSEN_HAYSENG4,WA,0,
HLSES_UNIT3,WA,0,
HLSES_UNIT4,DA,0,
HLSES_UNIT5,DA,0,
JAD_UNIT1,WA,0,
JAD_UNIT7,WA,0,
K2_DGR2,WA,0,
LARDVFTN_G4,DA,0,
LARDVFTN_G5,DA,0,
LEG_LEG_G1,DA,0,
LEG_LEG_G2,DA,0,
LHM_CVC_G4,WA,0,
LHSES_UNIT1,DA,0,
LHSES_UNIT2A,DA,0,
MCSES_UNIT6,DA,0,
MCSES_UNIT7,DA,0,
MCSES_UNIT8,DA,0,
MDANP_CT1,DA,0,
MDANP_CT2,DA,0,
MDANP_CT3,DA,0,
MDANP_CT4,DA,0,
MDANP_CT5,DA,0,
MDANP_CT6,DA,0,
MGSES_CT3,WA,0,
MGSES_CT5,WA,0,
MIL_MILLERG2,DA,0,
MIL_MILLERG3,DA,0,
MIL_MILLERG4,DA,0,
MIL_MILLERG5,DA,0,
MLSES_UNIT1,DA,0,
MLSES_UNIT2,DA,0,
MLSES_UNIT3,DA,0,
OGSES_UNIT1A,DA,0,
OGSES_UNIT2,DA,0,
OLINGR_OLING_2,DA,0,
OLINGR_OLING_3,DA,0,
PB2SES_CT1,WA,0,
PB2SES_CT3,WA,0,
PEARSAL2_AGR_A,DA,0,
PEARSAL2_AGR_B,DA,0,
PEARSAL2_AGR_C,WA,0,
PEARSAL2_AGR_D,DA,0,
PPEC_GT7,DA,0,
PPEC_GT8,WA,0,
PRO_UNIT3,WA,0,
PRO_UNIT6,WA,0,
PRO_UNIT7,WA,0,
PR_PR_G2,DA,0,
PYOTE_UNIT1,DA,0,
RAB_UNIT2,WA,0,
RAB_UNIT6,WA,0,
REDGATE_AGR_A,DA,0,
REDGATE_AGR_B,WA,0,
REDGATE_AGR_C,DA,0,
REDGATE_AGR_D,WA,0,
SANDHSYD_SH1,WA,0,
SANMIGL_G1,DA,0,
SCES_UNIT1_J01,WA,0,
SCES_UNIT1_J02,DA,0,
SCES_UNIT1_J03,DA,0,
SCES_UNIT1_J04,WA,0,
SCSES_UNIT1A,DA,0,
SCSES_UNIT2,DA,0,
SKY1_SKY1A,WA,0,
SKY1_SKY1B,DA,0,
SPNCER_SPNCE_4,WA,0,
SPNCER_SPNCE_5,DA,0,
STEAM1A_STEAM_1,DA,0,
STEAM_ENGINE_1,DA,0,
STEAM_ENGINE_2,DA,0,
STEAM_ENGINE_3,DA,0,
STEAM_STEAM_2,DA,0,
STEAM_STEAM_3,WA,0,
STP_STP_G1_J01,DA,0,
STP_STP_G1_J03,DA,0,
STP_STP_G1_J04,DA,0,
STP_STP_G2_J01,DA,0,
STP_STP_G2_J03,DA,0,
STP_STP_G2_J04,DA,0,
THW_GT61,DA,0,
THW_GT62,DA,0,
THW_THWGT51,WA,0,
TIMPP_AGR1,DA,0,
TIMPP_AGR2,DA,0,
TIMPP_AGR3,WA,0,
TIMPP_AGR4,DA,0,
TIMPP_AGR5,DA,0,
TIMPP_AGR6,DA,0,
TIMPP_AGR7,DA,0,
TIMPP_AGR8,WA,0,
TNP_ONE_TNP_O_1,DA,0,
TNP_ONE_TNP_O_2,DA,0,
TOPAZ_UNIT5,WA,0,
TRSES_UNIT6,DA,0,
VICTPORT_CTG02,WA,0,
WAP_WAP_G1,DA,0,
WAP_WAP_G2,DA,0,
WAP_WAP_G3,DA,0,
WAP_WAP_G4,DA,0,
WAP_WAP_G5,DA,0,
WAP_WAP_G6,DA,0,
WAP_WAP_G7,DA,0,
WAP_WAP_G8,DA,0,
WIPOPA_WPP_G2,WA,0,
X1_DGR1,WA,0,
