Cycle,Injector,HoldCycle,Solve,PricingCycle,IgnoreBaseCost,EnforceStartCost
WA,CAL_CC1,,1,,,
WA,CBEC_CC2,,1,,,
WA,JACKCNTY_CC1,,1,,,
WA,JCKCNTY2_CC1,,1,,,
WA,QALSW_CC2,,1,,,
WA,THW_CC1,,1,,,
WA,TNSKA_CC1,,1,,,
WA,WCPP_CC1,,1,,,
WA,AEEC_ANTLP_3,,1,,,
WA,AZ_AZ_G1,,1,,,
WA,BCH_UNIT1,,1,,,
WA,BCH_UNIT3,,1,,,
WA,BTM_UNIT1,,1,,,
WA,BTM_UNIT4,,1,,,
WA,BTM_UNIT5,,1,,,
WA,CALAVERS_OWS1,,1,,,
WA,CBEC_GT11,,1,,,
WA,CBY_CBY_G1,,1,,,
WA,CBY_CBY_G2,,1,,,
WA,DECKER_DPGT_2,,1,,,
WA,ECEC_G1,,1,,,
WA,FPPYD1_FPP_G1_J01,,1,,,
WA,FPPYD1_FPP_G2_J01,,1,,,
WA,GBY_GBYGT73,,1,,,
WA,GBY_GBYGT83,,1,,,
WA,GIDEON_GIDEONG3,,1,,,
WA,HAYSEN_HAYSENG4,,1,,,
WA,HLSES_UNIT3,,1,,,
WA,JAD_UNIT1,,1,,,
WA,JAD_UNIT7,,1,,,
WA,K2_DGR2,,1,,,
WA,LHM_CVC_G4,,1,,,
WA,MGSES_CT3,,1,,,
WA,MGSES_CT5,,1,,,
WA,PB2SES_CT1,,1,,,
WA,PB2SES_CT3,,1,,,
WA,PEARSAL2_AGR_C,,1,,,
WA,PPEC_GT8,,1,,,
WA,PRO_UNIT3,,1,,,
WA,PRO_UNIT6,,1,,,
WA,PRO_UNIT7,,1,,,
WA,RAB_UNIT2,,1,,,
WA,RAB_UNIT6,,1,,,
WA,REDGATE_AGR_B,,1,,,
WA,REDGATE_AGR_D,,1,,,
WA,SANDHSYD_SH1,,1,,,
WA,SCES_UNIT1_J01,,1,,,
WA,SCES_UNIT1_J04,,1,,,
WA,SKY1_SKY1A,,1,,,
WA,SPNCER_SPNCE_4,,1,,,
WA,STEAM_STEAM_3,,1,,,
WA,THW_THWGT51,,1,,,
WA,TIMPP_AGR3,,1,,,
WA,TIMPP_AGR8,,1,,,
WA,TOPAZ_UNIT5,,1,,,
WA,VICTPORT_CTG02,,1,,,
WA,WIPOPA_WPP_G2,,1,,,
WA,X1_DGR1,,1,,,
