Schedule,RepeatTime,StepChange,Cycle,Periodic,UseMin,UseMax,UseFirst,UseLast,Report
Load_Coast_fcst,385,1,,0,0,0,0,0,0
Load_Coast_act,385,1,,0,0,0,0,0,0
Load_East_fcst,385,1,,0,0,0,0,0,0
Load_East_act,385,1,,0,0,0,0,0,0
Load_Far_West_fcst,385,1,,0,0,0,0,0,0
Load_Far_West_act,385,1,,0,0,0,0,0,0
Load_North_fcst,385,1,,0,0,0,0,0,0
Load_North_act,385,1,,0,0,0,0,0,0
Load_North_Central_fcst,385,1,,0,0,0,0,0,0
Load_North_Central_act,385,1,,0,0,0,0,0,0
Load_South_fcst,385,1,,0,0,0,0,0,0
Load_South_act,385,1,,0,0,0,0,0,0
Load_South_Central_fcst,385,1,,0,0,0,0,0,0
Load_South_Central_act,385,1,,0,0,0,0,0,0
Load_West_fcst,385,1,,0,0,0,0,0,0
Load_West_act,385,1,,0,0,0,0,0,0
7RNCHSLR_UNIT1_fcst,385,1,,0,0,0,0,0,0
7RNCHSLR_UNIT1_act,385,1,,0,0,0,0,0,0
7RNCHSLR_UNIT2_fcst,385,1,,0,0,0,0,0,0
7RNCHSLR_UNIT2_act,385,1,,0,0,0,0,0,0
7RNCHSLR_UNIT3_fcst,385,1,,0,0,0,0,0,0
7RNCHSLR_UNIT3_act,385,1,,0,0,0,0,0,0
ADL_SOLAR1_fcst,385,1,,0,0,0,0,0,0
ADL_SOLAR1_act,385,1,,0,0,0,0,0,0
AGUAYO_UNIT1_fcst,385,1,,0,0,0,0,0,0
AGUAYO_UNIT1_act,385,1,,0,0,0,0,0,0
AJAXWIND_UNIT1_fcst,385,1,,0,0,0,0,0,0
AJAXWIND_UNIT1_act,385,1,,0,0,0,0,0,0
AJAXWIND_UNIT2_fcst,385,1,,0,0,0,0,0,0
AJAXWIND_UNIT2_act,385,1,,0,0,0,0,0,0
ALGODON_UNIT1_fcst,385,1,,0,0,0,0,0,0
ALGODON_UNIT1_act,385,1,,0,0,0,0,0,0
ALGODON_UNIT2_fcst,385,1,,0,0,0,0,0,0
ALGODON_UNIT2_act,385,1,,0,0,0,0,0,0
AMADEUS1_UNIT1_fcst,385,1,,0,0,0,0,0,0
AMADEUS1_UNIT1_act,385,1,,0,0,0,0,0,0
AMADEUS1_UNIT2_fcst,385,1,,0,0,0,0,0,0
AMADEUS1_UNIT2_act,385,1,,0,0,0,0,0,0
AMADEUS2_UNIT3_fcst,385,1,,0,0,0,0,0,0
AMADEUS2_UNIT3_act,385,1,,0,0,0,0,0,0
ANACACHO_ANA_fcst,385,1,,0,0,0,0,0,0
ANACACHO_ANA_act,385,1,,0,0,0,0,0,0
ANCHOR_WIND1_fcst,385,1,,0,0,0,0,0,0
ANCHOR_WIND1_act,385,1,,0,0,0,0,0,0
ANCHOR_WIND2_fcst,385,1,,0,0,0,0,0,0
ANCHOR_WIND2_act,385,1,,0,0,0,0,0,0
ANCHOR_WIND3_fcst,385,1,,0,0,0,0,0,0
ANCHOR_WIND3_act,385,1,,0,0,0,0,0,0
ANCHOR_WIND4_fcst,385,1,,0,0,0,0,0,0
ANCHOR_WIND4_act,385,1,,0,0,0,0,0,0
ANCHOR_WIND5_fcst,385,1,,0,0,0,0,0,0
ANCHOR_WIND5_act,385,1,,0,0,0,0,0,0
ANDMDSLR_UNIT1_fcst,385,1,,0,0,0,0,0,0
ANDMDSLR_UNIT1_act,385,1,,0,0,0,0,0,0
ANDMDSLR_UNIT2_fcst,385,1,,0,0,0,0,0,0
ANDMDSLR_UNIT2_act,385,1,,0,0,0,0,0,0
ANG_SLR_UNIT1_fcst,385,1,,0,0,0,0,0,0
ANG_SLR_UNIT1_act,385,1,,0,0,0,0,0,0
ANSON1_UNIT1_fcst,385,1,,0,0,0,0,0,0
ANSON1_UNIT1_act,385,1,,0,0,0,0,0,0
ANSON1_UNIT2_fcst,385,1,,0,0,0,0,0,0
ANSON1_UNIT2_act,385,1,,0,0,0,0,0,0
ANSON2_UNIT1_fcst,385,1,,0,0,0,0,0,0
ANSON2_UNIT1_act,385,1,,0,0,0,0,0,0
APOGEE_UNIT1_fcst,385,1,,0,0,0,0,0,0
APOGEE_UNIT1_act,385,1,,0,0,0,0,0,0
APOGEE_UNIT2_fcst,385,1,,0,0,0,0,0,0
APOGEE_UNIT2_act,385,1,,0,0,0,0,0,0
APOGEE_UNIT3_fcst,385,1,,0,0,0,0,0,0
APOGEE_UNIT3_act,385,1,,0,0,0,0,0,0
APOGEE_UNIT4_fcst,385,1,,0,0,0,0,0,0
APOGEE_UNIT4_act,385,1,,0,0,0,0,0,0
APOGEE_UNIT5_fcst,385,1,,0,0,0,0,0,0
APOGEE_UNIT5_act,385,1,,0,0,0,0,0,0
APOGEE_UNIT6_fcst,385,1,,0,0,0,0,0,0
APOGEE_UNIT6_act,385,1,,0,0,0,0,0,0
APOGEE_UNIT7_fcst,385,1,,0,0,0,0,0,0
APOGEE_UNIT7_act,385,1,,0,0,0,0,0,0
APPALOSA_UNIT1_fcst,385,1,,0,0,0,0,0,0
APPALOSA_UNIT1_act,385,1,,0,0,0,0,0,0
APPALOSA_UNIT2_fcst,385,1,,0,0,0,0,0,0
APPALOSA_UNIT2_act,385,1,,0,0,0,0,0,0
AQUILLA_U1_23_fcst,385,1,,0,0,0,0,0,0
AQUILLA_U1_23_act,385,1,,0,0,0,0,0,0
AQUILLA_U1_28_fcst,385,1,,0,0,0,0,0,0
AQUILLA_U1_28_act,385,1,,0,0,0,0,0,0
AQUILLA_U2_23_fcst,385,1,,0,0,0,0,0,0
AQUILLA_U2_23_act,385,1,,0,0,0,0,0,0
AQUILLA_U2_28_fcst,385,1,,0,0,0,0,0,0
AQUILLA_U2_28_act,385,1,,0,0,0,0,0,0
ARAGORN_UNIT1_fcst,385,1,,0,0,0,0,0,0
ARAGORN_UNIT1_act,385,1,,0,0,0,0,0,0
ASCK_SLR_SOLAR1_fcst,385,1,,0,0,0,0,0,0
ASCK_SLR_SOLAR1_act,385,1,,0,0,0,0,0,0
ASCK_SLR_SOLAR2_fcst,385,1,,0,0,0,0,0,0
ASCK_SLR_SOLAR2_act,385,1,,0,0,0,0,0,0
ASTRA_UNIT1_fcst,385,1,,0,0,0,0,0,0
ASTRA_UNIT1_act,385,1,,0,0,0,0,0,0
AURO_SLR_UNIT1_fcst,385,1,,0,0,0,0,0,0
AURO_SLR_UNIT1_act,385,1,,0,0,0,0,0,0
AVIATOR_UNIT1_fcst,385,1,,0,0,0,0,0,0
AVIATOR_UNIT1_act,385,1,,0,0,0,0,0,0
AVIATOR_UNIT2_fcst,385,1,,0,0,0,0,0,0
AVIATOR_UNIT2_act,385,1,,0,0,0,0,0,0
AZSP_SLR_SOLAR1_fcst,385,1,,0,0,0,0,0,0
AZSP_SLR_SOLAR1_act,385,1,,0,0,0,0,0,0
AZURE_SOLAR1_fcst,385,1,,0,0,0,0,0,0
AZURE_SOLAR1_act,385,1,,0,0,0,0,0,0
AZURE_SOLAR2_fcst,385,1,,0,0,0,0,0,0
AZURE_SOLAR2_act,385,1,,0,0,0,0,0,0
BAFFIN_UNIT1_fcst,385,1,,0,0,0,0,0,0
BAFFIN_UNIT1_act,385,1,,0,0,0,0,0,0
BAFFIN_UNIT2_fcst,385,1,,0,0,0,0,0,0
BAFFIN_UNIT2_act,385,1,,0,0,0,0,0,0
BAIRDWND_UNIT1_fcst,385,1,,0,0,0,0,0,0
BAIRDWND_UNIT1_act,385,1,,0,0,0,0,0,0
BAIRDWND_UNIT2_fcst,385,1,,0,0,0,0,0,0
BAIRDWND_UNIT2_act,385,1,,0,0,0,0,0,0
BAKE_SLR_UNIT1_fcst,385,1,,0,0,0,0,0,0
BAKE_SLR_UNIT1_act,385,1,,0,0,0,0,0,0
BAKE_SLR_UNIT2_fcst,385,1,,0,0,0,0,0,0
BAKE_SLR_UNIT2_act,385,1,,0,0,0,0,0,0
BARROW_UNIT1_fcst,385,1,,0,0,0,0,0,0
BARROW_UNIT1_act,385,1,,0,0,0,0,0,0
BARROW_UNIT2_fcst,385,1,,0,0,0,0,0,0
BARROW_UNIT2_act,385,1,,0,0,0,0,0,0
BART_SLR_SOLAR1_fcst,385,1,,0,0,0,0,0,0
BART_SLR_SOLAR1_act,385,1,,0,0,0,0,0,0
BBREEZE_UNIT1_fcst,385,1,,0,0,0,0,0,0
BBREEZE_UNIT1_act,385,1,,0,0,0,0,0,0
BBREEZE_UNIT2_fcst,385,1,,0,0,0,0,0,0
BBREEZE_UNIT2_act,385,1,,0,0,0,0,0,0
BCATWIND_WIND_1_fcst,385,1,,0,0,0,0,0,0
BCATWIND_WIND_1_act,385,1,,0,0,0,0,0,0
BCK_UNIT1_fcst,385,1,,0,0,0,0,0,0
BCK_UNIT1_act,385,1,,0,0,0,0,0,0
BCK_UNIT2_fcst,385,1,,0,0,0,0,0,0
BCK_UNIT2_act,385,1,,0,0,0,0,0,0
BELM_SLR_UNIT1_fcst,385,1,,0,0,0,0,0,0
BELM_SLR_UNIT1_act,385,1,,0,0,0,0,0,0
BIGSAMWD_UNIT1_fcst,385,1,,0,0,0,0,0,0
BIGSAMWD_UNIT1_act,385,1,,0,0,0,0,0,0
BIGSAMWD_UNIT2_fcst,385,1,,0,0,0,0,0,0
BIGSAMWD_UNIT2_act,385,1,,0,0,0,0,0,0
BIG_STAR_UNIT1_fcst,385,1,,0,0,0,0,0,0
BIG_STAR_UNIT1_act,385,1,,0,0,0,0,0,0
BIG_STAR_UNIT2_fcst,385,1,,0,0,0,0,0,0
BIG_STAR_UNIT2_act,385,1,,0,0,0,0,0,0
BLACKJAK_UNIT1_fcst,385,1,,0,0,0,0,0,0
BLACKJAK_UNIT1_act,385,1,,0,0,0,0,0,0
BLACKJAK_UNIT2_fcst,385,1,,0,0,0,0,0,0
BLACKJAK_UNIT2_act,385,1,,0,0,0,0,0,0
BLSUMIT3_UNIT_17_fcst,385,1,,0,0,0,0,0,0
BLSUMIT3_UNIT_17_act,385,1,,0,0,0,0,0,0
BLSUMIT3_UNIT_25_fcst,385,1,,0,0,0,0,0,0
BLSUMIT3_UNIT_25_act,385,1,,0,0,0,0,0,0
BLSUMMIT_BLSMT1_5_fcst,385,1,,0,0,0,0,0,0
BLSUMMIT_BLSMT1_5_act,385,1,,0,0,0,0,0,0
BLSUMMIT_BLSMT1_6_fcst,385,1,,0,0,0,0,0,0
BLSUMMIT_BLSMT1_6_act,385,1,,0,0,0,0,0,0
BLSUMMIT_UNIT2_17_fcst,385,1,,0,0,0,0,0,0
BLSUMMIT_UNIT2_17_act,385,1,,0,0,0,0,0,0
BLSUMMIT_UNIT2_25_fcst,385,1,,0,0,0,0,0,0
BLSUMMIT_UNIT2_25_act,385,1,,0,0,0,0,0,0
BLUEJAY_UNIT1_fcst,385,1,,0,0,0,0,0,0
BLUEJAY_UNIT1_act,385,1,,0,0,0,0,0,0
BLUEJAY_UNIT2_fcst,385,1,,0,0,0,0,0,0
BLUEJAY_UNIT2_act,385,1,,0,0,0,0,0,0
BLVN_SLR_SOLAR2_fcst,385,1,,0,0,0,0,0,0
BLVN_SLR_SOLAR2_act,385,1,,0,0,0,0,0,0
BLVN_SLR_SOLAR3_fcst,385,1,,0,0,0,0,0,0
BLVN_SLR_SOLAR3_act,385,1,,0,0,0,0,0,0
BOARDCRK_UNIT1_fcst,385,1,,0,0,0,0,0,0
BOARDCRK_UNIT1_act,385,1,,0,0,0,0,0,0
BOARDCRK_UNIT2_fcst,385,1,,0,0,0,0,0,0
BOARDCRK_UNIT2_act,385,1,,0,0,0,0,0,0
BOOTLEG_UNIT1_fcst,385,1,,0,0,0,0,0,0
BOOTLEG_UNIT1_act,385,1,,0,0,0,0,0,0
BORDAS2_JAVEL2_A_fcst,385,1,,0,0,0,0,0,0
BORDAS2_JAVEL2_A_act,385,1,,0,0,0,0,0,0
BORDAS2_JAVEL2_B_fcst,385,1,,0,0,0,0,0,0
BORDAS2_JAVEL2_B_act,385,1,,0,0,0,0,0,0
BORDAS2_JAVEL2_C_fcst,385,1,,0,0,0,0,0,0
BORDAS2_JAVEL2_C_act,385,1,,0,0,0,0,0,0
BORDAS_JAVEL18_fcst,385,1,,0,0,0,0,0,0
BORDAS_JAVEL18_act,385,1,,0,0,0,0,0,0
BORDAS_JAVEL20_fcst,385,1,,0,0,0,0,0,0
BORDAS_JAVEL20_act,385,1,,0,0,0,0,0,0
BRAZ_WND_WND1_fcst,385,1,,0,0,0,0,0,0
BRAZ_WND_WND1_act,385,1,,0,0,0,0,0,0
BRAZ_WND_WND2_fcst,385,1,,0,0,0,0,0,0
BRAZ_WND_WND2_act,385,1,,0,0,0,0,0,0
BRIGHTSD_UNIT1_fcst,385,1,,0,0,0,0,0,0
BRIGHTSD_UNIT1_act,385,1,,0,0,0,0,0,0
BRISCOE_WIND_fcst,385,1,,0,0,0,0,0,0
BRISCOE_WIND_act,385,1,,0,0,0,0,0,0
BRTSW_BCW1_fcst,385,1,,0,0,0,0,0,0
BRTSW_BCW1_act,385,1,,0,0,0,0,0,0
BR_ARROW_UNIT1_fcst,385,1,,0,0,0,0,0,0
BR_ARROW_UNIT1_act,385,1,,0,0,0,0,0,0
BR_ARROW_UNIT2_fcst,385,1,,0,0,0,0,0,0
BR_ARROW_UNIT2_act,385,1,,0,0,0,0,0,0
BUCKTHRN_UNIT1_fcst,385,1,,0,0,0,0,0,0
BUCKTHRN_UNIT1_act,385,1,,0,0,0,0,0,0
BUCKTHRN_UNIT2_fcst,385,1,,0,0,0,0,0,0
BUCKTHRN_UNIT2_act,385,1,,0,0,0,0,0,0
BULLCRK_WND1_fcst,385,1,,0,0,0,0,0,0
BULLCRK_WND1_act,385,1,,0,0,0,0,0,0
BULLCRK_WND2_fcst,385,1,,0,0,0,0,0,0
BULLCRK_WND2_act,385,1,,0,0,0,0,0,0
BUZI_SLR_UNIT1_fcst,385,1,,0,0,0,0,0,0
BUZI_SLR_UNIT1_act,385,1,,0,0,0,0,0,0
BUZI_SLR_UNIT2_fcst,385,1,,0,0,0,0,0,0
BUZI_SLR_UNIT2_act,385,1,,0,0,0,0,0,0
BUZI_SLR_UNIT3_fcst,385,1,,0,0,0,0,0,0
BUZI_SLR_UNIT3_act,385,1,,0,0,0,0,0,0
BUZI_SLR_UNIT4_fcst,385,1,,0,0,0,0,0,0
BUZI_SLR_UNIT4_act,385,1,,0,0,0,0,0,0
BYNM_SLR_SOLAR1_fcst,385,1,,0,0,0,0,0,0
BYNM_SLR_SOLAR1_act,385,1,,0,0,0,0,0,0
CABEZON_WIND1_fcst,385,1,,0,0,0,0,0,0
CABEZON_WIND1_act,385,1,,0,0,0,0,0,0
CABEZON_WIND2_fcst,385,1,,0,0,0,0,0,0
CABEZON_WIND2_act,385,1,,0,0,0,0,0,0
CAMWIND_UNIT1_fcst,385,1,,0,0,0,0,0,0
CAMWIND_UNIT1_act,385,1,,0,0,0,0,0,0
CANYONWD_UNIT1_fcst,385,1,,0,0,0,0,0,0
CANYONWD_UNIT1_act,385,1,,0,0,0,0,0,0
CANYONWD_UNIT2_fcst,385,1,,0,0,0,0,0,0
CANYONWD_UNIT2_act,385,1,,0,0,0,0,0,0
CANYONWD_UNIT3_fcst,385,1,,0,0,0,0,0,0
CANYONWD_UNIT3_act,385,1,,0,0,0,0,0,0
CANYONWD_UNIT4_fcst,385,1,,0,0,0,0,0,0
CANYONWD_UNIT4_act,385,1,,0,0,0,0,0,0
CANYONWD_UNIT5_fcst,385,1,,0,0,0,0,0,0
CANYONWD_UNIT5_act,385,1,,0,0,0,0,0,0
CANYONWD_UNIT6_fcst,385,1,,0,0,0,0,0,0
CANYONWD_UNIT6_act,385,1,,0,0,0,0,0,0
CAPRIDG4_BB2_PV1_fcst,385,1,,0,0,0,0,0,0
CAPRIDG4_BB2_PV1_act,385,1,,0,0,0,0,0,0
CAPRIDG4_BB2_PV2_fcst,385,1,,0,0,0,0,0,0
CAPRIDG4_BB2_PV2_act,385,1,,0,0,0,0,0,0
CAPRIDG4_BB_PV_fcst,385,1,,0,0,0,0,0,0
CAPRIDG4_BB_PV_act,385,1,,0,0,0,0,0,0
CAPRIDG4_CR4_fcst,385,1,,0,0,0,0,0,0
CAPRIDG4_CR4_act,385,1,,0,0,0,0,0,0
CAPRIDGE_CR1_fcst,385,1,,0,0,0,0,0,0
CAPRIDGE_CR1_act,385,1,,0,0,0,0,0,0
CAPRIDGE_CR2_fcst,385,1,,0,0,0,0,0,0
CAPRIDGE_CR2_act,385,1,,0,0,0,0,0,0
CAPRIDGE_CR3_fcst,385,1,,0,0,0,0,0,0
CAPRIDGE_CR3_act,385,1,,0,0,0,0,0,0
CASL_GAP_UNIT1_fcst,385,1,,0,0,0,0,0,0
CASL_GAP_UNIT1_act,385,1,,0,0,0,0,0,0
CEDROHIL_CHW1_fcst,385,1,,0,0,0,0,0,0
CEDROHIL_CHW1_act,385,1,,0,0,0,0,0,0
CEDROHIL_CHW2_fcst,385,1,,0,0,0,0,0,0
CEDROHIL_CHW2_act,385,1,,0,0,0,0,0,0
CFLATS_U1_fcst,385,1,,0,0,0,0,0,0
CFLATS_U1_act,385,1,,0,0,0,0,0,0
CHALUPA_UNIT1_fcst,385,1,,0,0,0,0,0,0
CHALUPA_UNIT1_act,385,1,,0,0,0,0,0,0
CHALUPA_UNIT2_fcst,385,1,,0,0,0,0,0,0
CHALUPA_UNIT2_act,385,1,,0,0,0,0,0,0
CHAL_SLR_SOLAR1_fcst,385,1,,0,0,0,0,0,0
CHAL_SLR_SOLAR1_act,385,1,,0,0,0,0,0,0
CHAMPION_UNIT1_fcst,385,1,,0,0,0,0,0,0
CHAMPION_UNIT1_act,385,1,,0,0,0,0,0,0
CHAMPION_UNIT2_fcst,385,1,,0,0,0,0,0,0
CHAMPION_UNIT2_act,385,1,,0,0,0,0,0,0
CHAMPION_UNIT3_fcst,385,1,,0,0,0,0,0,0
CHAMPION_UNIT3_act,385,1,,0,0,0,0,0,0
CHIL_SLR_SOLAR1_fcst,385,1,,0,0,0,0,0,0
CHIL_SLR_SOLAR1_act,385,1,,0,0,0,0,0,0
CHIL_SLR_SOLAR2_fcst,385,1,,0,0,0,0,0,0
CHIL_SLR_SOLAR2_act,385,1,,0,0,0,0,0,0
CMPD_SLR_SOLAR1_fcst,385,1,,0,0,0,0,0,0
CMPD_SLR_SOLAR1_act,385,1,,0,0,0,0,0,0
CMPD_SLR_SOLAR2_fcst,385,1,,0,0,0,0,0,0
CMPD_SLR_SOLAR2_act,385,1,,0,0,0,0,0,0
CN_BRKS_UNIT_1_fcst,385,1,,0,0,0,0,0,0
CN_BRKS_UNIT_1_act,385,1,,0,0,0,0,0,0
CONIGLIO_UNIT1_fcst,385,1,,0,0,0,0,0,0
CONIGLIO_UNIT1_act,385,1,,0,0,0,0,0,0
CORALSLR_SOLAR1_fcst,385,1,,0,0,0,0,0,0
CORALSLR_SOLAR1_act,385,1,,0,0,0,0,0,0
CORALSLR_SOLAR2_fcst,385,1,,0,0,0,0,0,0
CORALSLR_SOLAR2_act,385,1,,0,0,0,0,0,0
CORAZON_UNIT1_fcst,385,1,,0,0,0,0,0,0
CORAZON_UNIT1_act,385,1,,0,0,0,0,0,0
COTPLNS_COTTONPL_fcst,385,1,,0,0,0,0,0,0
COTPLNS_COTTONPL_act,385,1,,0,0,0,0,0,0
COTPLNS_OLDSETLR_fcst,385,1,,0,0,0,0,0,0
COTPLNS_OLDSETLR_act,385,1,,0,0,0,0,0,0
COTTON_PAP2_fcst,385,1,,0,0,0,0,0,0
COTTON_PAP2_act,385,1,,0,0,0,0,0,0
COYOTE_W_UNIT1_fcst,385,1,,0,0,0,0,0,0
COYOTE_W_UNIT1_act,385,1,,0,0,0,0,0,0
COYOTE_W_UNIT2_fcst,385,1,,0,0,0,0,0,0
COYOTE_W_UNIT2_act,385,1,,0,0,0,0,0,0
COYOTE_W_UNIT3_fcst,385,1,,0,0,0,0,0,0
COYOTE_W_UNIT3_act,385,1,,0,0,0,0,0,0
CRANELL_UNIT1_fcst,385,1,,0,0,0,0,0,0
CRANELL_UNIT1_act,385,1,,0,0,0,0,0,0
CRAWFISH_UNIT1_fcst,385,1,,0,0,0,0,0,0
CRAWFISH_UNIT1_act,385,1,,0,0,0,0,0,0
CRWN_SLR_UNIT1_fcst,385,1,,0,0,0,0,0,0
CRWN_SLR_UNIT1_act,385,1,,0,0,0,0,0,0
CSEC_CSECG1_fcst,385,1,,0,0,0,0,0,0
CSEC_CSECG1_act,385,1,,0,0,0,0,0,0
CSEC_CSECG2_fcst,385,1,,0,0,0,0,0,0
CSEC_CSECG2_act,385,1,,0,0,0,0,0,0
CST1_SLR_SOLAR1_fcst,385,1,,0,0,0,0,0,0
CST1_SLR_SOLAR1_act,385,1,,0,0,0,0,0,0
CTW_SOLAR1_fcst,385,1,,0,0,0,0,0,0
CTW_SOLAR1_act,385,1,,0,0,0,0,0,0
CTW_SOLAR2_fcst,385,1,,0,0,0,0,0,0
CTW_SOLAR2_act,385,1,,0,0,0,0,0,0
DAG_UNIT1_fcst,385,1,,0,0,0,0,0,0
DAG_UNIT1_act,385,1,,0,0,0,0,0,0
DAG_UNIT2_fcst,385,1,,0,0,0,0,0,0
DAG_UNIT2_act,385,1,,0,0,0,0,0,0
DAN_UNIT1_fcst,385,1,,0,0,0,0,0,0
DAN_UNIT1_act,385,1,,0,0,0,0,0,0
DAN_UNIT2_fcst,385,1,,0,0,0,0,0,0
DAN_UNIT2_act,385,1,,0,0,0,0,0,0
DAN_UNIT3_fcst,385,1,,0,0,0,0,0,0
DAN_UNIT3_act,385,1,,0,0,0,0,0,0
DELILA_1_G1_fcst,385,1,,0,0,0,0,0,0
DELILA_1_G1_act,385,1,,0,0,0,0,0,0
DELILA_1_G2_fcst,385,1,,0,0,0,0,0,0
DELILA_1_G2_act,385,1,,0,0,0,0,0,0
DELILA_2_G1_fcst,385,1,,0,0,0,0,0,0
DELILA_2_G1_act,385,1,,0,0,0,0,0,0
DELILA_2_G2_fcst,385,1,,0,0,0,0,0,0
DELILA_2_G2_act,385,1,,0,0,0,0,0,0
DELILA_2_G3_fcst,385,1,,0,0,0,0,0,0
DELILA_2_G3_act,385,1,,0,0,0,0,0,0
DERMOTT_UNIT1_fcst,385,1,,0,0,0,0,0,0
DERMOTT_UNIT1_act,385,1,,0,0,0,0,0,0
DERMOTT_UNIT2_fcst,385,1,,0,0,0,0,0,0
DERMOTT_UNIT2_act,385,1,,0,0,0,0,0,0
DEWOLF_UNIT1_fcst,385,1,,0,0,0,0,0,0
DEWOLF_UNIT1_act,385,1,,0,0,0,0,0,0
DIGBY_UNIT1_fcst,385,1,,0,0,0,0,0,0
DIGBY_UNIT1_act,385,1,,0,0,0,0,0,0
DIGBY_UNIT2_fcst,385,1,,0,0,0,0,0,0
DIGBY_UNIT2_act,385,1,,0,0,0,0,0,0
DILEOSLR_UNIT1_fcst,385,1,,0,0,0,0,0,0
DILEOSLR_UNIT1_act,385,1,,0,0,0,0,0,0
DIVR_SLR_SOLAR1_fcst,385,1,,0,0,0,0,0,0
DIVR_SLR_SOLAR1_act,385,1,,0,0,0,0,0,0
DIVR_SLR_SOLAR2_fcst,385,1,,0,0,0,0,0,0
DIVR_SLR_SOLAR2_act,385,1,,0,0,0,0,0,0
DMA_SOLAR1_fcst,385,1,,0,0,0,0,0,0
DMA_SOLAR1_act,385,1,,0,0,0,0,0,0
DORA_SLR_SOLAR1_fcst,385,1,,0,0,0,0,0,0
DORA_SLR_SOLAR1_act,385,1,,0,0,0,0,0,0
DORA_SLR_SOLAR2_fcst,385,1,,0,0,0,0,0,0
DORA_SLR_SOLAR2_act,385,1,,0,0,0,0,0,0
DRCK_SLR_SOLAR1_fcst,385,1,,0,0,0,0,0,0
DRCK_SLR_SOLAR1_act,385,1,,0,0,0,0,0,0
DSKYWND1_UNIT_1A_fcst,385,1,,0,0,0,0,0,0
DSKYWND1_UNIT_1A_act,385,1,,0,0,0,0,0,0
DSKYWND1_UNIT_1B_fcst,385,1,,0,0,0,0,0,0
DSKYWND1_UNIT_1B_act,385,1,,0,0,0,0,0,0
DSKYWND2_UNIT_2A_fcst,385,1,,0,0,0,0,0,0
DSKYWND2_UNIT_2A_act,385,1,,0,0,0,0,0,0
DSKYWND2_UNIT_2B_fcst,385,1,,0,0,0,0,0,0
DSKYWND2_UNIT_2B_act,385,1,,0,0,0,0,0,0
EBELLSL2_UNIT1_fcst,385,1,,0,0,0,0,0,0
EBELLSL2_UNIT1_act,385,1,,0,0,0,0,0,0
EBELLSLR_UNIT1_fcst,385,1,,0,0,0,0,0,0
EBELLSLR_UNIT1_act,385,1,,0,0,0,0,0,0
ECLIPSE_UNIT1_fcst,385,1,,0,0,0,0,0,0
ECLIPSE_UNIT1_act,385,1,,0,0,0,0,0,0
EGROVESL_UNIT1_fcst,385,1,,0,0,0,0,0,0
EGROVESL_UNIT1_act,385,1,,0,0,0,0,0,0
EIFSLR_UNIT1_fcst,385,1,,0,0,0,0,0,0
EIFSLR_UNIT1_act,385,1,,0,0,0,0,0,0
ELARA_SL_UNIT1_fcst,385,1,,0,0,0,0,0,0
ELARA_SL_UNIT1_act,385,1,,0,0,0,0,0,0
ELB_ELBCREEK_fcst,385,1,,0,0,0,0,0,0
ELB_ELBCREEK_act,385,1,,0,0,0,0,0,0
ELLISSLR_UNIT1_fcst,385,1,,0,0,0,0,0,0
ELLISSLR_UNIT1_act,385,1,,0,0,0,0,0,0
ELSAUZ_UNIT1_fcst,385,1,,0,0,0,0,0,0
ELSAUZ_UNIT1_act,385,1,,0,0,0,0,0,0
ELSAUZ_UNIT2_fcst,385,1,,0,0,0,0,0,0
ELSAUZ_UNIT2_act,385,1,,0,0,0,0,0,0
ELZA_SLR_SOLAR1_fcst,385,1,,0,0,0,0,0,0
ELZA_SLR_SOLAR1_act,385,1,,0,0,0,0,0,0
EL_RAYO_UNIT1_fcst,385,1,,0,0,0,0,0,0
EL_RAYO_UNIT1_act,385,1,,0,0,0,0,0,0
EL_RAYO_UNIT2_fcst,385,1,,0,0,0,0,0,0
EL_RAYO_UNIT2_act,385,1,,0,0,0,0,0,0
ESTONIAN_SOLAR1_fcst,385,1,,0,0,0,0,0,0
ESTONIAN_SOLAR1_act,385,1,,0,0,0,0,0,0
ESTONIAN_SOLAR2_fcst,385,1,,0,0,0,0,0,0
ESTONIAN_SOLAR2_act,385,1,,0,0,0,0,0,0
EUNICE_PV1_fcst,385,1,,0,0,0,0,0,0
EUNICE_PV1_act,385,1,,0,0,0,0,0,0
EUNICE_PV2_fcst,385,1,,0,0,0,0,0,0
EUNICE_PV2_act,385,1,,0,0,0,0,0,0
EXGNSND_WIND_1_fcst,385,1,,0,0,0,0,0,0
EXGNSND_WIND_1_act,385,1,,0,0,0,0,0,0
EXGNWTL_WIND_1_fcst,385,1,,0,0,0,0,0,0
EXGNWTL_WIND_1_act,385,1,,0,0,0,0,0,0
E_BLACK_UNIT_1_fcst,385,1,,0,0,0,0,0,0
E_BLACK_UNIT_1_act,385,1,,0,0,0,0,0,0
FAGUSSLR_UNIT2_fcst,385,1,,0,0,0,0,0,0
FAGUSSLR_UNIT2_act,385,1,,0,0,0,0,0,0
FAGUSSLR_UNIT3_fcst,385,1,,0,0,0,0,0,0
FAGUSSLR_UNIT3_act,385,1,,0,0,0,0,0,0
FENCESLR_SOLAR1_fcst,385,1,,0,0,0,0,0,0
FENCESLR_SOLAR1_act,385,1,,0,0,0,0,0,0
FENCESLR_SOLAR2_fcst,385,1,,0,0,0,0,0,0
FENCESLR_SOLAR2_act,385,1,,0,0,0,0,0,0
FERMI_WIND1_fcst,385,1,,0,0,0,0,0,0
FERMI_WIND1_act,385,1,,0,0,0,0,0,0
FERMI_WIND2_fcst,385,1,,0,0,0,0,0,0
FERMI_WIND2_act,385,1,,0,0,0,0,0,0
FILESSLR_PV1_fcst,385,1,,0,0,0,0,0,0
FILESSLR_PV1_act,385,1,,0,0,0,0,0,0
FIVEWSLR_UNIT1_fcst,385,1,,0,0,0,0,0,0
FIVEWSLR_UNIT1_act,385,1,,0,0,0,0,0,0
FIVEWSLR_UNIT2_fcst,385,1,,0,0,0,0,0,0
FIVEWSLR_UNIT2_act,385,1,,0,0,0,0,0,0
FLTCK_SSI_fcst,385,1,,0,0,0,0,0,0
FLTCK_SSI_act,385,1,,0,0,0,0,0,0
FLUVANNA_UNIT1_fcst,385,1,,0,0,0,0,0,0
FLUVANNA_UNIT1_act,385,1,,0,0,0,0,0,0
FLUVANNA_UNIT2_fcst,385,1,,0,0,0,0,0,0
FLUVANNA_UNIT2_act,385,1,,0,0,0,0,0,0
FOARDCTY_UNIT1_fcst,385,1,,0,0,0,0,0,0
FOARDCTY_UNIT1_act,385,1,,0,0,0,0,0,0
FOARDCTY_UNIT2_fcst,385,1,,0,0,0,0,0,0
FOARDCTY_UNIT2_act,385,1,,0,0,0,0,0,0
FOXTROT_UNIT1_fcst,385,1,,0,0,0,0,0,0
FOXTROT_UNIT1_act,385,1,,0,0,0,0,0,0
FOXTROT_UNIT2_fcst,385,1,,0,0,0,0,0,0
FOXTROT_UNIT2_act,385,1,,0,0,0,0,0,0
FOXTROT_UNIT3_fcst,385,1,,0,0,0,0,0,0
FOXTROT_UNIT3_act,385,1,,0,0,0,0,0,0
FRYE_SLR_UNIT1_fcst,385,1,,0,0,0,0,0,0
FRYE_SLR_UNIT1_act,385,1,,0,0,0,0,0,0
FRYE_SLR_UNIT2_fcst,385,1,,0,0,0,0,0,0
FRYE_SLR_UNIT2_act,385,1,,0,0,0,0,0,0
FTWIND_UNIT_1_fcst,385,1,,0,0,0,0,0,0
FTWIND_UNIT_1_act,385,1,,0,0,0,0,0,0
FWLR_SLR_UNIT1_fcst,385,1,,0,0,0,0,0,0
FWLR_SLR_UNIT1_act,385,1,,0,0,0,0,0,0
GAIA_SLR_SOLAR1_fcst,385,1,,0,0,0,0,0,0
GAIA_SLR_SOLAR1_act,385,1,,0,0,0,0,0,0
GALLOWAY_SOLAR1_fcst,385,1,,0,0,0,0,0,0
GALLOWAY_SOLAR1_act,385,1,,0,0,0,0,0,0
GALLOWAY_SOLAR2_fcst,385,1,,0,0,0,0,0,0
GALLOWAY_SOLAR2_act,385,1,,0,0,0,0,0,0
GODY_SLR_SOLAR1_fcst,385,1,,0,0,0,0,0,0
GODY_SLR_SOLAR1_act,385,1,,0,0,0,0,0,0
GODY_SLR_SOLAR2_fcst,385,1,,0,0,0,0,0,0
GODY_SLR_SOLAR2_act,385,1,,0,0,0,0,0,0
GOLINDA_UNIT1_fcst,385,1,,0,0,0,0,0,0
GOLINDA_UNIT1_act,385,1,,0,0,0,0,0,0
GOODNIT1_UNIT1_fcst,385,1,,0,0,0,0,0,0
GOODNIT1_UNIT1_act,385,1,,0,0,0,0,0,0
GOODNIT1_UNIT2_fcst,385,1,,0,0,0,0,0,0
GOODNIT1_UNIT2_act,385,1,,0,0,0,0,0,0
GOPHER_UNIT1_fcst,385,1,,0,0,0,0,0,0
GOPHER_UNIT1_act,385,1,,0,0,0,0,0,0
GOPHER_UNIT2_fcst,385,1,,0,0,0,0,0,0
GOPHER_UNIT2_act,385,1,,0,0,0,0,0,0
GPASTURE_WIND_I_fcst,385,1,,0,0,0,0,0,0
GPASTURE_WIND_I_act,385,1,,0,0,0,0,0,0
GRANDVW1_COLA_fcst,385,1,,0,0,0,0,0,0
GRANDVW1_COLA_act,385,1,,0,0,0,0,0,0
GRANDVW1_COLB_fcst,385,1,,0,0,0,0,0,0
GRANDVW1_COLB_act,385,1,,0,0,0,0,0,0
GRANDVW1_GV1A_fcst,385,1,,0,0,0,0,0,0
GRANDVW1_GV1A_act,385,1,,0,0,0,0,0,0
GRANDVW1_GV1B_fcst,385,1,,0,0,0,0,0,0
GRANDVW1_GV1B_act,385,1,,0,0,0,0,0,0
GRAN_SLR_UNIT1_fcst,385,1,,0,0,0,0,0,0
GRAN_SLR_UNIT1_act,385,1,,0,0,0,0,0,0
GREASWOD_UNIT1_fcst,385,1,,0,0,0,0,0,0
GREASWOD_UNIT1_act,385,1,,0,0,0,0,0,0
GREASWOD_UNIT2_fcst,385,1,,0,0,0,0,0,0
GREASWOD_UNIT2_act,385,1,,0,0,0,0,0,0
GRIF_TRL_UNIT1_fcst,385,1,,0,0,0,0,0,0
GRIF_TRL_UNIT1_act,385,1,,0,0,0,0,0,0
GRIF_TRL_UNIT2_fcst,385,1,,0,0,0,0,0,0
GRIF_TRL_UNIT2_act,385,1,,0,0,0,0,0,0
GRIM_SLR_UNIT1_fcst,385,1,,0,0,0,0,0,0
GRIM_SLR_UNIT1_act,385,1,,0,0,0,0,0,0
GRIM_SLR_UNIT2_fcst,385,1,,0,0,0,0,0,0
GRIM_SLR_UNIT2_act,385,1,,0,0,0,0,0,0
GRIM_SLR_UNIT3_fcst,385,1,,0,0,0,0,0,0
GRIM_SLR_UNIT3_act,385,1,,0,0,0,0,0,0
GRYH_SLR_SOLAR1_fcst,385,1,,0,0,0,0,0,0
GRYH_SLR_SOLAR1_act,385,1,,0,0,0,0,0,0
GRYH_SLR_SOLAR2_fcst,385,1,,0,0,0,0,0,0
GRYH_SLR_SOLAR2_act,385,1,,0,0,0,0,0,0
GRYH_SLR_SOLAR3_fcst,385,1,,0,0,0,0,0,0
GRYH_SLR_SOLAR3_act,385,1,,0,0,0,0,0,0
GRYH_SLR_SOLAR4_fcst,385,1,,0,0,0,0,0,0
GRYH_SLR_SOLAR4_act,385,1,,0,0,0,0,0,0
GRYH_SLR_SOLAR5_fcst,385,1,,0,0,0,0,0,0
GRYH_SLR_SOLAR5_act,385,1,,0,0,0,0,0,0
GRYH_SLR_SOLAR6_fcst,385,1,,0,0,0,0,0,0
GRYH_SLR_SOLAR6_act,385,1,,0,0,0,0,0,0
GRYH_SLR_SOLAR7_fcst,385,1,,0,0,0,0,0,0
GRYH_SLR_SOLAR7_act,385,1,,0,0,0,0,0,0
GRYH_SLR_SOLAR8_fcst,385,1,,0,0,0,0,0,0
GRYH_SLR_SOLAR8_act,385,1,,0,0,0,0,0,0
GUNMTN_G1_fcst,385,1,,0,0,0,0,0,0
GUNMTN_G1_act,385,1,,0,0,0,0,0,0
GWEC_GWEC_G1_fcst,385,1,,0,0,0,0,0,0
GWEC_GWEC_G1_act,385,1,,0,0,0,0,0,0
HALO_SLR_UNIT1_fcst,385,1,,0,0,0,0,0,0
HALO_SLR_UNIT1_act,385,1,,0,0,0,0,0,0
HARALD_UNIT1_fcst,385,1,,0,0,0,0,0,0
HARALD_UNIT1_act,385,1,,0,0,0,0,0,0
HART_WND_UNIT1_fcst,385,1,,0,0,0,0,0,0
HART_WND_UNIT1_act,385,1,,0,0,0,0,0,0
HELIOS_UNIT1_fcst,385,1,,0,0,0,0,0,0
HELIOS_UNIT1_act,385,1,,0,0,0,0,0,0
HHGT_CALLAHAN_fcst,385,1,,0,0,0,0,0,0
HHGT_CALLAHAN_act,385,1,,0,0,0,0,0,0
HHGT_HHOLLOW1_fcst,385,1,,0,0,0,0,0,0
HHGT_HHOLLOW1_act,385,1,,0,0,0,0,0,0
HHGT_HHOLLOW2_fcst,385,1,,0,0,0,0,0,0
HHGT_HHOLLOW2_act,385,1,,0,0,0,0,0,0
HHGT_HHOLLOW3_fcst,385,1,,0,0,0,0,0,0
HHGT_HHOLLOW3_act,385,1,,0,0,0,0,0,0
HHGT_HHOLLOW4_fcst,385,1,,0,0,0,0,0,0
HHGT_HHOLLOW4_act,385,1,,0,0,0,0,0,0
HICKMAN_G1_J01_fcst,385,1,,0,0,0,0,0,0
HICKMAN_G1_J01_act,385,1,,0,0,0,0,0,0
HICKMAN_G1_J02_fcst,385,1,,0,0,0,0,0,0
HICKMAN_G1_J02_act,385,1,,0,0,0,0,0,0
HICKMAN_G2_J01_fcst,385,1,,0,0,0,0,0,0
HICKMAN_G2_J01_act,385,1,,0,0,0,0,0,0
HICKMAN_G2_J02_fcst,385,1,,0,0,0,0,0,0
HICKMAN_G2_J02_act,385,1,,0,0,0,0,0,0
HI_LONE_WGR1A_fcst,385,1,,0,0,0,0,0,0
HI_LONE_WGR1A_act,385,1,,0,0,0,0,0,0
HI_LONE_WGR1B_fcst,385,1,,0,0,0,0,0,0
HI_LONE_WGR1B_act,385,1,,0,0,0,0,0,0
HI_LONE_WGR1C_fcst,385,1,,0,0,0,0,0,0
HI_LONE_WGR1C_act,385,1,,0,0,0,0,0,0
HI_LONE_WGR2_fcst,385,1,,0,0,0,0,0,0
HI_LONE_WGR2_act,385,1,,0,0,0,0,0,0
HI_LONE_WGR2A_fcst,385,1,,0,0,0,0,0,0
HI_LONE_WGR2A_act,385,1,,0,0,0,0,0,0
HI_LONE_WGR3_fcst,385,1,,0,0,0,0,0,0
HI_LONE_WGR3_act,385,1,,0,0,0,0,0,0
HI_LONE_WGR4_fcst,385,1,,0,0,0,0,0,0
HI_LONE_WGR4_act,385,1,,0,0,0,0,0,0
HKSN_SLR_UNIT1_fcst,385,1,,0,0,0,0,0,0
HKSN_SLR_UNIT1_act,385,1,,0,0,0,0,0,0
HKSN_SLR_UNIT2_fcst,385,1,,0,0,0,0,0,0
HKSN_SLR_UNIT2_act,385,1,,0,0,0,0,0,0
HKSN_SLR_UNIT3_fcst,385,1,,0,0,0,0,0,0
HKSN_SLR_UNIT3_act,385,1,,0,0,0,0,0,0
HOLSTEIN_SOLAR1_fcst,385,1,,0,0,0,0,0,0
HOLSTEIN_SOLAR1_act,385,1,,0,0,0,0,0,0
HOLSTEIN_SOLAR2_fcst,385,1,,0,0,0,0,0,0
HOLSTEIN_SOLAR2_act,385,1,,0,0,0,0,0,0
HOL_UNIT1_fcst,385,1,,0,0,0,0,0,0
HOL_UNIT1_act,385,1,,0,0,0,0,0,0
HOL_UNIT2_fcst,385,1,,0,0,0,0,0,0
HOL_UNIT2_act,385,1,,0,0,0,0,0,0
HOPKNSLR_UNIT1_fcst,385,1,,0,0,0,0,0,0
HOPKNSLR_UNIT1_act,385,1,,0,0,0,0,0,0
HOPKNSLR_UNIT2_fcst,385,1,,0,0,0,0,0,0
HOPKNSLR_UNIT2_act,385,1,,0,0,0,0,0,0
HORSECRK_UNIT1_fcst,385,1,,0,0,0,0,0,0
HORSECRK_UNIT1_act,385,1,,0,0,0,0,0,0
HORSECRK_UNIT2_fcst,385,1,,0,0,0,0,0,0
HORSECRK_UNIT2_act,385,1,,0,0,0,0,0,0
HOVEY_UNIT1_fcst,385,1,,0,0,0,0,0,0
HOVEY_UNIT1_act,385,1,,0,0,0,0,0,0
HOVEY_UNIT2_fcst,385,1,,0,0,0,0,0,0
HOVEY_UNIT2_act,385,1,,0,0,0,0,0,0
HRFDWIND_JRDWIND1_fcst,385,1,,0,0,0,0,0,0
HRFDWIND_JRDWIND1_act,385,1,,0,0,0,0,0,0
HRFDWIND_JRDWIND2_fcst,385,1,,0,0,0,0,0,0
HRFDWIND_JRDWIND2_act,385,1,,0,0,0,0,0,0
HRFDWIND_WIND_G_fcst,385,1,,0,0,0,0,0,0
HRFDWIND_WIND_G_act,385,1,,0,0,0,0,0,0
HRFDWIND_WIND_V_fcst,385,1,,0,0,0,0,0,0
HRFDWIND_WIND_V_act,385,1,,0,0,0,0,0,0
HRMS_SLR_UNIT1_fcst,385,1,,0,0,0,0,0,0
HRMS_SLR_UNIT1_act,385,1,,0,0,0,0,0,0
HRNT_SLR_UNIT1_fcst,385,1,,0,0,0,0,0,0
HRNT_SLR_UNIT1_act,385,1,,0,0,0,0,0,0
HRNT_SLR_UNIT2_fcst,385,1,,0,0,0,0,0,0
HRNT_SLR_UNIT2_act,385,1,,0,0,0,0,0,0
HRNT_SLR_UNIT3_fcst,385,1,,0,0,0,0,0,0
HRNT_SLR_UNIT3_act,385,1,,0,0,0,0,0,0
HRZN_SLR_UNIT1_fcst,385,1,,0,0,0,0,0,0
HRZN_SLR_UNIT1_act,385,1,,0,0,0,0,0,0
HWF_HWFG1_fcst,385,1,,0,0,0,0,0,0
HWF_HWFG1_act,385,1,,0,0,0,0,0,0
IMPACT_UNIT1_fcst,385,1,,0,0,0,0,0,0
IMPACT_UNIT1_act,385,1,,0,0,0,0,0,0
INDL_INADALE1_fcst,385,1,,0,0,0,0,0,0
INDL_INADALE1_act,385,1,,0,0,0,0,0,0
INDL_INADALE2_fcst,385,1,,0,0,0,0,0,0
INDL_INADALE2_act,385,1,,0,0,0,0,0,0
INDNNWP_INDNNWP2_fcst,385,1,,0,0,0,0,0,0
INDNNWP_INDNNWP2_act,385,1,,0,0,0,0,0,0
INRT_W_UNIT1_fcst,385,1,,0,0,0,0,0,0
INRT_W_UNIT1_act,385,1,,0,0,0,0,0,0
INRT_W_UNIT2_fcst,385,1,,0,0,0,0,0,0
INRT_W_UNIT2_act,385,1,,0,0,0,0,0,0
INRT_W_UNIT3_fcst,385,1,,0,0,0,0,0,0
INRT_W_UNIT3_act,385,1,,0,0,0,0,0,0
JADE_SLR_UNIT1_fcst,385,1,,0,0,0,0,0,0
JADE_SLR_UNIT1_act,385,1,,0,0,0,0,0,0
JADE_SLR_UNIT2_fcst,385,1,,0,0,0,0,0,0
JADE_SLR_UNIT2_act,385,1,,0,0,0,0,0,0
JAY_UNIT1_fcst,385,1,,0,0,0,0,0,0
JAY_UNIT1_act,385,1,,0,0,0,0,0,0
JAY_UNIT2_fcst,385,1,,0,0,0,0,0,0
JAY_UNIT2_act,385,1,,0,0,0,0,0,0
JKLP_SLR_PV1_fcst,385,1,,0,0,0,0,0,0
JKLP_SLR_PV1_act,385,1,,0,0,0,0,0,0
JKLP_SLR_PV2_fcst,385,1,,0,0,0,0,0,0
JKLP_SLR_PV2_act,385,1,,0,0,0,0,0,0
JUNG_SLR_UNIT1_fcst,385,1,,0,0,0,0,0,0
JUNG_SLR_UNIT1_act,385,1,,0,0,0,0,0,0
JUNO_UNIT1_fcst,385,1,,0,0,0,0,0,0
JUNO_UNIT1_act,385,1,,0,0,0,0,0,0
JUNO_UNIT2_fcst,385,1,,0,0,0,0,0,0
JUNO_UNIT2_act,385,1,,0,0,0,0,0,0
KARAKAW1_UNIT1_fcst,385,1,,0,0,0,0,0,0
KARAKAW1_UNIT1_act,385,1,,0,0,0,0,0,0
KARAKAW1_UNIT2_fcst,385,1,,0,0,0,0,0,0
KARAKAW1_UNIT2_act,385,1,,0,0,0,0,0,0
KARAKAW2_UNIT3_fcst,385,1,,0,0,0,0,0,0
KARAKAW2_UNIT3_act,385,1,,0,0,0,0,0,0
KEECHI_U1_fcst,385,1,,0,0,0,0,0,0
KEECHI_U1_act,385,1,,0,0,0,0,0,0
KELAM_SL_UNIT1_fcst,385,1,,0,0,0,0,0,0
KELAM_SL_UNIT1_act,385,1,,0,0,0,0,0,0
KEO_SHRBINO2_fcst,385,1,,0,0,0,0,0,0
KEO_SHRBINO2_act,385,1,,0,0,0,0,0,0
KING_NE_KINGNE_fcst,385,1,,0,0,0,0,0,0
KING_NE_KINGNE_act,385,1,,0,0,0,0,0,0
KING_NW_KINGNW_fcst,385,1,,0,0,0,0,0,0
KING_NW_KINGNW_act,385,1,,0,0,0,0,0,0
LACASAWD_UNIT1_fcst,385,1,,0,0,0,0,0,0
LACASAWD_UNIT1_act,385,1,,0,0,0,0,0,0
LACASAWD_UNIT2_fcst,385,1,,0,0,0,0,0,0
LACASAWD_UNIT2_act,385,1,,0,0,0,0,0,0
LACASAWD_UNIT3_fcst,385,1,,0,0,0,0,0,0
LACASAWD_UNIT3_act,385,1,,0,0,0,0,0,0
LACY_CRK_UNIT1_fcst,385,1,,0,0,0,0,0,0
LACY_CRK_UNIT1_act,385,1,,0,0,0,0,0,0
LACY_CRK_UNIT2_fcst,385,1,,0,0,0,0,0,0
LACY_CRK_UNIT2_act,385,1,,0,0,0,0,0,0
LACY_CRK_UNIT3_fcst,385,1,,0,0,0,0,0,0
LACY_CRK_UNIT3_act,385,1,,0,0,0,0,0,0
LACY_CRK_UNIT4_fcst,385,1,,0,0,0,0,0,0
LACY_CRK_UNIT4_act,385,1,,0,0,0,0,0,0
LAPETUS_UNIT_1_fcst,385,1,,0,0,0,0,0,0
LAPETUS_UNIT_1_act,385,1,,0,0,0,0,0,0
LASSO_UNIT1_fcst,385,1,,0,0,0,0,0,0
LASSO_UNIT1_act,385,1,,0,0,0,0,0,0
LEON_SLR_UNIT1_fcst,385,1,,0,0,0,0,0,0
LEON_SLR_UNIT1_act,385,1,,0,0,0,0,0,0
LEON_SLR_UNIT2_fcst,385,1,,0,0,0,0,0,0
LEON_SLR_UNIT2_act,385,1,,0,0,0,0,0,0
LGDRAW_S_UNIT1_1_fcst,385,1,,0,0,0,0,0,0
LGDRAW_S_UNIT1_1_act,385,1,,0,0,0,0,0,0
LGDRAW_S_UNIT1_2_fcst,385,1,,0,0,0,0,0,0
LGDRAW_S_UNIT1_2_act,385,1,,0,0,0,0,0,0
LGD_LANGFORD_fcst,385,1,,0,0,0,0,0,0
LGD_LANGFORD_act,385,1,,0,0,0,0,0,0
LGW_UNIT1_fcst,385,1,,0,0,0,0,0,0
LGW_UNIT1_act,385,1,,0,0,0,0,0,0
LGW_UNIT2_fcst,385,1,,0,0,0,0,0,0
LGW_UNIT2_act,385,1,,0,0,0,0,0,0
LHORN_N_UNIT1_fcst,385,1,,0,0,0,0,0,0
LHORN_N_UNIT1_act,385,1,,0,0,0,0,0,0
LHORN_N_UNIT2_fcst,385,1,,0,0,0,0,0,0
LHORN_N_UNIT2_act,385,1,,0,0,0,0,0,0
LILY_SOLAR1_fcst,385,1,,0,0,0,0,0,0
LILY_SOLAR1_act,385,1,,0,0,0,0,0,0
LMAJADAS_UNIT1_fcst,385,1,,0,0,0,0,0,0
LMAJADAS_UNIT1_act,385,1,,0,0,0,0,0,0
LMAJADAS_UNIT2_fcst,385,1,,0,0,0,0,0,0
LMAJADAS_UNIT2_act,385,1,,0,0,0,0,0,0
LMAJADAS_UNIT3_fcst,385,1,,0,0,0,0,0,0
LMAJADAS_UNIT3_act,385,1,,0,0,0,0,0,0
LMESASLR_IVORY_fcst,385,1,,0,0,0,0,0,0
LMESASLR_IVORY_act,385,1,,0,0,0,0,0,0
LMESASLR_UNIT1_fcst,385,1,,0,0,0,0,0,0
LMESASLR_UNIT1_act,385,1,,0,0,0,0,0,0
LNCRK2_G871_fcst,385,1,,0,0,0,0,0,0
LNCRK2_G871_act,385,1,,0,0,0,0,0,0
LNCRK2_G872_fcst,385,1,,0,0,0,0,0,0
LNCRK2_G872_act,385,1,,0,0,0,0,0,0
LNCRK_G83_fcst,385,1,,0,0,0,0,0,0
LNCRK_G83_act,385,1,,0,0,0,0,0,0
LNP_SOLAR1_fcst,385,1,,0,0,0,0,0,0
LNP_SOLAR1_act,385,1,,0,0,0,0,0,0
LOCKETT_UNIT1_fcst,385,1,,0,0,0,0,0,0
LOCKETT_UNIT1_act,385,1,,0,0,0,0,0,0
LONEWOLF_G1_fcst,385,1,,0,0,0,0,0,0
LONEWOLF_G1_act,385,1,,0,0,0,0,0,0
LONEWOLF_G2_fcst,385,1,,0,0,0,0,0,0
LONEWOLF_G2_act,385,1,,0,0,0,0,0,0
LONEWOLF_G3_fcst,385,1,,0,0,0,0,0,0
LONEWOLF_G3_act,385,1,,0,0,0,0,0,0
LONEWOLF_G4_fcst,385,1,,0,0,0,0,0,0
LONEWOLF_G4_act,385,1,,0,0,0,0,0,0
LON_SOLAR1_fcst,385,1,,0,0,0,0,0,0
LON_SOLAR1_act,385,1,,0,0,0,0,0,0
LV1_LV1A_fcst,385,1,,0,0,0,0,0,0
LV1_LV1A_act,385,1,,0,0,0,0,0,0
LV2_LV2_fcst,385,1,,0,0,0,0,0,0
LV2_LV2_act,385,1,,0,0,0,0,0,0
LV3_UNIT_1_fcst,385,1,,0,0,0,0,0,0
LV3_UNIT_1_act,385,1,,0,0,0,0,0,0
LV4_UNIT_1_fcst,385,1,,0,0,0,0,0,0
LV4_UNIT_1_act,385,1,,0,0,0,0,0,0
LV5_UNIT_1_fcst,385,1,,0,0,0,0,0,0
LV5_UNIT_1_act,385,1,,0,0,0,0,0,0
MAG_UNIT1_fcst,385,1,,0,0,0,0,0,0
MAG_UNIT1_act,385,1,,0,0,0,0,0,0
MAG_UNIT2_fcst,385,1,,0,0,0,0,0,0
MAG_UNIT2_act,385,1,,0,0,0,0,0,0
MAND_SLR_UNIT1_fcst,385,1,,0,0,0,0,0,0
MAND_SLR_UNIT1_act,385,1,,0,0,0,0,0,0
MARIAH_NORTE1_fcst,385,1,,0,0,0,0,0,0
MARIAH_NORTE1_act,385,1,,0,0,0,0,0,0
MARIAH_NORTE2_fcst,385,1,,0,0,0,0,0,0
MARIAH_NORTE2_act,385,1,,0,0,0,0,0,0
MARYNEAL_UNIT1_fcst,385,1,,0,0,0,0,0,0
MARYNEAL_UNIT1_act,385,1,,0,0,0,0,0,0
MAVCRK_E_UNIT5_fcst,385,1,,0,0,0,0,0,0
MAVCRK_E_UNIT5_act,385,1,,0,0,0,0,0,0
MAVCRK_E_UNIT6_fcst,385,1,,0,0,0,0,0,0
MAVCRK_E_UNIT6_act,385,1,,0,0,0,0,0,0
MAVCRK_E_UNIT7_fcst,385,1,,0,0,0,0,0,0
MAVCRK_E_UNIT7_act,385,1,,0,0,0,0,0,0
MAVCRK_E_UNIT8_fcst,385,1,,0,0,0,0,0,0
MAVCRK_E_UNIT8_act,385,1,,0,0,0,0,0,0
MAVCRK_E_UNIT9_fcst,385,1,,0,0,0,0,0,0
MAVCRK_E_UNIT9_act,385,1,,0,0,0,0,0,0
MAVCRK_W_UNIT1_fcst,385,1,,0,0,0,0,0,0
MAVCRK_W_UNIT1_act,385,1,,0,0,0,0,0,0
MAVCRK_W_UNIT2_fcst,385,1,,0,0,0,0,0,0
MAVCRK_W_UNIT2_act,385,1,,0,0,0,0,0,0
MAVCRK_W_UNIT3_fcst,385,1,,0,0,0,0,0,0
MAVCRK_W_UNIT3_act,385,1,,0,0,0,0,0,0
MAVCRK_W_UNIT4_fcst,385,1,,0,0,0,0,0,0
MAVCRK_W_UNIT4_act,385,1,,0,0,0,0,0,0
MCDLD_FCW1_fcst,385,1,,0,0,0,0,0,0
MCDLD_FCW1_act,385,1,,0,0,0,0,0,0
MCDLD_SB1_2_fcst,385,1,,0,0,0,0,0,0
MCDLD_SB1_2_act,385,1,,0,0,0,0,0,0
MCDLD_SB3_282_fcst,385,1,,0,0,0,0,0,0
MCDLD_SB3_282_act,385,1,,0,0,0,0,0,0
MCDLD_SB4_G87_fcst,385,1,,0,0,0,0,0,0
MCDLD_SB4_G87_act,385,1,,0,0,0,0,0,0
MCLNSLR_UNIT1_fcst,385,1,,0,0,0,0,0,0
MCLNSLR_UNIT1_act,385,1,,0,0,0,0,0,0
MERCURY_PV1_fcst,385,1,,0,0,0,0,0,0
MERCURY_PV1_act,385,1,,0,0,0,0,0,0
MERCURY_PV2_fcst,385,1,,0,0,0,0,0,0
MERCURY_PV2_act,385,1,,0,0,0,0,0,0
MESQCRK_WND1_fcst,385,1,,0,0,0,0,0,0
MESQCRK_WND1_act,385,1,,0,0,0,0,0,0
MESQCRK_WND2_fcst,385,1,,0,0,0,0,0,0
MESQCRK_WND2_act,385,1,,0,0,0,0,0,0
MESTENO_UNIT_1_fcst,385,1,,0,0,0,0,0,0
MESTENO_UNIT_1_act,385,1,,0,0,0,0,0,0
MIAM1_G1_fcst,385,1,,0,0,0,0,0,0
MIAM1_G1_act,385,1,,0,0,0,0,0,0
MIAM1_G2_fcst,385,1,,0,0,0,0,0,0
MIAM1_G2_act,385,1,,0,0,0,0,0,0
MIDP_SLR_SOLAR1_fcst,385,1,,0,0,0,0,0,0
MIDP_SLR_SOLAR1_act,385,1,,0,0,0,0,0,0
MIDWIND_UNIT1_fcst,385,1,,0,0,0,0,0,0
MIDWIND_UNIT1_act,385,1,,0,0,0,0,0,0
MIRASOLE_MIR11_fcst,385,1,,0,0,0,0,0,0
MIRASOLE_MIR11_act,385,1,,0,0,0,0,0,0
MIRASOLE_MIR12_fcst,385,1,,0,0,0,0,0,0
MIRASOLE_MIR12_act,385,1,,0,0,0,0,0,0
MIRASOLE_MIR13_fcst,385,1,,0,0,0,0,0,0
MIRASOLE_MIR13_act,385,1,,0,0,0,0,0,0
MIRASOLE_MIR21_fcst,385,1,,0,0,0,0,0,0
MIRASOLE_MIR21_act,385,1,,0,0,0,0,0,0
MISAE_UNIT1_fcst,385,1,,0,0,0,0,0,0
MISAE_UNIT1_act,385,1,,0,0,0,0,0,0
MISAE_UNIT2_fcst,385,1,,0,0,0,0,0,0
MISAE_UNIT2_act,385,1,,0,0,0,0,0,0
MLB_SLR_SOLAR1_fcst,385,1,,0,0,0,0,0,0
MLB_SLR_SOLAR1_act,385,1,,0,0,0,0,0,0
MLB_SLR_SOLAR2_fcst,385,1,,0,0,0,0,0,0
MLB_SLR_SOLAR2_act,385,1,,0,0,0,0,0,0
MONTECR1_WIND1_fcst,385,1,,0,0,0,0,0,0
MONTECR1_WIND1_act,385,1,,0,0,0,0,0,0
MONT_WND_UNIT1_fcst,385,1,,0,0,0,0,0,0
MONT_WND_UNIT1_act,385,1,,0,0,0,0,0,0
MONT_WND_UNIT2_fcst,385,1,,0,0,0,0,0,0
MONT_WND_UNIT2_act,385,1,,0,0,0,0,0,0
MOZART_WIND_1_fcst,385,1,,0,0,0,0,0,0
MOZART_WIND_1_act,385,1,,0,0,0,0,0,0
MRKM_SLR_PV1_fcst,385,1,,0,0,0,0,0,0
MRKM_SLR_PV1_act,385,1,,0,0,0,0,0,0
MROW_SLR_SOLAR1_fcst,385,1,,0,0,0,0,0,0
MROW_SLR_SOLAR1_act,385,1,,0,0,0,0,0,0
MUSTNGCK_SOLAR1_fcst,385,1,,0,0,0,0,0,0
MUSTNGCK_SOLAR1_act,385,1,,0,0,0,0,0,0
MUSTNGCK_SOLAR2_fcst,385,1,,0,0,0,0,0,0
MUSTNGCK_SOLAR2_act,385,1,,0,0,0,0,0,0
MWEC_G1_fcst,385,1,,0,0,0,0,0,0
MWEC_G1_act,385,1,,0,0,0,0,0,0
MYR_UNIT1_fcst,385,1,,0,0,0,0,0,0
MYR_UNIT1_act,385,1,,0,0,0,0,0,0
MYR_UNIT2_fcst,385,1,,0,0,0,0,0,0
MYR_UNIT2_act,385,1,,0,0,0,0,0,0
NBOHR_UNIT1_fcst,385,1,,0,0,0,0,0,0
NBOHR_UNIT1_act,385,1,,0,0,0,0,0,0
NEBULA_UNIT1_fcst,385,1,,0,0,0,0,0,0
NEBULA_UNIT1_act,385,1,,0,0,0,0,0,0
NOBLESLR_SOLAR1_fcst,385,1,,0,0,0,0,0,0
NOBLESLR_SOLAR1_act,385,1,,0,0,0,0,0,0
NOBLESLR_SOLAR2_fcst,385,1,,0,0,0,0,0,0
NOBLESLR_SOLAR2_act,385,1,,0,0,0,0,0,0
NOVA1SLR_UNIT1_fcst,385,1,,0,0,0,0,0,0
NOVA1SLR_UNIT1_act,385,1,,0,0,0,0,0,0
NOVA1SLR_UNIT2_fcst,385,1,,0,0,0,0,0,0
NOVA1SLR_UNIT2_act,385,1,,0,0,0,0,0,0
NOVA2SLR_UNIT1_fcst,385,1,,0,0,0,0,0,0
NOVA2SLR_UNIT1_act,385,1,,0,0,0,0,0,0
NRTN_SLR_SOLAR1_fcst,385,1,,0,0,0,0,0,0
NRTN_SLR_SOLAR1_act,385,1,,0,0,0,0,0,0
NWF_NWF1_fcst,385,1,,0,0,0,0,0,0
NWF_NWF1_act,385,1,,0,0,0,0,0,0
NWF_NWF2_fcst,385,1,,0,0,0,0,0,0
NWF_NWF2_act,385,1,,0,0,0,0,0,0
OBERON_UNIT_1_J01_fcst,385,1,,0,0,0,0,0,0
OBERON_UNIT_1_J01_act,385,1,,0,0,0,0,0,0
OBERON_UNIT_1_J02_fcst,385,1,,0,0,0,0,0,0
OBERON_UNIT_1_J02_act,385,1,,0,0,0,0,0,0
OCI_ALM1_UNIT1_fcst,385,1,,0,0,0,0,0,0
OCI_ALM1_UNIT1_act,385,1,,0,0,0,0,0,0
OGS_SLR_UNIT1_fcst,385,1,,0,0,0,0,0,0
OGS_SLR_UNIT1_act,385,1,,0,0,0,0,0,0
ORIANA_UNIT1_fcst,385,1,,0,0,0,0,0,0
ORIANA_UNIT1_act,385,1,,0,0,0,0,0,0
OUTP_SLR_UNIT1_fcst,385,1,,0,0,0,0,0,0
OUTP_SLR_UNIT1_act,385,1,,0,0,0,0,0,0
OUTP_SLR_UNIT2_fcst,385,1,,0,0,0,0,0,0
OUTP_SLR_UNIT2_act,385,1,,0,0,0,0,0,0
OVEJA_G1_fcst,385,1,,0,0,0,0,0,0
OVEJA_G1_act,385,1,,0,0,0,0,0,0
OVEJA_G2_fcst,385,1,,0,0,0,0,0,0
OVEJA_G2_act,385,1,,0,0,0,0,0,0
OWF_OWF_fcst,385,1,,0,0,0,0,0,0
OWF_OWF_act,385,1,,0,0,0,0,0,0
PALMWIND_UNIT1_fcst,385,1,,0,0,0,0,0,0
PALMWIND_UNIT1_act,385,1,,0,0,0,0,0,0
PAP1_PAP1_fcst,385,1,,0,0,0,0,0,0
PAP1_PAP1_act,385,1,,0,0,0,0,0,0
PAR_UNIT1_fcst,385,1,,0,0,0,0,0,0
PAR_UNIT1_act,385,1,,0,0,0,0,0,0
PAR_UNIT2_fcst,385,1,,0,0,0,0,0,0
PAR_UNIT2_act,385,1,,0,0,0,0,0,0
PCT_UNIT1_fcst,385,1,,0,0,0,0,0,0
PCT_UNIT1_act,385,1,,0,0,0,0,0,0
PC_NORTH_PANTHER1_fcst,385,1,,0,0,0,0,0,0
PC_NORTH_PANTHER1_act,385,1,,0,0,0,0,0,0
PC_SOUTH_PANTH31_fcst,385,1,,0,0,0,0,0,0
PC_SOUTH_PANTH31_act,385,1,,0,0,0,0,0,0
PC_SOUTH_PANTH32_fcst,385,1,,0,0,0,0,0,0
PC_SOUTH_PANTH32_act,385,1,,0,0,0,0,0,0
PC_SOUTH_PANTHER2_fcst,385,1,,0,0,0,0,0,0
PC_SOUTH_PANTHER2_act,385,1,,0,0,0,0,0,0
PENA3_UNIT3_J01_fcst,385,1,,0,0,0,0,0,0
PENA3_UNIT3_J01_act,385,1,,0,0,0,0,0,0
PENA3_UNIT3_J02_fcst,385,1,,0,0,0,0,0,0
PENA3_UNIT3_J02_act,385,1,,0,0,0,0,0,0
PENA_UNIT1_fcst,385,1,,0,0,0,0,0,0
PENA_UNIT1_act,385,1,,0,0,0,0,0,0
PENA_UNIT2_J01_fcst,385,1,,0,0,0,0,0,0
PENA_UNIT2_J01_act,385,1,,0,0,0,0,0,0
PENA_UNIT2_J02_fcst,385,1,,0,0,0,0,0,0
PENA_UNIT2_J02_act,385,1,,0,0,0,0,0,0
PERE_SLR_UNIT1_fcst,385,1,,0,0,0,0,0,0
PERE_SLR_UNIT1_act,385,1,,0,0,0,0,0,0
PERE_SLR_UNIT2_fcst,385,1,,0,0,0,0,0,0
PERE_SLR_UNIT2_act,385,1,,0,0,0,0,0,0
PEY_UNIT1_fcst,385,1,,0,0,0,0,0,0
PEY_UNIT1_act,385,1,,0,0,0,0,0,0
PH1_UNIT1_fcst,385,1,,0,0,0,0,0,0
PH1_UNIT1_act,385,1,,0,0,0,0,0,0
PH1_UNIT2_fcst,385,1,,0,0,0,0,0,0
PH1_UNIT2_act,385,1,,0,0,0,0,0,0
PH2_UNIT1_fcst,385,1,,0,0,0,0,0,0
PH2_UNIT1_act,385,1,,0,0,0,0,0,0
PH2_UNIT2_fcst,385,1,,0,0,0,0,0,0
PH2_UNIT2_act,385,1,,0,0,0,0,0,0
PHOEBE_UNIT1_fcst,385,1,,0,0,0,0,0,0
PHOEBE_UNIT1_act,385,1,,0,0,0,0,0,0
PHOEBE_UNIT2_fcst,385,1,,0,0,0,0,0,0
PHOEBE_UNIT2_act,385,1,,0,0,0,0,0,0
PHOENIX_UNIT1_fcst,385,1,,0,0,0,0,0,0
PHOENIX_UNIT1_act,385,1,,0,0,0,0,0,0
PHO_SOLAR1_fcst,385,1,,0,0,0,0,0,0
PHO_SOLAR1_act,385,1,,0,0,0,0,0,0
PHO_SOLAR2_fcst,385,1,,0,0,0,0,0,0
PHO_SOLAR2_act,385,1,,0,0,0,0,0,0
PHO_SOLAR3_fcst,385,1,,0,0,0,0,0,0
PHO_SOLAR3_act,385,1,,0,0,0,0,0,0
PHO_SOLAR4_fcst,385,1,,0,0,0,0,0,0
PHO_SOLAR4_act,385,1,,0,0,0,0,0,0
PINEFRST_UNIT1_fcst,385,1,,0,0,0,0,0,0
PINEFRST_UNIT1_act,385,1,,0,0,0,0,0,0
PINEFRST_UNIT2_fcst,385,1,,0,0,0,0,0,0
PINEFRST_UNIT2_act,385,1,,0,0,0,0,0,0
PINN_SLR_UNIT1_fcst,385,1,,0,0,0,0,0,0
PINN_SLR_UNIT1_act,385,1,,0,0,0,0,0,0
PINN_SLR_UNIT2_fcst,385,1,,0,0,0,0,0,0
PINN_SLR_UNIT2_act,385,1,,0,0,0,0,0,0
PINN_SLR_UNIT3_fcst,385,1,,0,0,0,0,0,0
PINN_SLR_UNIT3_act,385,1,,0,0,0,0,0,0
PIONR_DJ_UNIT1_fcst,385,1,,0,0,0,0,0,0
PIONR_DJ_UNIT1_act,385,1,,0,0,0,0,0,0
PISGAH_SOLAR1_fcst,385,1,,0,0,0,0,0,0
PISGAH_SOLAR1_act,385,1,,0,0,0,0,0,0
PISGAH_SOLAR2_fcst,385,1,,0,0,0,0,0,0
PISGAH_SOLAR2_act,385,1,,0,0,0,0,0,0
PITTSDDK_UNIT1_fcst,385,1,,0,0,0,0,0,0
PITTSDDK_UNIT1_act,385,1,,0,0,0,0,0,0
PITTSDK2_UNIT1_fcst,385,1,,0,0,0,0,0,0
PITTSDK2_UNIT1_act,385,1,,0,0,0,0,0,0
PLN_UNIT1_fcst,385,1,,0,0,0,0,0,0
PLN_UNIT1_act,385,1,,0,0,0,0,0,0
PLN_UNIT2_fcst,385,1,,0,0,0,0,0,0
PLN_UNIT2_act,385,1,,0,0,0,0,0,0
PORT_SLR_UNIT1_fcst,385,1,,0,0,0,0,0,0
PORT_SLR_UNIT1_act,385,1,,0,0,0,0,0,0
PRIDDY_UNIT1_fcst,385,1,,0,0,0,0,0,0
PRIDDY_UNIT1_act,385,1,,0,0,0,0,0,0
PRIDDY_UNIT2_fcst,385,1,,0,0,0,0,0,0
PRIDDY_UNIT2_act,385,1,,0,0,0,0,0,0
PROSPERO_UNIT1_fcst,385,1,,0,0,0,0,0,0
PROSPERO_UNIT1_act,385,1,,0,0,0,0,0,0
PROSPERO_UNIT2_fcst,385,1,,0,0,0,0,0,0
PROSPERO_UNIT2_act,385,1,,0,0,0,0,0,0
PRSPERO2_UNIT1_fcst,385,1,,0,0,0,0,0,0
PRSPERO2_UNIT1_act,385,1,,0,0,0,0,0,0
PRSPERO2_UNIT2_fcst,385,1,,0,0,0,0,0,0
PRSPERO2_UNIT2_act,385,1,,0,0,0,0,0,0
PYR_PYRON1_fcst,385,1,,0,0,0,0,0,0
PYR_PYRON1_act,385,1,,0,0,0,0,0,0
PYR_PYRON2_fcst,385,1,,0,0,0,0,0,0
PYR_PYRON2_act,385,1,,0,0,0,0,0,0
QTUM_SLR_UNIT1_fcst,385,1,,0,0,0,0,0,0
QTUM_SLR_UNIT1_act,385,1,,0,0,0,0,0,0
QTUM_SLR_UNIT2_fcst,385,1,,0,0,0,0,0,0
QTUM_SLR_UNIT2_act,385,1,,0,0,0,0,0,0
QUEEN_SL_SOLAR1_fcst,385,1,,0,0,0,0,0,0
QUEEN_SL_SOLAR1_act,385,1,,0,0,0,0,0,0
QUEEN_SL_SOLAR2_fcst,385,1,,0,0,0,0,0,0
QUEEN_SL_SOLAR2_act,385,1,,0,0,0,0,0,0
QUEEN_SL_SOLAR3_fcst,385,1,,0,0,0,0,0,0
QUEEN_SL_SOLAR3_act,385,1,,0,0,0,0,0,0
QUEEN_SL_SOLAR4_fcst,385,1,,0,0,0,0,0,0
QUEEN_SL_SOLAR4_act,385,1,,0,0,0,0,0,0
RADN_SLR_UNIT1_fcst,385,1,,0,0,0,0,0,0
RADN_SLR_UNIT1_act,385,1,,0,0,0,0,0,0
RADN_SLR_UNIT2_fcst,385,1,,0,0,0,0,0,0
RADN_SLR_UNIT2_act,385,1,,0,0,0,0,0,0
RAMBLER_UNIT1_fcst,385,1,,0,0,0,0,0,0
RAMBLER_UNIT1_act,385,1,,0,0,0,0,0,0
RANCHERO_UNIT1_fcst,385,1,,0,0,0,0,0,0
RANCHERO_UNIT1_act,385,1,,0,0,0,0,0,0
RANCHERO_UNIT2_fcst,385,1,,0,0,0,0,0,0
RANCHERO_UNIT2_act,385,1,,0,0,0,0,0,0
RATLIFF_SOLAR1_fcst,385,1,,0,0,0,0,0,0
RATLIFF_SOLAR1_act,385,1,,0,0,0,0,0,0
RDCANYON_RDCNY1_fcst,385,1,,0,0,0,0,0,0
RDCANYON_RDCNY1_act,385,1,,0,0,0,0,0,0
REDBARN_UNIT_1_fcst,385,1,,0,0,0,0,0,0
REDBARN_UNIT_1_act,385,1,,0,0,0,0,0,0
REDBARN_UNIT_2_fcst,385,1,,0,0,0,0,0,0
REDBARN_UNIT_2_act,385,1,,0,0,0,0,0,0
REDFISH_MV1A_fcst,385,1,,0,0,0,0,0,0
REDFISH_MV1A_act,385,1,,0,0,0,0,0,0
REDFISH_MV1B_fcst,385,1,,0,0,0,0,0,0
REDFISH_MV1B_act,385,1,,0,0,0,0,0,0
RELOJ_UNIT1_fcst,385,1,,0,0,0,0,0,0
RELOJ_UNIT1_act,385,1,,0,0,0,0,0,0
RELOJ_UNIT2_fcst,385,1,,0,0,0,0,0,0
RELOJ_UNIT2_act,385,1,,0,0,0,0,0,0
RELOJ_UNIT3_fcst,385,1,,0,0,0,0,0,0
RELOJ_UNIT3_act,385,1,,0,0,0,0,0,0
RELOJ_UNIT4_fcst,385,1,,0,0,0,0,0,0
RELOJ_UNIT4_act,385,1,,0,0,0,0,0,0
REROCK_UNIT1_fcst,385,1,,0,0,0,0,0,0
REROCK_UNIT1_act,385,1,,0,0,0,0,0,0
REROCK_UNIT2_fcst,385,1,,0,0,0,0,0,0
REROCK_UNIT2_act,385,1,,0,0,0,0,0,0
RIGGINS_UNIT1_fcst,385,1,,0,0,0,0,0,0
RIGGINS_UNIT1_act,385,1,,0,0,0,0,0,0
RIPPEY_UNIT1_fcst,385,1,,0,0,0,0,0,0
RIPPEY_UNIT1_act,385,1,,0,0,0,0,0,0
ROSELAND_SOLAR1_fcst,385,1,,0,0,0,0,0,0
ROSELAND_SOLAR1_act,385,1,,0,0,0,0,0,0
ROSELAND_SOLAR2_fcst,385,1,,0,0,0,0,0,0
ROSELAND_SOLAR2_act,385,1,,0,0,0,0,0,0
ROSELAND_SOLAR3_fcst,385,1,,0,0,0,0,0,0
ROSELAND_SOLAR3_act,385,1,,0,0,0,0,0,0
ROUTE_66_WIND1_fcst,385,1,,0,0,0,0,0,0
ROUTE_66_WIND1_act,385,1,,0,0,0,0,0,0
ROW_UNIT1_fcst,385,1,,0,0,0,0,0,0
ROW_UNIT1_act,385,1,,0,0,0,0,0,0
ROW_UNIT2_fcst,385,1,,0,0,0,0,0,0
ROW_UNIT2_act,385,1,,0,0,0,0,0,0
RRC_WIND_UNIT1_fcst,385,1,,0,0,0,0,0,0
RRC_WIND_UNIT1_act,385,1,,0,0,0,0,0,0
RRC_WIND_UNIT2_fcst,385,1,,0,0,0,0,0,0
RRC_WIND_UNIT2_act,385,1,,0,0,0,0,0,0
RRC_WIND_UNIT3_fcst,385,1,,0,0,0,0,0,0
RRC_WIND_UNIT3_act,385,1,,0,0,0,0,0,0
RSNAKE_G1_fcst,385,1,,0,0,0,0,0,0
RSNAKE_G1_act,385,1,,0,0,0,0,0,0
RSNAKE_G2_fcst,385,1,,0,0,0,0,0,0
RSNAKE_G2_act,385,1,,0,0,0,0,0,0
RTS2_U1_fcst,385,1,,0,0,0,0,0,0
RTS2_U1_act,385,1,,0,0,0,0,0,0
RTS2_U2_fcst,385,1,,0,0,0,0,0,0
RTS2_U2_act,385,1,,0,0,0,0,0,0
RTS_U1_fcst,385,1,,0,0,0,0,0,0
RTS_U1_act,385,1,,0,0,0,0,0,0
SAGEDRAW_UNIT1_fcst,385,1,,0,0,0,0,0,0
SAGEDRAW_UNIT1_act,385,1,,0,0,0,0,0,0
SAGEDRAW_UNIT2_fcst,385,1,,0,0,0,0,0,0
SAGEDRAW_UNIT2_act,385,1,,0,0,0,0,0,0
SALTFORK_UNIT1_fcst,385,1,,0,0,0,0,0,0
SALTFORK_UNIT1_act,385,1,,0,0,0,0,0,0
SALTFORK_UNIT2_fcst,385,1,,0,0,0,0,0,0
SALTFORK_UNIT2_act,385,1,,0,0,0,0,0,0
SALVTION_UNIT1_fcst,385,1,,0,0,0,0,0,0
SALVTION_UNIT1_act,385,1,,0,0,0,0,0,0
SALVTION_UNIT2_fcst,385,1,,0,0,0,0,0,0
SALVTION_UNIT2_act,385,1,,0,0,0,0,0,0
SAMSON_1_G1_fcst,385,1,,0,0,0,0,0,0
SAMSON_1_G1_act,385,1,,0,0,0,0,0,0
SAMSON_1_G2_fcst,385,1,,0,0,0,0,0,0
SAMSON_1_G2_act,385,1,,0,0,0,0,0,0
SAMSON_1_G3_fcst,385,1,,0,0,0,0,0,0
SAMSON_1_G3_act,385,1,,0,0,0,0,0,0
SAMSON_1_G4_fcst,385,1,,0,0,0,0,0,0
SAMSON_1_G4_act,385,1,,0,0,0,0,0,0
SAMSON_3_G1_fcst,385,1,,0,0,0,0,0,0
SAMSON_3_G1_act,385,1,,0,0,0,0,0,0
SAMSON_3_G2_fcst,385,1,,0,0,0,0,0,0
SAMSON_3_G2_act,385,1,,0,0,0,0,0,0
SANROMAN_WIND_1_fcst,385,1,,0,0,0,0,0,0
SANROMAN_WIND_1_act,385,1,,0,0,0,0,0,0
SANTACRU_UNIT1_fcst,385,1,,0,0,0,0,0,0
SANTACRU_UNIT1_act,385,1,,0,0,0,0,0,0
SANTACRU_UNIT2_fcst,385,1,,0,0,0,0,0,0
SANTACRU_UNIT2_act,385,1,,0,0,0,0,0,0
SBE_UNIT1_fcst,385,1,,0,0,0,0,0,0
SBE_UNIT1_act,385,1,,0,0,0,0,0,0
SENATEWD_UNIT1_fcst,385,1,,0,0,0,0,0,0
SENATEWD_UNIT1_act,385,1,,0,0,0,0,0,0
SGMTN_SIGNALMT_fcst,385,1,,0,0,0,0,0,0
SGMTN_SIGNALMT_act,385,1,,0,0,0,0,0,0
SHAFFER_UNIT1_fcst,385,1,,0,0,0,0,0,0
SHAFFER_UNIT1_act,385,1,,0,0,0,0,0,0
SHAMROCK_UNIT1_fcst,385,1,,0,0,0,0,0,0
SHAMROCK_UNIT1_act,385,1,,0,0,0,0,0,0
SHAMROCK_UNIT2_fcst,385,1,,0,0,0,0,0,0
SHAMROCK_UNIT2_act,385,1,,0,0,0,0,0,0
SHANNONW_UNIT_1_fcst,385,1,,0,0,0,0,0,0
SHANNONW_UNIT_1_act,385,1,,0,0,0,0,0,0
SHEEPCRK_UNIT1_fcst,385,1,,0,0,0,0,0,0
SHEEPCRK_UNIT1_act,385,1,,0,0,0,0,0,0
SIG_SLR_UNIT1_fcst,385,1,,0,0,0,0,0,0
SIG_SLR_UNIT1_act,385,1,,0,0,0,0,0,0
SIRIUS_UNIT1_fcst,385,1,,0,0,0,0,0,0
SIRIUS_UNIT1_act,385,1,,0,0,0,0,0,0
SIRIUS_UNIT2_fcst,385,1,,0,0,0,0,0,0
SIRIUS_UNIT2_act,385,1,,0,0,0,0,0,0
SOLARA_UNIT1_fcst,385,1,,0,0,0,0,0,0
SOLARA_UNIT1_act,385,1,,0,0,0,0,0,0
SOLC_SLR_UNIT1_fcst,385,1,,0,0,0,0,0,0
SOLC_SLR_UNIT1_act,385,1,,0,0,0,0,0,0
SOLC_SLR_UNIT2_fcst,385,1,,0,0,0,0,0,0
SOLC_SLR_UNIT2_act,385,1,,0,0,0,0,0,0
SPARTA_UNIT1_fcst,385,1,,0,0,0,0,0,0
SPARTA_UNIT1_act,385,1,,0,0,0,0,0,0
SPARTA_UNIT2_fcst,385,1,,0,0,0,0,0,0
SPARTA_UNIT2_act,385,1,,0,0,0,0,0,0
SPLAIN1_WIND1_fcst,385,1,,0,0,0,0,0,0
SPLAIN1_WIND1_act,385,1,,0,0,0,0,0,0
SPLAIN1_WIND2_fcst,385,1,,0,0,0,0,0,0
SPLAIN1_WIND2_act,385,1,,0,0,0,0,0,0
SPLAIN2_WIND21_fcst,385,1,,0,0,0,0,0,0
SPLAIN2_WIND21_act,385,1,,0,0,0,0,0,0
SPLAIN2_WIND22_fcst,385,1,,0,0,0,0,0,0
SPLAIN2_WIND22_act,385,1,,0,0,0,0,0,0
SPTX12B_UNIT1_fcst,385,1,,0,0,0,0,0,0
SPTX12B_UNIT1_act,385,1,,0,0,0,0,0,0
SRWE1_SRWE2_fcst,385,1,,0,0,0,0,0,0
SRWE1_SRWE2_act,385,1,,0,0,0,0,0,0
SRWE1_UNIT1_fcst,385,1,,0,0,0,0,0,0
SRWE1_UNIT1_act,385,1,,0,0,0,0,0,0
SSPURTWO_SS3WIND1_fcst,385,1,,0,0,0,0,0,0
SSPURTWO_SS3WIND1_act,385,1,,0,0,0,0,0,0
SSPURTWO_SS3WIND2_fcst,385,1,,0,0,0,0,0,0
SSPURTWO_SS3WIND2_act,385,1,,0,0,0,0,0,0
SSPURTWO_WIND_1_fcst,385,1,,0,0,0,0,0,0
SSPURTWO_WIND_1_act,385,1,,0,0,0,0,0,0
STAM_SLR_SOLAR1_fcst,385,1,,0,0,0,0,0,0
STAM_SLR_SOLAR1_act,385,1,,0,0,0,0,0,0
STAM_SLR_SOLAR2_fcst,385,1,,0,0,0,0,0,0
STAM_SLR_SOLAR2_act,385,1,,0,0,0,0,0,0
STAR_SLR_UNIT1_fcst,385,1,,0,0,0,0,0,0
STAR_SLR_UNIT1_act,385,1,,0,0,0,0,0,0
STAR_SLR_UNIT2_fcst,385,1,,0,0,0,0,0,0
STAR_SLR_UNIT2_act,385,1,,0,0,0,0,0,0
STELLA_UNIT1_fcst,385,1,,0,0,0,0,0,0
STELLA_UNIT1_act,385,1,,0,0,0,0,0,0
STLHS_SL_PV1_fcst,385,1,,0,0,0,0,0,0
STLHS_SL_PV1_act,385,1,,0,0,0,0,0,0
STRATEGC_UNIT1_fcst,385,1,,0,0,0,0,0,0
STRATEGC_UNIT1_act,385,1,,0,0,0,0,0,0
STRG_SLR_UNIT1_fcst,385,1,,0,0,0,0,0,0
STRG_SLR_UNIT1_act,385,1,,0,0,0,0,0,0
STRG_SLR_UNIT2_fcst,385,1,,0,0,0,0,0,0
STRG_SLR_UNIT2_act,385,1,,0,0,0,0,0,0
STWF_T1_fcst,385,1,,0,0,0,0,0,0
STWF_T1_act,385,1,,0,0,0,0,0,0
SUNVASLR_UNIT1_fcst,385,1,,0,0,0,0,0,0
SUNVASLR_UNIT1_act,385,1,,0,0,0,0,0,0
SUNVASLR_UNIT2_fcst,385,1,,0,0,0,0,0,0
SUNVASLR_UNIT2_act,385,1,,0,0,0,0,0,0
SUN_SLR_UNIT_1_fcst,385,1,,0,0,0,0,0,0
SUN_SLR_UNIT_1_act,385,1,,0,0,0,0,0,0
SWEC_G1_fcst,385,1,,0,0,0,0,0,0
SWEC_G1_act,385,1,,0,0,0,0,0,0
SWEETWN2_WND2_fcst,385,1,,0,0,0,0,0,0
SWEETWN2_WND2_act,385,1,,0,0,0,0,0,0
SWEETWN2_WND24_fcst,385,1,,0,0,0,0,0,0
SWEETWN2_WND24_act,385,1,,0,0,0,0,0,0
SWEETWN3_WND3A_fcst,385,1,,0,0,0,0,0,0
SWEETWN3_WND3A_act,385,1,,0,0,0,0,0,0
SWEETWN3_WND3B_fcst,385,1,,0,0,0,0,0,0
SWEETWN3_WND3B_act,385,1,,0,0,0,0,0,0
SWEETWN4_WND4A_fcst,385,1,,0,0,0,0,0,0
SWEETWN4_WND4A_act,385,1,,0,0,0,0,0,0
SWEETWN4_WND4B_fcst,385,1,,0,0,0,0,0,0
SWEETWN4_WND4B_act,385,1,,0,0,0,0,0,0
SWEETWN5_WND5_fcst,385,1,,0,0,0,0,0,0
SWEETWN5_WND5_act,385,1,,0,0,0,0,0,0
SWEETWND_WND1_fcst,385,1,,0,0,0,0,0,0
SWEETWND_WND1_act,385,1,,0,0,0,0,0,0
SWFT_SLR_UNIT1_fcst,385,1,,0,0,0,0,0,0
SWFT_SLR_UNIT1_act,385,1,,0,0,0,0,0,0
SYBR_SLR_UNIT1_fcst,385,1,,0,0,0,0,0,0
SYBR_SLR_UNIT1_act,385,1,,0,0,0,0,0,0
SYBR_SLR_UNIT2_fcst,385,1,,0,0,0,0,0,0
SYBR_SLR_UNIT2_act,385,1,,0,0,0,0,0,0
S_HILLS_UNIT1_fcst,385,1,,0,0,0,0,0,0
S_HILLS_UNIT1_act,385,1,,0,0,0,0,0,0
TAHOKA_UNIT_1_fcst,385,1,,0,0,0,0,0,0
TAHOKA_UNIT_1_act,385,1,,0,0,0,0,0,0
TAHOKA_UNIT_2_fcst,385,1,,0,0,0,0,0,0
TAHOKA_UNIT_2_act,385,1,,0,0,0,0,0,0
TAV_UNIT1_fcst,385,1,,0,0,0,0,0,0
TAV_UNIT1_act,385,1,,0,0,0,0,0,0
TAV_UNIT2_fcst,385,1,,0,0,0,0,0,0
TAV_UNIT2_act,385,1,,0,0,0,0,0,0
TAYGETE2_UNIT1_fcst,385,1,,0,0,0,0,0,0
TAYGETE2_UNIT1_act,385,1,,0,0,0,0,0,0
TAYGETE2_UNIT2_fcst,385,1,,0,0,0,0,0,0
TAYGETE2_UNIT2_act,385,1,,0,0,0,0,0,0
TAYGETE_UNIT1_fcst,385,1,,0,0,0,0,0,0
TAYGETE_UNIT1_act,385,1,,0,0,0,0,0,0
TAYGETE_UNIT2_fcst,385,1,,0,0,0,0,0,0
TAYGETE_UNIT2_act,385,1,,0,0,0,0,0,0
TGW_T1_fcst,385,1,,0,0,0,0,0,0
TGW_T1_act,385,1,,0,0,0,0,0,0
TGW_T2_fcst,385,1,,0,0,0,0,0,0
TGW_T2_act,385,1,,0,0,0,0,0,0
THREEW_S_SOLAR1_fcst,385,1,,0,0,0,0,0,0
THREEW_S_SOLAR1_act,385,1,,0,0,0,0,0,0
TI_SOLAR_UNIT1_fcst,385,1,,0,0,0,0,0,0
TI_SOLAR_UNIT1_act,385,1,,0,0,0,0,0,0
TI_SOLAR_UNIT2_fcst,385,1,,0,0,0,0,0,0
TI_SOLAR_UNIT2_act,385,1,,0,0,0,0,0,0
TKWSW1_ROSCOE_fcst,385,1,,0,0,0,0,0,0
TKWSW1_ROSCOE_act,385,1,,0,0,0,0,0,0
TKWSW1_ROSCOE2A_fcst,385,1,,0,0,0,0,0,0
TKWSW1_ROSCOE2A_act,385,1,,0,0,0,0,0,0
TNG_SOLAR1_fcst,385,1,,0,0,0,0,0,0
TNG_SOLAR1_act,385,1,,0,0,0,0,0,0
TNG_SOLAR2_fcst,385,1,,0,0,0,0,0,0
TNG_SOLAR2_act,385,1,,0,0,0,0,0,0
TNS_SLR_UNIT1_fcst,385,1,,0,0,0,0,0,0
TNS_SLR_UNIT1_act,385,1,,0,0,0,0,0,0
TNS_SLR_UNIT2_fcst,385,1,,0,0,0,0,0,0
TNS_SLR_UNIT2_act,385,1,,0,0,0,0,0,0
TORR_UNIT1_25_fcst,385,1,,0,0,0,0,0,0
TORR_UNIT1_25_act,385,1,,0,0,0,0,0,0
TORR_UNIT2_23_fcst,385,1,,0,0,0,0,0,0
TORR_UNIT2_23_act,385,1,,0,0,0,0,0,0
TORR_UNIT2_25_fcst,385,1,,0,0,0,0,0,0
TORR_UNIT2_25_act,385,1,,0,0,0,0,0,0
TRBT_SLR_PV1_fcst,385,1,,0,0,0,0,0,0
TRBT_SLR_PV1_act,385,1,,0,0,0,0,0,0
TRBT_SLR_PV2_fcst,385,1,,0,0,0,0,0,0
TRBT_SLR_PV2_act,385,1,,0,0,0,0,0,0
TREB_SLR_SOLAR1_fcst,385,1,,0,0,0,0,0,0
TREB_SLR_SOLAR1_act,385,1,,0,0,0,0,0,0
TRENT_TRENT_fcst,385,1,,0,0,0,0,0,0
TRENT_TRENT_act,385,1,,0,0,0,0,0,0
TRENT_UNIT_1B_fcst,385,1,,0,0,0,0,0,0
TRENT_UNIT_1B_act,385,1,,0,0,0,0,0,0
TRENT_UNIT_2_fcst,385,1,,0,0,0,0,0,0
TRENT_UNIT_2_act,385,1,,0,0,0,0,0,0
TRENT_UNIT_3A_fcst,385,1,,0,0,0,0,0,0
TRENT_UNIT_3A_act,385,1,,0,0,0,0,0,0
TRENT_UNIT_3B_fcst,385,1,,0,0,0,0,0,0
TRENT_UNIT_3B_act,385,1,,0,0,0,0,0,0
TRINITY_TH1_BUS1_fcst,385,1,,0,0,0,0,0,0
TRINITY_TH1_BUS1_act,385,1,,0,0,0,0,0,0
TRINITY_TH1_BUS2_fcst,385,1,,0,0,0,0,0,0
TRINITY_TH1_BUS2_act,385,1,,0,0,0,0,0,0
TROJ_SLR_PV1_fcst,385,1,,0,0,0,0,0,0
TROJ_SLR_PV1_act,385,1,,0,0,0,0,0,0
TROJ_SLR_PV2_fcst,385,1,,0,0,0,0,0,0
TROJ_SLR_PV2_act,385,1,,0,0,0,0,0,0
TRUENO_UNIT1_fcst,385,1,,0,0,0,0,0,0
TRUENO_UNIT1_act,385,1,,0,0,0,0,0,0
TRUENO_UNIT2_fcst,385,1,,0,0,0,0,0,0
TRUENO_UNIT2_act,385,1,,0,0,0,0,0,0
TRUSGILL_UNIT1_fcst,385,1,,0,0,0,0,0,0
TRUSGILL_UNIT1_act,385,1,,0,0,0,0,0,0
TRUSGILL_UNIT2_fcst,385,1,,0,0,0,0,0,0
TRUSGILL_UNIT2_act,385,1,,0,0,0,0,0,0
TRUSGILL_UNIT3_fcst,385,1,,0,0,0,0,0,0
TRUSGILL_UNIT3_act,385,1,,0,0,0,0,0,0
TRUSGILL_UNIT4_fcst,385,1,,0,0,0,0,0,0
TRUSGILL_UNIT4_act,385,1,,0,0,0,0,0,0
TTWEC_G1_fcst,385,1,,0,0,0,0,0,0
TTWEC_G1_act,385,1,,0,0,0,0,0,0
TUL_SLR_UNIT1_fcst,385,1,,0,0,0,0,0,0
TUL_SLR_UNIT1_act,385,1,,0,0,0,0,0,0
TUL_SLR_UNIT2_fcst,385,1,,0,0,0,0,0,0
TUL_SLR_UNIT2_act,385,1,,0,0,0,0,0,0
TYLRWIND_UNIT1_fcst,385,1,,0,0,0,0,0,0
TYLRWIND_UNIT1_act,385,1,,0,0,0,0,0,0
TYSN_SLR_UNIT1_fcst,385,1,,0,0,0,0,0,0
TYSN_SLR_UNIT1_act,385,1,,0,0,0,0,0,0
VANCOURT_UNIT1_fcst,385,1,,0,0,0,0,0,0
VANCOURT_UNIT1_act,385,1,,0,0,0,0,0,0
VENADO_UNIT1_fcst,385,1,,0,0,0,0,0,0
VENADO_UNIT1_act,385,1,,0,0,0,0,0,0
VENADO_UNIT2_fcst,385,1,,0,0,0,0,0,0
VENADO_UNIT2_act,385,1,,0,0,0,0,0,0
VERAWIND_UNIT1_fcst,385,1,,0,0,0,0,0,0
VERAWIND_UNIT1_act,385,1,,0,0,0,0,0,0
VERAWIND_UNIT2_fcst,385,1,,0,0,0,0,0,0
VERAWIND_UNIT2_act,385,1,,0,0,0,0,0,0
VERAWIND_UNIT3_fcst,385,1,,0,0,0,0,0,0
VERAWIND_UNIT3_act,385,1,,0,0,0,0,0,0
VERAWIND_UNIT4_fcst,385,1,,0,0,0,0,0,0
VERAWIND_UNIT4_act,385,1,,0,0,0,0,0,0
VERAWIND_UNIT5_fcst,385,1,,0,0,0,0,0,0
VERAWIND_UNIT5_act,385,1,,0,0,0,0,0,0
VERTIGO_WIND_I_fcst,385,1,,0,0,0,0,0,0
VERTIGO_WIND_I_act,385,1,,0,0,0,0,0,0
VISION_UNIT1_fcst,385,1,,0,0,0,0,0,0
VISION_UNIT1_act,385,1,,0,0,0,0,0,0
VORTEX_WIND1_fcst,385,1,,0,0,0,0,0,0
VORTEX_WIND1_act,385,1,,0,0,0,0,0,0
VORTEX_WIND2_fcst,385,1,,0,0,0,0,0,0
VORTEX_WIND2_act,385,1,,0,0,0,0,0,0
VORTEX_WIND3_fcst,385,1,,0,0,0,0,0,0
VORTEX_WIND3_act,385,1,,0,0,0,0,0,0
VORTEX_WIND4_fcst,385,1,,0,0,0,0,0,0
VORTEX_WIND4_act,385,1,,0,0,0,0,0,0
WAKEWE_G1_J01_fcst,385,1,,0,0,0,0,0,0
WAKEWE_G1_J01_act,385,1,,0,0,0,0,0,0
WAKEWE_G1_J02_fcst,385,1,,0,0,0,0,0,0
WAKEWE_G1_J02_act,385,1,,0,0,0,0,0,0
WAKEWE_G2_J01_fcst,385,1,,0,0,0,0,0,0
WAKEWE_G2_J01_act,385,1,,0,0,0,0,0,0
WAKEWE_G2_J02_fcst,385,1,,0,0,0,0,0,0
WAKEWE_G2_J02_act,385,1,,0,0,0,0,0,0
WAYMARK_UNIT1_fcst,385,1,,0,0,0,0,0,0
WAYMARK_UNIT1_act,385,1,,0,0,0,0,0,0
WEBBER_S_WSP1_fcst,385,1,,0,0,0,0,0,0
WEBBER_S_WSP1_act,385,1,,0,0,0,0,0,0
WEC_WECG1_fcst,385,1,,0,0,0,0,0,0
WEC_WECG1_act,385,1,,0,0,0,0,0,0
WES_UNIT1_fcst,385,1,,0,0,0,0,0,0
WES_UNIT1_act,385,1,,0,0,0,0,0,0
WES_UNIT2_fcst,385,1,,0,0,0,0,0,0
WES_UNIT2_act,385,1,,0,0,0,0,0,0
WGU_UNIT1_fcst,385,1,,0,0,0,0,0,0
WGU_UNIT1_act,385,1,,0,0,0,0,0,0
WHMESA_UNIT1_fcst,385,1,,0,0,0,0,0,0
WHMESA_UNIT1_act,385,1,,0,0,0,0,0,0
WHMESA_UNIT2_23_fcst,385,1,,0,0,0,0,0,0
WHMESA_UNIT2_23_act,385,1,,0,0,0,0,0,0
WHMESA_UNIT2_28_fcst,385,1,,0,0,0,0,0,0
WHMESA_UNIT2_28_act,385,1,,0,0,0,0,0,0
WHMESA_UNIT3_23_fcst,385,1,,0,0,0,0,0,0
WHMESA_UNIT3_23_act,385,1,,0,0,0,0,0,0
WHMESA_UNIT3_28_fcst,385,1,,0,0,0,0,0,0
WHMESA_UNIT3_28_act,385,1,,0,0,0,0,0,0
WHTTAIL_WR1_fcst,385,1,,0,0,0,0,0,0
WHTTAIL_WR1_act,385,1,,0,0,0,0,0,0
WH_WIND_UNIT1_fcst,385,1,,0,0,0,0,0,0
WH_WIND_UNIT1_act,385,1,,0,0,0,0,0,0
WH_WIND_UNIT2_fcst,385,1,,0,0,0,0,0,0
WH_WIND_UNIT2_act,385,1,,0,0,0,0,0,0
WILDWIND_UNIT1_fcst,385,1,,0,0,0,0,0,0
WILDWIND_UNIT1_act,385,1,,0,0,0,0,0,0
WILDWIND_UNIT2_fcst,385,1,,0,0,0,0,0,0
WILDWIND_UNIT2_act,385,1,,0,0,0,0,0,0
WILDWIND_UNIT3_fcst,385,1,,0,0,0,0,0,0
WILDWIND_UNIT3_act,385,1,,0,0,0,0,0,0
WILDWIND_UNIT4_fcst,385,1,,0,0,0,0,0,0
WILDWIND_UNIT4_act,385,1,,0,0,0,0,0,0
WILDWIND_UNIT5_fcst,385,1,,0,0,0,0,0,0
WILDWIND_UNIT5_act,385,1,,0,0,0,0,0,0
WL_RANCH_UNIT1_fcst,385,1,,0,0,0,0,0,0
WL_RANCH_UNIT1_act,385,1,,0,0,0,0,0,0
WNDTHST2_UNIT1_fcst,385,1,,0,0,0,0,0,0
WNDTHST2_UNIT1_act,385,1,,0,0,0,0,0,0
WOODWRD1_WOODWRD1_fcst,385,1,,0,0,0,0,0,0
WOODWRD1_WOODWRD1_act,385,1,,0,0,0,0,0,0
WOODWRD2_WOODWRD2_fcst,385,1,,0,0,0,0,0,0
WOODWRD2_WOODWRD2_act,385,1,,0,0,0,0,0,0
W_PECOS_UNIT1_fcst,385,1,,0,0,0,0,0,0
W_PECOS_UNIT1_act,385,1,,0,0,0,0,0,0
YNG_WND_UNIT1_fcst,385,1,,0,0,0,0,0,0
YNG_WND_UNIT1_act,385,1,,0,0,0,0,0,0
YNG_WND_UNIT2_fcst,385,1,,0,0,0,0,0,0
YNG_WND_UNIT2_act,385,1,,0,0,0,0,0,0
YNG_WND_UNIT3_fcst,385,1,,0,0,0,0,0,0
YNG_WND_UNIT3_act,385,1,,0,0,0,0,0,0
ZIER_SLR_PV1_fcst,385,1,,0,0,0,0,0,0
ZIER_SLR_PV1_act,385,1,,0,0,0,0,0,0
OpRsv_req,385,1,,0,0,0,0,0,0
