Reservoir,MinStorage,MaxStorage,EfficiencyIn,EfficiencyOut,SelfDischarge,Storage0,TimeWindow,MaxRecharge,MaxDischarge,MaxCycles,RechargeCost,DischargeCost,CostFactor,CostAdder,StorageCost
N288_1,0.000,160.000,0.9220,0.9220,0.000,80.000,,,,,0.000,0.000,,,
N290_PA,0.000,195.240,0.9220,0.9220,0.000,97.620,,,,,0.000,0.000,,,
N297_2,0.000,20.000,0.9220,0.9220,0.000,10.000,,,,,0.000,0.000,,,
N299_PB,0.000,24.400,0.9220,0.9220,0.000,12.200,,,,,0.000,0.000,,,
N302_2,0.000,200.000,0.9220,0.9220,0.000,100.000,,,,,0.000,0.000,,,
N304_PB,0.000,244.040,0.9220,0.9220,0.000,122.020,,,,,0.000,0.000,,,
N373_1,0.000,400.000,0.9220,0.9220,0.000,200.000,,,,,0.000,0.000,,,
N374_PA,0.000,488.080,0.9220,0.9220,0.000,244.040,,,,,0.000,0.000,,,
N380_1,0.000,400.000,0.9220,0.9220,0.000,200.000,,,,,0.000,0.000,,,
N381_PA,0.000,488.080,0.9220,0.9220,0.000,244.040,,,,,0.000,0.000,,,
N382_1,0.000,800.000,0.9220,0.9220,0.000,400.000,,,,,0.000,0.000,,,
N383_PA,0.000,976.160,0.9220,0.9220,0.000,488.080,,,,,0.000,0.000,,,
N393_1,0.000,400.000,0.9220,0.9220,0.000,200.000,,,,,0.000,0.000,,,
N394_PA,0.000,488.080,0.9220,0.9220,0.000,244.040,,,,,0.000,0.000,,,
N396_2,0.000,200.000,0.9220,0.9220,0.000,100.000,,,,,0.000,0.000,,,
N398_PB,0.000,244.040,0.9220,0.9220,0.000,122.020,,,,,0.000,0.000,,,
N401_2,0.000,308.000,0.9220,0.9220,0.000,154.000,,,,,0.000,0.000,,,
N403_PB,0.000,375.840,0.9220,0.9220,0.000,187.920,,,,,0.000,0.000,,,
N120524_1,0.000,40.000,0.9220,0.9220,0.000,20.000,,,,,0.000,0.000,,,
N190187_1,0.000,120.000,0.9220,0.9220,0.000,60.000,,,,,0.000,0.000,,,
N220191_1,0.000,144.000,0.9220,0.9220,0.000,72.000,,,,,0.000,0.000,,,
N220225_1,0.000,39.600,0.9220,0.9220,0.000,19.800,,,,,0.000,0.000,,,
N240278_1,0.000,39.600,0.9220,0.9220,0.000,19.800,,,,,0.000,0.000,,,
N240280_1,0.000,39.600,0.9220,0.9220,0.000,19.800,,,,,0.000,0.000,,,
