Injector,Node,PhysicalArea,LossFactor,IgnoreLoss
AMOCOOIL_CC2,N111370,,0.00000000,0
BASTEN_CC1,N140361,,0.00000000,0
BOSQUESW_CC1,N210327,,0.00000000,0
BOSQUESW_CC2,N210327,,0.00000000,0
BRAUNIG_CC1,N43,,0.00000000,0
BTE_CC1,N111333,,0.00000000,0
BVE_CC1,N111339,,0.00000000,0
BYU_CC1,N110762,,0.00000000,0
B_DAVIS_CC1,N160205,,0.00000000,0
CAL_CC1,N110854,,0.00000000,0
CBECII_CC3,N111390,,0.00000000,0
CBEC_CC1,N111364,,0.00000000,0
CBEC_CC2,N111364,,0.00000000,0
CBY4_CC1,N111372,,0.00000000,0
CCEC_CC1,N120252,,0.00000000,0
CHE_CC1,N111324,,0.00000000,0
CVC_CC1,N111318,,0.00000000,0
DDPEC_CC1,N111347,,0.00000000,0
DIB_CC1,N110065,,0.00000000,0
DUKE_CC1,N200172,,0.00000000,0
ETCCS_CC1,N130355,,0.00000000,0
FERGCC_CC1,N140336,,0.00000000,0
FREC_CC1,N250367,,0.00000000,0
FREC_CC2,N250367,,0.00000000,0
FRNYPP_CC1,N130359,,0.00000000,0
FRNYPP_CC2,N130359,,0.00000000,0
FTR_CC1,N230251,,0.00000000,0
GUADG_CC1,N270217,,0.00000000,0
GUADG_CC2,N270217,,0.00000000,0
INGLCOSW_CC1,N120319,,0.00000000,0
JACKCNTY_CC1,N150481,,0.00000000,0
JCKCNTY2_CC1,N210021,,0.00000000,0
KMCHI_CC1,N250235,,0.00000000,0
KMCHI_CC2,N170193,,0.00000000,0
LGE_CC1,N200036,,0.00000000,0
LOSTPI_CC1,N140357,,0.00000000,0
LPCCS_CC1,N170550,,0.00000000,0
LPCCS_CC2,N170550,,0.00000000,0
NEDIN_CC1,N200168,,0.00000000,0
NUECES_B_CC1,N160189,,0.00000000,0
OECCS_CC1,N220142,,0.00000000,0
OECCS_CC2,N220142,,0.00000000,0
PSA_CC1,N110365,,0.00000000,0
PSG_CC1,N111314,,0.00000000,0
QALSW_CC1,N220162,,0.00000000,0
QALSW_CC2,N220162,,0.00000000,0
RAYBURN_CC1,N160198,,0.00000000,0
RIONOG_CC1,N270208,,0.00000000,0
SANDHSYD_CC1,N140339,,0.00000000,0
SILASRAY_CC1,N200156,,0.00000000,0
TEN_CC1,N150462,,0.00000000,0
TGCCS_CC1,N250362,,0.00000000,0
THW_CC1,N111190,,0.00000000,0
THW_CC2,N111190,,0.00000000,0
TNSKA_CC1,N170540,,0.00000000,0
TXCTY_CC1,N111280,,0.00000000,0
VICTORIA_CC1,N160194,,0.00000000,0
WCPP_CC1,N150488,,0.00000000,0
WFCOGEN_CC1,N150451,,0.00000000,0
WHCCS2_CC2,N150523,,0.00000000,0
WHCCS_CC1,N150476,,0.00000000,0
7RNCHSLR_UNIT1,N110148,,0.00000000,0
7RNCHSLR_UNIT2,N110148,,0.00000000,0
7RNCHSLR_UNIT3,N110148,,0.00000000,0
A4_DGR1,N120114,,0.00000000,0
A4_DGR2,N120033,,0.00000000,0
ADL_SOLAR1,N110097,,0.00000000,0
AEEC_ANTLP_1,N120151,,0.00000000,0
AEEC_ANTLP_2,N120151,,0.00000000,0
AEEC_ANTLP_3,N120151,,0.00000000,0
AEEC_ELK_1,N120151,,0.00000000,0
AEEC_ELK_2,N120151,,0.00000000,0
AEEC_ELK_3,N120151,,0.00000000,0
AGUAYO_UNIT1,N210060,,0.00000000,0
AJAXWIND_UNIT1,N150526,,0.00000000,0
AJAXWIND_UNIT2,N150526,,0.00000000,0
ALGODON_UNIT1,N230018,,0.00000000,0
ALGODON_UNIT2,N230018,,0.00000000,0
AMADEUS1_UNIT1,N13,,0.00000000,0
AMADEUS1_UNIT2,N13,,0.00000000,0
AMADEUS2_UNIT3,N13,,0.00000000,0
AMISTAD_AMISTAG1,N240202,,0.00000000,0
AMISTAD_AMISTAG2,N240202,,0.00000000,0
ANACACHO_ANA,N120493,,0.00000000,0
ANCHOR_WIND1,N130100,,0.00000000,0
ANCHOR_WIND2,N130100,,0.00000000,0
ANCHOR_WIND3,N130100,,0.00000000,0
ANCHOR_WIND4,N130100,,0.00000000,0
ANCHOR_WIND5,N130100,,0.00000000,0
ANDMDSLR_UNIT1,N240115,,0.00000000,0
ANDMDSLR_UNIT2,N240115,,0.00000000,0
ANG_SLR_UNIT1,N240180,,0.00000000,0
ANSON1_UNIT1,N34,,0.00000000,0
ANSON1_UNIT2,N34,,0.00000000,0
ANSON2_UNIT1,N34,,0.00000000,0
APOGEE_UNIT1,N240070,,0.00000000,0
APOGEE_UNIT2,N240070,,0.00000000,0
APOGEE_UNIT3,N240070,,0.00000000,0
APOGEE_UNIT4,N240070,,0.00000000,0
APOGEE_UNIT5,N240070,,0.00000000,0
APOGEE_UNIT6,N240070,,0.00000000,0
APOGEE_UNIT7,N240070,,0.00000000,0
APPALOSA_UNIT1,N190004,,0.00000000,0
APPALOSA_UNIT2,N190004,,0.00000000,0
AQUILLA_U1_23,N67,,0.00000000,0
AQUILLA_U1_28,N67,,0.00000000,0
AQUILLA_U2_23,N67,,0.00000000,0
AQUILLA_U2_28,N67,,0.00000000,0
ARAGORN_UNIT1,N220004,,0.00000000,0
ASCK_SLR_SOLAR1,N130022,,0.00000000,0
ASCK_SLR_SOLAR2,N130022,,0.00000000,0
ASTRA_UNIT1,N190190,,0.00000000,0
ATKINS_ATKINSG7,N230262,,0.00000000,0
AURO_SLR_UNIT1,N250217,,0.00000000,0
AUSTPL_AUSTING1,N140311,,0.00000000,0
AUSTPL_AUSTING2,N140311,,0.00000000,0
AVIATOR_UNIT1,N56,,0.00000000,0
AVIATOR_UNIT2,N56,,0.00000000,0
AZSP_SLR_SOLAR1,N190170,,0.00000000,0
AZURE_SOLAR1,N220197,,0.00000000,0
AZURE_SOLAR2,N220197,,0.00000000,0
AZ_AZ_G1,N111343,,0.00000000,0
AZ_AZ_G2,N111344,,0.00000000,0
AZ_AZ_G3,N111344,,0.00000000,0
AZ_AZ_G4,N111345,,0.00000000,0
BAC_CTG1,N111395,,0.00000000,0
BAC_CTG2,N111395,,0.00000000,0
BAC_CTG3,N111395,,0.00000000,0
BAC_CTG4,N111395,,0.00000000,0
BAC_CTG5,N111395,,0.00000000,0
BAC_CTG6,N111395,,0.00000000,0
BAFFIN_UNIT1,N160281,,0.00000000,0
BAFFIN_UNIT2,N160281,,0.00000000,0
BAIRDWND_UNIT1,N67,,0.00000000,0
BAIRDWND_UNIT2,N67,,0.00000000,0
BAKE_SLR_UNIT1,N250103,,0.00000000,0
BAKE_SLR_UNIT2,N250103,,0.00000000,0
BARROW_UNIT1,N36,,0.00000000,0
BARROW_UNIT2,N36,,0.00000000,0
BART_SLR_SOLAR1,N250122,,0.00000000,0
BBREEZE_UNIT1,N200189,,0.00000000,0
BBREEZE_UNIT2,N200189,,0.00000000,0
BCATWIND_WIND_1,N150502,,0.00000000,0
BCH_UNIT1,N110126,,0.00000000,0
BCH_UNIT2,N110126,,0.00000000,0
BCH_UNIT3,N110126,,0.00000000,0
BCH_UNIT4,N110126,,0.00000000,0
BCH_UNIT5,N110126,,0.00000000,0
BCH_UNIT6,N110126,,0.00000000,0
BCH_UNIT7,N110126,,0.00000000,0
BCH_UNIT8,N110126,,0.00000000,0
BCK_UNIT1,N110737,,0.00000000,0
BCK_UNIT2,N110737,,0.00000000,0
BELM_SLR_UNIT1,N120492,,0.00000000,0
BIGSAMWD_UNIT1,N190075,,0.00000000,0
BIGSAMWD_UNIT2,N190075,,0.00000000,0
BIG_STAR_UNIT1,N140329,,0.00000000,0
BIG_STAR_UNIT2,N140329,,0.00000000,0
BLACKJAK_UNIT1,N31,,0.00000000,0
BLACKJAK_UNIT2,N31,,0.00000000,0
BLSUMIT3_UNIT_17,N190206,,0.00000000,0
BLSUMIT3_UNIT_25,N190206,,0.00000000,0
BLSUMMIT_BLSMT1_5,N150510,,0.00000000,0
BLSUMMIT_BLSMT1_6,N240102,,0.00000000,0
BLSUMMIT_UNIT2_17,N240102,,0.00000000,0
BLSUMMIT_UNIT2_25,N190203,,0.00000000,0
BLUEJAY_UNIT1,N7,,0.00000000,0
BLUEJAY_UNIT2,N7,,0.00000000,0
BLVN_SLR_SOLAR2,N170246,,0.00000000,0
BLVN_SLR_SOLAR3,N170246,,0.00000000,0
BOARDCRK_UNIT1,N67,,0.00000000,0
BOARDCRK_UNIT2,N67,,0.00000000,0
BOOTLEG_UNIT1,N220230,,0.00000000,0
BORDAS2_JAVEL2_A,N180134,,0.00000000,0
BORDAS2_JAVEL2_B,N180134,,0.00000000,0
BORDAS2_JAVEL2_C,N180134,,0.00000000,0
BORDAS_JAVEL18,N180131,,0.00000000,0
BORDAS_JAVEL20,N180131,,0.00000000,0
BRAUNIG_VHB3,N120444,,0.00000000,0
BRAUNIG_VHB6CT5,N120442,,0.00000000,0
BRAUNIG_VHB6CT6,N120442,,0.00000000,0
BRAUNIG_VHB6CT7,N120443,,0.00000000,0
BRAUNIG_VHB6CT8,N120443,,0.00000000,0
BRAZ_WND_WND1,N190106,,0.00000000,0
BRAZ_WND_WND2,N190106,,0.00000000,0
BRIGHTSD_UNIT1,N160073,,0.00000000,0
BRISCOE_WIND,N190169,,0.00000000,0
BRTSW_BCW1,N150496,,0.00000000,0
BR_ARROW_UNIT1,N240270,,0.00000000,0
BR_ARROW_UNIT2,N240270,,0.00000000,0
BTM_UNIT1,N110005,,0.00000000,0
BTM_UNIT2,N110005,,0.00000000,0
BTM_UNIT3,N110005,,0.00000000,0
BTM_UNIT4,N110005,,0.00000000,0
BTM_UNIT5,N110005,,0.00000000,0
BTM_UNIT6,N110005,,0.00000000,0
BTM_UNIT7,N110005,,0.00000000,0
BTM_UNIT8,N110005,,0.00000000,0
BUCHAN_BUCHANG1,N210319,,0.00000000,0
BUCHAN_BUCHANG2,N210319,,0.00000000,0
BUCHAN_BUCHANG3,N210320,,0.00000000,0
BUCKTHRN_UNIT1,N150534,,0.00000000,0
BUCKTHRN_UNIT2,N150534,,0.00000000,0
BULLCRK_WND1,N190120,,0.00000000,0
BULLCRK_WND2,N190120,,0.00000000,0
BUZI_SLR_UNIT1,N120002,,0.00000000,0
BUZI_SLR_UNIT2,N120002,,0.00000000,0
BUZI_SLR_UNIT3,N120002,,0.00000000,0
BUZI_SLR_UNIT4,N120002,,0.00000000,0
BYNM_SLR_SOLAR1,N240162,,0.00000000,0
B_DAVIS_B_DAVIG1,N160208,,0.00000000,0
CABEZON_WIND1,N180137,,0.00000000,0
CABEZON_WIND2,N180137,,0.00000000,0
CALAVERS_JKS1,N120470,,0.00000000,0
CALAVERS_JKS2,N120469,,0.00000000,0
CALAVERS_OWS1,N120438,,0.00000000,0
CALAVERS_OWS2,N120439,,0.00000000,0
CALHOUN_UNIT1,N160293,,0.00000000,0
CALHOUN_UNIT2,N160294,,0.00000000,0
CAMWIND_UNIT1,N200192,,0.00000000,0
CANYONWD_UNIT1,N220065,,0.00000000,0
CANYONWD_UNIT2,N220065,,0.00000000,0
CANYONWD_UNIT3,N220065,,0.00000000,0
CANYONWD_UNIT4,N220065,,0.00000000,0
CANYONWD_UNIT5,N220065,,0.00000000,0
CANYONWD_UNIT6,N220065,,0.00000000,0
CAPRIDG4_BB2_PV1,N240261,,0.00000000,0
CAPRIDG4_BB2_PV2,N240261,,0.00000000,0
CAPRIDG4_BB_PV,N240298,,0.00000000,0
CAPRIDG4_CR4,N240261,,0.00000000,0
CAPRIDGE_CR1,N240260,,0.00000000,0
CAPRIDGE_CR2,N240258,,0.00000000,0
CAPRIDGE_CR3,N240259,,0.00000000,0
CARBN_BSP_1,N220194,,0.00000000,0
CASL_GAP_UNIT1,N220225,,0.00000000,0
CBEC_GT11,N111364,,0.00000000,0
CBEC_GT12,N111364,,0.00000000,0
CBY_CBY_G1,N111180,,0.00000000,0
CBY_CBY_G2,N111181,,0.00000000,0
CEDROHIL_CHW1,N180119,,0.00000000,0
CEDROHIL_CHW2,N180119,,0.00000000,0
CEDRVALE_UNIT1,N180079,,0.00000000,0
CFLATS_U1,N190176,,0.00000000,0
CHALUPA_UNIT1,N240115,,0.00000000,0
CHALUPA_UNIT2,N240115,,0.00000000,0
CHAL_SLR_SOLAR1,N220241,,0.00000000,0
CHAMON_CTG_0101,N111402,,0.00000000,0
CHAMON_CTG_0301,N111402,,0.00000000,0
CHAMPION_UNIT1,N240241,,0.00000000,0
CHAMPION_UNIT2,N240241,,0.00000000,0
CHAMPION_UNIT3,N240241,,0.00000000,0
CHIL_SLR_SOLAR1,N150449,,0.00000000,0
CHIL_SLR_SOLAR2,N150449,,0.00000000,0
CITYVICT_CTG01,N180090,,0.00000000,0
CITYVICT_CTG02,N180090,,0.00000000,0
CMPD_SLR_SOLAR1,N250077,,0.00000000,0
CMPD_SLR_SOLAR2,N250077,,0.00000000,0
CN_BRKS_UNIT_1,N190209,,0.00000000,0
COLETO_COLETOG1,N160210,,0.00000000,0
CONIGLIO_UNIT1,N170060,,0.00000000,0
CORALSLR_SOLAR1,N210117,,0.00000000,0
CORALSLR_SOLAR2,N210117,,0.00000000,0
CORAZON_UNIT1,N180026,,0.00000000,0
COTPLNS_COTTONPL,N190174,,0.00000000,0
COTPLNS_OLDSETLR,N190182,,0.00000000,0
COTTON_PAP2,N160278,,0.00000000,0
COYOTE_W_UNIT1,N190193,,0.00000000,0
COYOTE_W_UNIT2,N190193,,0.00000000,0
COYOTE_W_UNIT3,N190193,,0.00000000,0
CPSES_UNIT1,N150441,,0.00000000,0
CPSES_UNIT2,N150442,,0.00000000,0
CRANELL_UNIT1,N57,,0.00000000,0
CRAWFISH_UNIT1,N240162,,0.00000000,0
CRWN_SLR_UNIT1,N32,,0.00000000,0
CSEC_CSECG1,N190114,,0.00000000,0
CSEC_CSECG2,N240269,,0.00000000,0
CST1_SLR_SOLAR1,N220200,,0.00000000,0
CTW_SOLAR1,N160130,,0.00000000,0
CTW_SOLAR2,N160130,,0.00000000,0
DAG_UNIT1,N110109,,0.00000000,0
DAG_UNIT2,N110109,,0.00000000,0
DANSBY_DANSBYG1,N230276,,0.00000000,0
DANSBY_DANSBYG2,N230275,,0.00000000,0
DANSBY_DANSBYG3,N230275,,0.00000000,0
DAN_UNIT1,N111019,,0.00000000,0
DAN_UNIT2,N111019,,0.00000000,0
DAN_UNIT3,N111019,,0.00000000,0
DCSES_CT10,N150445,,0.00000000,0
DCSES_CT20,N150446,,0.00000000,0
DCSES_CT30,N150447,,0.00000000,0
DCSES_CT40,N150448,,0.00000000,0
DECKER_DPGT_1,N140304,,0.00000000,0
DECKER_DPGT_2,N140305,,0.00000000,0
DECKER_DPGT_3,N140306,,0.00000000,0
DECKER_DPGT_4,N140307,,0.00000000,0
DEC_AGR_A,N67,,0.00000000,0
DEC_AGR_B,N210037,,0.00000000,0
DEC_AGR_C,N150404,,0.00000000,0
DEC_AGR_D,N190207,,0.00000000,0
DELILA_1_G1,N87,,0.00000000,0
DELILA_1_G2,N87,,0.00000000,0
DELILA_2_G1,N87,,0.00000000,0
DELILA_2_G2,N87,,0.00000000,0
DELILA_2_G3,N87,,0.00000000,0
DERMOTT_UNIT1,N190193,,0.00000000,0
DERMOTT_UNIT2,N190193,,0.00000000,0
DEWOLF_UNIT1,N56,,0.00000000,0
DIGBY_UNIT1,N150528,,0.00000000,0
DIGBY_UNIT2,N150528,,0.00000000,0
DILEOSLR_UNIT1,N210018,,0.00000000,0
DIVR_SLR_SOLAR1,N130367,,0.00000000,0
DIVR_SLR_SOLAR2,N130367,,0.00000000,0
DMA_SOLAR1,N110958,,0.00000000,0
DNDAM_DENISOG1,N170535,,0.00000000,0
DNDAM_DENISOG2,N170536,,0.00000000,0
DORA_SLR_SOLAR1,N170497,,0.00000000,0
DORA_SLR_SOLAR2,N170497,,0.00000000,0
DRCK_SLR_SOLAR1,N250335,,0.00000000,0
DSKYWND1_UNIT_1A,N10,,0.00000000,0
DSKYWND1_UNIT_1B,N10,,0.00000000,0
DSKYWND2_UNIT_2A,N190115,,0.00000000,0
DSKYWND2_UNIT_2B,N190115,,0.00000000,0
EBELLSL2_UNIT1,N120079,,0.00000000,0
EBELLSLR_UNIT1,N120079,,0.00000000,0
ECEC_G1,N220198,,0.00000000,0
ECEC_G2,N220199,,0.00000000,0
ECLIPSE_UNIT1,N120507,,0.00000000,0
EGROVESL_UNIT1,N220194,,0.00000000,0
EIFSLR_UNIT1,N56,,0.00000000,0
ELARA_SL_UNIT1,N120067,,0.00000000,0
ELB_ELBCREEK,N220181,,0.00000000,0
ELLISSLR_UNIT1,N260193,,0.00000000,0
ELSAUZ_UNIT1,N41,,0.00000000,0
ELSAUZ_UNIT2,N41,,0.00000000,0
ELZA_SLR_SOLAR1,N230156,,0.00000000,0
EL_RAYO_UNIT1,N240180,,0.00000000,0
EL_RAYO_UNIT2,N240180,,0.00000000,0
ESTONIAN_SOLAR1,N240130,,0.00000000,0
ESTONIAN_SOLAR2,N240130,,0.00000000,0
EUNICE_PV1,N150102,,0.00000000,0
EUNICE_PV2,N150102,,0.00000000,0
EXGNSND_WIND_1,N180128,,0.00000000,0
EXGNWTL_WIND_1,N180121,,0.00000000,0
E_BLACK_UNIT_1,N110719,,0.00000000,0
FAGUSSLR_UNIT2,N190058,,0.00000000,0
FAGUSSLR_UNIT3,N190058,,0.00000000,0
FALCON_FALCONG1,N180114,,0.00000000,0
FALCON_FALCONG2,N180115,,0.00000000,0
FALCON_FALCONG3,N180117,,0.00000000,0
FEGC_CTG2,N111404,,0.00000000,0
FEGC_CTG3,N111404,,0.00000000,0
FEGC_CTG4,N111404,,0.00000000,0
FEGC_UNIT1,N111404,,0.00000000,0
FENCESLR_SOLAR1,N150112,,0.00000000,0
FENCESLR_SOLAR2,N150112,,0.00000000,0
FERMI_WIND1,N240291,,0.00000000,0
FERMI_WIND2,N240291,,0.00000000,0
FILESSLR_PV1,N190204,,0.00000000,0
FIVEWSLR_UNIT1,N230128,,0.00000000,0
FIVEWSLR_UNIT2,N230128,,0.00000000,0
FLCNS_UNIT1,N220132,,0.00000000,0
FLCNS_UNIT2,N220132,,0.00000000,0
FLTCK_SSI,N150492,,0.00000000,0
FLUVANNA_UNIT1,N190159,,0.00000000,0
FLUVANNA_UNIT2,N190159,,0.00000000,0
FOARDCTY_UNIT1,N190196,,0.00000000,0
FOARDCTY_UNIT2,N190196,,0.00000000,0
FOXTROT_UNIT1,N86,,0.00000000,0
FOXTROT_UNIT2,N86,,0.00000000,0
FOXTROT_UNIT3,N86,,0.00000000,0
FPPYD1_FPP_G1_J01,N230264,,0.00000000,0
FPPYD1_FPP_G1_J02,N230264,,0.00000000,0
FPPYD1_FPP_G2_J01,N230265,,0.00000000,0
FPPYD1_FPP_G2_J02,N230265,,0.00000000,0
FPPYD2_FPP_G3,N230266,,0.00000000,0
FRYE_SLR_UNIT1,N190066,,0.00000000,0
FRYE_SLR_UNIT2,N190066,,0.00000000,0
FTWIND_UNIT_1,N210354,,0.00000000,0
FWLR_SLR_UNIT1,N220233,,0.00000000,0
GAIA_SLR_SOLAR1,N120002,,0.00000000,0
GALLOWAY_SOLAR1,N240124,,0.00000000,0
GALLOWAY_SOLAR2,N240124,,0.00000000,0
GBY_GBYGT73,N111183,,0.00000000,0
GBY_GBYGT74,N111184,,0.00000000,0
GBY_GBYGT81,N111185,,0.00000000,0
GBY_GBYGT82,N111186,,0.00000000,0
GBY_GBYGT83,N111187,,0.00000000,0
GBY_GBYGT84,N111188,,0.00000000,0
GIDEON_GIDEONG1,N140332,,0.00000000,0
GIDEON_GIDEONG2,N140333,,0.00000000,0
GIDEON_GIDEONG3,N140331,,0.00000000,0
GODY_SLR_SOLAR1,N170197,,0.00000000,0
GODY_SLR_SOLAR2,N170197,,0.00000000,0
GOLINDA_UNIT1,N250219,,0.00000000,0
GOODNIT1_UNIT1,N190031,,0.00000000,0
GOODNIT1_UNIT2,N190031,,0.00000000,0
GOPHER_UNIT1,N190198,,0.00000000,0
GOPHER_UNIT2,N190198,,0.00000000,0
GPASTURE_WIND_I,N150520,,0.00000000,0
GRANDVW1_COLA,N190157,,0.00000000,0
GRANDVW1_COLB,N190132,,0.00000000,0
GRANDVW1_GV1A,N190132,,0.00000000,0
GRANDVW1_GV1B,N190132,,0.00000000,0
GRAN_SLR_UNIT1,N140048,,0.00000000,0
GREASWOD_UNIT1,N33,,0.00000000,0
GREASWOD_UNIT2,N33,,0.00000000,0
GRIF_TRL_UNIT1,N27,,0.00000000,0
GRIF_TRL_UNIT2,N27,,0.00000000,0
GRIM_SLR_UNIT1,N250308,,0.00000000,0
GRIM_SLR_UNIT2,N250308,,0.00000000,0
GRIM_SLR_UNIT3,N250308,,0.00000000,0
GRSES_UNIT1,N150429,,0.00000000,0
GRSES_UNIT2,N150428,,0.00000000,0
GRYH_SLR_SOLAR1,N220241,,0.00000000,0
GRYH_SLR_SOLAR2,N220241,,0.00000000,0
GRYH_SLR_SOLAR3,N220241,,0.00000000,0
GRYH_SLR_SOLAR4,N220241,,0.00000000,0
GRYH_SLR_SOLAR5,N220241,,0.00000000,0
GRYH_SLR_SOLAR6,N220241,,0.00000000,0
GRYH_SLR_SOLAR7,N220241,,0.00000000,0
GRYH_SLR_SOLAR8,N220241,,0.00000000,0
GUNMTN_G1,N220176,,0.00000000,0
GWEC_GWEC_G1,N210346,,0.00000000,0
HALO_SLR_UNIT1,N230116,,0.00000000,0
HARALD_UNIT1,N73,,0.00000000,0
HART_WND_UNIT1,N190061,,0.00000000,0
HAYSEN_HAYSENG1,N270212,,0.00000000,0
HAYSEN_HAYSENG2,N270215,,0.00000000,0
HAYSEN_HAYSENG3,N270214,,0.00000000,0
HAYSEN_HAYSENG4,N270213,,0.00000000,0
HELIOS_UNIT1,N120512,,0.00000000,0
HHGT_CALLAHAN,N12,,0.00000000,0
HHGT_HHOLLOW1,N12,,0.00000000,0
HHGT_HHOLLOW2,N12,,0.00000000,0
HHGT_HHOLLOW3,N12,,0.00000000,0
HHGT_HHOLLOW4,N12,,0.00000000,0
HICKMAN_G1_J01,N240304,,0.00000000,0
HICKMAN_G1_J02,N240304,,0.00000000,0
HICKMAN_G2_J01,N240304,,0.00000000,0
HICKMAN_G2_J02,N240304,,0.00000000,0
HI_LONE_WGR1A,N120097,,0.00000000,0
HI_LONE_WGR1B,N120097,,0.00000000,0
HI_LONE_WGR1C,N120097,,0.00000000,0
HI_LONE_WGR2,N120097,,0.00000000,0
HI_LONE_WGR2A,N120097,,0.00000000,0
HI_LONE_WGR3,N120097,,0.00000000,0
HI_LONE_WGR4,N120097,,0.00000000,0
HKSN_SLR_UNIT1,N170058,,0.00000000,0
HKSN_SLR_UNIT2,N170058,,0.00000000,0
HKSN_SLR_UNIT3,N170058,,0.00000000,0
HLSES_UNIT3,N150433,,0.00000000,0
HLSES_UNIT4,N150431,,0.00000000,0
HLSES_UNIT5,N150432,,0.00000000,0
HOLSTEIN_SOLAR1,N11,,0.00000000,0
HOLSTEIN_SOLAR2,N11,,0.00000000,0
HOL_UNIT1,N110053,,0.00000000,0
HOL_UNIT2,N110053,,0.00000000,0
HOPKNSLR_UNIT1,N87,,0.00000000,0
HOPKNSLR_UNIT2,N87,,0.00000000,0
HORSECRK_UNIT1,N240293,,0.00000000,0
HORSECRK_UNIT2,N240293,,0.00000000,0
HOVEY_UNIT1,N220203,,0.00000000,0
HOVEY_UNIT2,N220203,,0.00000000,0
HRFDWIND_JRDWIND1,N190165,,0.00000000,0
HRFDWIND_JRDWIND2,N190160,,0.00000000,0
HRFDWIND_WIND_G,N190147,,0.00000000,0
HRFDWIND_WIND_V,N190160,,0.00000000,0
HRMS_SLR_UNIT1,N190044,,0.00000000,0
HRNT_SLR_UNIT1,N87,,0.00000000,0
HRNT_SLR_UNIT2,N87,,0.00000000,0
HRNT_SLR_UNIT3,N87,,0.00000000,0
HRZN_SLR_UNIT1,N110492,,0.00000000,0
HWF_HWFG1,N240272,,0.00000000,0
IMPACT_UNIT1,N250155,,0.00000000,0
INDL_INADALE1,N240280,,0.00000000,0
INDL_INADALE2,N240280,,0.00000000,0
INDNNWP_INDNNWP2,N220151,,0.00000000,0
INKSDA_INKS_G1,N210322,,0.00000000,0
INRT_W_UNIT1,N240008,,0.00000000,0
INRT_W_UNIT2,N240008,,0.00000000,0
INRT_W_UNIT3,N240008,,0.00000000,0
JADE_SLR_UNIT1,N190191,,0.00000000,0
JADE_SLR_UNIT2,N190191,,0.00000000,0
JAD_UNIT1,N160169,,0.00000000,0
JAD_UNIT2,N160169,,0.00000000,0
JAD_UNIT3,N160169,,0.00000000,0
JAD_UNIT4,N160169,,0.00000000,0
JAD_UNIT5,N160169,,0.00000000,0
JAD_UNIT6,N160169,,0.00000000,0
JAD_UNIT7,N160169,,0.00000000,0
JAD_UNIT8,N160169,,0.00000000,0
JAY_UNIT1,N110340,,0.00000000,0
JAY_UNIT2,N110340,,0.00000000,0
JKLP_SLR_PV1,N140376,,0.00000000,0
JKLP_SLR_PV2,N140376,,0.00000000,0
JUNG_SLR_UNIT1,N250283,,0.00000000,0
JUNO_UNIT1,N190075,,0.00000000,0
JUNO_UNIT2,N190075,,0.00000000,0
K2_DGR1,N140372,,0.00000000,0
K2_DGR2,N120260,,0.00000000,0
KARAKAW1_UNIT1,N160301,,0.00000000,0
KARAKAW1_UNIT2,N160301,,0.00000000,0
KARAKAW2_UNIT3,N160301,,0.00000000,0
KEECHI_U1,N150512,,0.00000000,0
KELAM_SL_UNIT1,N210098,,0.00000000,0
KEO_SHRBINO2,N220195,,0.00000000,0
KING_NE_KINGNE,N220149,,0.00000000,0
KING_NW_KINGNW,N220149,,0.00000000,0
LACASAWD_UNIT1,N150128,,0.00000000,0
LACASAWD_UNIT2,N150128,,0.00000000,0
LACASAWD_UNIT3,N150128,,0.00000000,0
LACY_CRK_UNIT1,N39,,0.00000000,0
LACY_CRK_UNIT2,N39,,0.00000000,0
LACY_CRK_UNIT3,N39,,0.00000000,0
LACY_CRK_UNIT4,N39,,0.00000000,0
LAPETUS_UNIT_1,N220256,,0.00000000,0
LARDVFTN_G4,N180111,,0.00000000,0
LARDVFTN_G5,N180112,,0.00000000,0
LASSO_UNIT1,N220241,,0.00000000,0
LEG_LEG_G1,N230260,,0.00000000,0
LEG_LEG_G2,N230259,,0.00000000,0
LEON_CRK_LCPCT1,N120434,,0.00000000,0
LEON_CRK_LCPCT2,N120434,,0.00000000,0
LEON_CRK_LCPCT3,N120435,,0.00000000,0
LEON_CRK_LCPCT4,N120436,,0.00000000,0
LEON_SLR_UNIT1,N32,,0.00000000,0
LEON_SLR_UNIT2,N32,,0.00000000,0
LGDRAW_S_UNIT1_1,N32,,0.00000000,0
LGDRAW_S_UNIT1_2,N32,,0.00000000,0
LGD_LANGFORD,N240282,,0.00000000,0
LGW_UNIT1,N210349,,0.00000000,0
LGW_UNIT2,N210349,,0.00000000,0
LHM_CVC_G4,N111318,,0.00000000,0
LHORN_N_UNIT1,N190145,,0.00000000,0
LHORN_N_UNIT2,N15,,0.00000000,0
LHSES_UNIT1,N170519,,0.00000000,0
LHSES_UNIT2A,N170518,,0.00000000,0
LIG_UNIT1,N110737,,0.00000000,0
LIG_UNIT2,N110737,,0.00000000,0
LILY_SOLAR1,N230248,,0.00000000,0
LMAJADAS_UNIT1,N120186,,0.00000000,0
LMAJADAS_UNIT2,N120186,,0.00000000,0
LMAJADAS_UNIT3,N120186,,0.00000000,0
LMESASLR_IVORY,N220247,,0.00000000,0
LMESASLR_UNIT1,N220228,,0.00000000,0
LNCRK2_G871,N240236,,0.00000000,0
LNCRK2_G872,N240236,,0.00000000,0
LNCRK_G83,N240233,,0.00000000,0
LNP_SOLAR1,N110017,,0.00000000,0
LOCKETT_UNIT1,N150552,,0.00000000,0
LONEWOLF_G1,N240284,,0.00000000,0
LONEWOLF_G2,N240285,,0.00000000,0
LONEWOLF_G3,N240284,,0.00000000,0
LONEWOLF_G4,N240284,,0.00000000,0
LON_SOLAR1,N111222,,0.00000000,0
LV1_LV1A,N200181,,0.00000000,0
LV2_LV2,N200184,,0.00000000,0
LV3_UNIT_1,N180123,,0.00000000,0
LV4_UNIT_1,N180126,,0.00000000,0
LV5_UNIT_1,N200207,,0.00000000,0
MAG_UNIT1,N110781,,0.00000000,0
MAG_UNIT2,N110781,,0.00000000,0
MAND_SLR_UNIT1,N150509,,0.00000000,0
MARBFA_MARBFAG1,N140320,,0.00000000,0
MARBFA_MARBFAG2,N140321,,0.00000000,0
MARIAH_NORTE1,N190155,,0.00000000,0
MARIAH_NORTE2,N190155,,0.00000000,0
MARSFO_MARSFOG1,N140327,,0.00000000,0
MARSFO_MARSFOG2,N140328,,0.00000000,0
MARSFO_MARSFOG3,N140328,,0.00000000,0
MARYNEAL_UNIT1,N240228,,0.00000000,0
MAVCRK_E_UNIT5,N150497,,0.00000000,0
MAVCRK_E_UNIT6,N150497,,0.00000000,0
MAVCRK_E_UNIT7,N150497,,0.00000000,0
MAVCRK_E_UNIT8,N150497,,0.00000000,0
MAVCRK_E_UNIT9,N150497,,0.00000000,0
MAVCRK_W_UNIT1,N150497,,0.00000000,0
MAVCRK_W_UNIT2,N150497,,0.00000000,0
MAVCRK_W_UNIT3,N150497,,0.00000000,0
MAVCRK_W_UNIT4,N150497,,0.00000000,0
MCDLD_FCW1,N220169,,0.00000000,0
MCDLD_SB1_2,N220169,,0.00000000,0
MCDLD_SB3_282,N220169,,0.00000000,0
MCDLD_SB4_G87,N220169,,0.00000000,0
MCLNSLR_UNIT1,N77,,0.00000000,0
MCSES_UNIT6,N130353,,0.00000000,0
MCSES_UNIT7,N130352,,0.00000000,0
MCSES_UNIT8,N130351,,0.00000000,0
MDANP_CT1,N260208,,0.00000000,0
MDANP_CT2,N260209,,0.00000000,0
MDANP_CT3,N260210,,0.00000000,0
MDANP_CT4,N260211,,0.00000000,0
MDANP_CT5,N260212,,0.00000000,0
MDANP_CT6,N260213,,0.00000000,0
MERCURY_PV1,N32,,0.00000000,0
MERCURY_PV2,N32,,0.00000000,0
MESQCRK_WND1,N220209,,0.00000000,0
MESQCRK_WND2,N220209,,0.00000000,0
MESTENO_UNIT_1,N180143,,0.00000000,0
MGSES_CT1,N240195,,0.00000000,0
MGSES_CT2,N240196,,0.00000000,0
MGSES_CT3,N240197,,0.00000000,0
MGSES_CT4,N240198,,0.00000000,0
MGSES_CT5,N240199,,0.00000000,0
MGSES_CT6,N240200,,0.00000000,0
MIAM1_G1,N190139,,0.00000000,0
MIAM1_G2,N190139,,0.00000000,0
MIDP_SLR_SOLAR1,N250039,,0.00000000,0
MIDWIND_UNIT1,N160303,,0.00000000,0
MIL_MILLERG2,N150438,,0.00000000,0
MIL_MILLERG3,N150437,,0.00000000,0
MIL_MILLERG4,N150435,,0.00000000,0
MIL_MILLERG5,N150436,,0.00000000,0
MIRAGE_GEN_0001,N111269,,0.00000000,0
MIRASOLE_MIR11,N200179,,0.00000000,0
MIRASOLE_MIR12,N200179,,0.00000000,0
MIRASOLE_MIR13,N200179,,0.00000000,0
MIRASOLE_MIR21,N200179,,0.00000000,0
MISAE_UNIT1,N190058,,0.00000000,0
MISAE_UNIT2,N190058,,0.00000000,0
MLB_SLR_SOLAR1,N220241,,0.00000000,0
MLB_SLR_SOLAR2,N220241,,0.00000000,0
MLSES_UNIT1,N250358,,0.00000000,0
MLSES_UNIT2,N250359,,0.00000000,0
MLSES_UNIT3,N250360,,0.00000000,0
MONTECR1_WIND1,N42,,0.00000000,0
MONT_WND_UNIT1,N15,,0.00000000,0
MONT_WND_UNIT2,N15,,0.00000000,0
MOZART_WIND_1,N190126,,0.00000000,0
MRKM_SLR_PV1,N130327,,0.00000000,0
MROW_SLR_SOLAR1,N140378,,0.00000000,0
MUSTNGCK_SOLAR1,N240107,,0.00000000,0
MUSTNGCK_SOLAR2,N240107,,0.00000000,0
MWEC_G1,N190118,,0.00000000,0
MYR_UNIT1,N111259,,0.00000000,0
MYR_UNIT2,N111259,,0.00000000,0
NBOHR_UNIT1,N220216,,0.00000000,0
NEBULA_UNIT1,N200070,,0.00000000,0
NOBLESLR_SOLAR1,N190135,,0.00000000,0
NOBLESLR_SOLAR2,N190135,,0.00000000,0
NOVA1SLR_UNIT1,N26,,0.00000000,0
NOVA1SLR_UNIT2,N26,,0.00000000,0
NOVA2SLR_UNIT1,N220090,,0.00000000,0
NRTN_SLR_SOLAR1,N21,,0.00000000,0
NWF_NWF1,N220191,,0.00000000,0
NWF_NWF2,N220192,,0.00000000,0
OBERON_UNIT_1_J01,N220052,,0.00000000,0
OBERON_UNIT_1_J02,N220052,,0.00000000,0
OCI_ALM1_UNIT1,N120503,,0.00000000,0
OGSES_UNIT1A,N230271,,0.00000000,0
OGSES_UNIT2,N230272,,0.00000000,0
OGS_SLR_UNIT1,N240125,,0.00000000,0
OLINGR_OLING_2,N170524,,0.00000000,0
OLINGR_OLING_3,N170523,,0.00000000,0
OLINGR_OLING_4,N170525,,0.00000000,0
ORIANA_UNIT1,N160172,,0.00000000,0
OUTP_SLR_UNIT1,N140334,,0.00000000,0
OUTP_SLR_UNIT2,N140334,,0.00000000,0
OVEJA_G1,N1,,0.00000000,0
OVEJA_G2,N1,,0.00000000,0
OWF_OWF,N220188,,0.00000000,0
OXY_CC_OXY_CCG1,N43,,0.00000000,0
P2_DGR1,N200171,,0.00000000,0
P2_DGR2,N200161,,0.00000000,0
PALMWIND_UNIT1,N200066,,0.00000000,0
PAP1_PAP1,N160273,,0.00000000,0
PAR_UNIT1,N230072,,0.00000000,0
PAR_UNIT2,N230072,,0.00000000,0
PB2SES_CT1,N220123,,0.00000000,0
PB2SES_CT2,N220124,,0.00000000,0
PB2SES_CT3,N220125,,0.00000000,0
PB2SES_CT4,N220126,,0.00000000,0
PB2SES_CT5,N220127,,0.00000000,0
PCT_UNIT1,N230088,,0.00000000,0
PC_NORTH_PANTHER1,N220183,,0.00000000,0
PC_SOUTH_PANTH31,N220186,,0.00000000,0
PC_SOUTH_PANTH32,N220186,,0.00000000,0
PC_SOUTH_PANTHER2,N220186,,0.00000000,0
PEARSAL2_AGR_A,N120456,,0.00000000,0
PEARSAL2_AGR_B,N120456,,0.00000000,0
PEARSAL2_AGR_C,N120457,,0.00000000,0
PEARSAL2_AGR_D,N120457,,0.00000000,0
PENA3_UNIT3_J01,N160270,,0.00000000,0
PENA3_UNIT3_J02,N160270,,0.00000000,0
PENA_UNIT1,N160275,,0.00000000,0
PENA_UNIT2_J01,N160275,,0.00000000,0
PENA_UNIT2_J02,N160275,,0.00000000,0
PERE_SLR_UNIT1,N160080,,0.00000000,0
PERE_SLR_UNIT2,N160080,,0.00000000,0
PEY_UNIT1,N111293,,0.00000000,0
PH1_UNIT1,N190129,,0.00000000,0
PH1_UNIT2,N190129,,0.00000000,0
PH2_UNIT1,N190136,,0.00000000,0
PH2_UNIT2,N190136,,0.00000000,0
PHOEBE_UNIT1,N220250,,0.00000000,0
PHOEBE_UNIT2,N220250,,0.00000000,0
PHOENIX_UNIT1,N260092,,0.00000000,0
PHO_SOLAR1,N110579,,0.00000000,0
PHO_SOLAR2,N110579,,0.00000000,0
PHO_SOLAR3,N110579,,0.00000000,0
PHO_SOLAR4,N110579,,0.00000000,0
PINEFRST_UNIT1,N190069,,0.00000000,0
PINEFRST_UNIT2,N190069,,0.00000000,0
PINN_SLR_UNIT1,N130164,,0.00000000,0
PINN_SLR_UNIT2,N130164,,0.00000000,0
PINN_SLR_UNIT3,N130164,,0.00000000,0
PIONR_DJ_UNIT1,N220077,,0.00000000,0
PISGAH_SOLAR1,N130310,,0.00000000,0
PISGAH_SOLAR2,N130310,,0.00000000,0
PITTSDDK_UNIT1,N260008,,0.00000000,0
PITTSDK2_UNIT1,N260008,,0.00000000,0
PLN_UNIT1,N110145,,0.00000000,0
PLN_UNIT2,N110145,,0.00000000,0
PNPI_GT2,N111382,,0.00000000,0
PORT_SLR_UNIT1,N150038,,0.00000000,0
PPEC_GT7,N230163,,0.00000000,0
PPEC_GT8,N230163,,0.00000000,0
PRIDDY_UNIT1,N210352,,0.00000000,0
PRIDDY_UNIT2,N210352,,0.00000000,0
PROSPERO_UNIT1,N26,,0.00000000,0
PROSPERO_UNIT2,N26,,0.00000000,0
PRO_UNIT1,N110365,,0.00000000,0
PRO_UNIT2,N110365,,0.00000000,0
PRO_UNIT3,N110365,,0.00000000,0
PRO_UNIT4,N110365,,0.00000000,0
PRO_UNIT5,N110365,,0.00000000,0
PRO_UNIT6,N110365,,0.00000000,0
PRO_UNIT7,N110365,,0.00000000,0
PRO_UNIT8,N110365,,0.00000000,0
PRSPERO2_UNIT1,N220030,,0.00000000,0
PRSPERO2_UNIT2,N220030,,0.00000000,0
PR_PR_G2,N110635,,0.00000000,0
PYOTE_UNIT1,N190112,,0.00000000,0
PYR_PYRON1,N240278,,0.00000000,0
PYR_PYRON2,N240278,,0.00000000,0
Q1_DGR1,N200104,,0.00000000,0
QTUM_SLR_UNIT1,N230114,,0.00000000,0
QTUM_SLR_UNIT2,N230114,,0.00000000,0
QUEEN_SL_SOLAR1,N190033,,0.00000000,0
QUEEN_SL_SOLAR2,N190033,,0.00000000,0
QUEEN_SL_SOLAR3,N190033,,0.00000000,0
QUEEN_SL_SOLAR4,N190033,,0.00000000,0
RAB_UNIT1,N110381,,0.00000000,0
RAB_UNIT2,N110381,,0.00000000,0
RAB_UNIT3,N110381,,0.00000000,0
RAB_UNIT4,N110381,,0.00000000,0
RAB_UNIT5,N110381,,0.00000000,0
RAB_UNIT6,N110381,,0.00000000,0
RAB_UNIT7,N110381,,0.00000000,0
RAB_UNIT8,N110381,,0.00000000,0
RADN_SLR_UNIT1,N240097,,0.00000000,0
RADN_SLR_UNIT2,N240097,,0.00000000,0
RAMBLER_UNIT1,N240180,,0.00000000,0
RANCHERO_UNIT1,N240320,,0.00000000,0
RANCHERO_UNIT2,N240320,,0.00000000,0
RATLIFF_SOLAR1,N220051,,0.00000000,0
RDCANYON_RDCNY1,N190111,,0.00000000,0
REDBARN_UNIT_1,N150421,,0.00000000,0
REDBARN_UNIT_2,N150421,,0.00000000,0
REDFISH_MV1A,N200186,,0.00000000,0
REDFISH_MV1B,N200186,,0.00000000,0
REDGATE_AGR_A,N200202,,0.00000000,0
REDGATE_AGR_B,N200202,,0.00000000,0
REDGATE_AGR_C,N200195,,0.00000000,0
REDGATE_AGR_D,N200195,,0.00000000,0
RELOJ_UNIT1,N180129,,0.00000000,0
RELOJ_UNIT2,N180129,,0.00000000,0
RELOJ_UNIT3,N180129,,0.00000000,0
RELOJ_UNIT4,N180129,,0.00000000,0
REROCK_UNIT1,N220219,,0.00000000,0
REROCK_UNIT2,N220219,,0.00000000,0
RIGGINS_UNIT1,N220233,,0.00000000,0
RIPPEY_UNIT1,N210315,,0.00000000,0
ROSELAND_SOLAR1,N170032,,0.00000000,0
ROSELAND_SOLAR2,N170032,,0.00000000,0
ROSELAND_SOLAR3,N170032,,0.00000000,0
ROUTE_66_WIND1,N190134,,0.00000000,0
ROW_UNIT1,N110458,,0.00000000,0
ROW_UNIT2,N110458,,0.00000000,0
RRC_WIND_UNIT1,N240211,,0.00000000,0
RRC_WIND_UNIT2,N240211,,0.00000000,0
RRC_WIND_UNIT3,N240211,,0.00000000,0
RSNAKE_G1,N220214,,0.00000000,0
RSNAKE_G2,N220214,,0.00000000,0
RTS2_U1,N220057,,0.00000000,0
RTS2_U2,N220057,,0.00000000,0
RTS_U1,N240296,,0.00000000,0
SAGEDRAW_UNIT1,N54,,0.00000000,0
SAGEDRAW_UNIT2,N54,,0.00000000,0
SALTFORK_UNIT1,N190185,,0.00000000,0
SALTFORK_UNIT2,N190185,,0.00000000,0
SALVTION_UNIT1,N240301,,0.00000000,0
SALVTION_UNIT2,N240301,,0.00000000,0
SAMSON_1_G1,N87,,0.00000000,0
SAMSON_1_G2,N87,,0.00000000,0
SAMSON_1_G3,N87,,0.00000000,0
SAMSON_1_G4,N87,,0.00000000,0
SAMSON_3_G1,N87,,0.00000000,0
SAMSON_3_G2,N87,,0.00000000,0
SANDHSYD_SH1,N140341,,0.00000000,0
SANDHSYD_SH2,N140341,,0.00000000,0
SANDHSYD_SH3,N140342,,0.00000000,0
SANDHSYD_SH4,N140342,,0.00000000,0
SANDHSYD_SH6,N140343,,0.00000000,0
SANDHSYD_SH7,N140343,,0.00000000,0
SANMIGL_G1,N120467,,0.00000000,0
SANROMAN_WIND_1,N200204,,0.00000000,0
SANTACRU_UNIT1,N160291,,0.00000000,0
SANTACRU_UNIT2,N160291,,0.00000000,0
SBE_UNIT1,N160106,,0.00000000,0
SCES_UNIT1_J01,N210334,,0.00000000,0
SCES_UNIT1_J02,N210334,,0.00000000,0
SCES_UNIT1_J03,N210334,,0.00000000,0
SCES_UNIT1_J04,N210334,,0.00000000,0
SCSES_UNIT1A,N250348,,0.00000000,0
SCSES_UNIT2,N250347,,0.00000000,0
SENATEWD_UNIT1,N150505,,0.00000000,0
SGMTN_SIGNALMT,N220136,,0.00000000,0
SHAFFER_UNIT1,N240071,,0.00000000,0
SHAMROCK_UNIT1,N240286,,0.00000000,0
SHAMROCK_UNIT2,N240286,,0.00000000,0
SHANNONW_UNIT_1,N150515,,0.00000000,0
SHEEPCRK_UNIT1,N67,,0.00000000,0
SIG_SLR_UNIT1,N120003,,0.00000000,0
SILASRAY_SILAS_10,N200157,,0.00000000,0
SIRIUS_UNIT1,N220236,,0.00000000,0
SIRIUS_UNIT2,N220236,,0.00000000,0
SJS_SJS_G1,N111220,,0.00000000,0
SJS_SJS_G2,N111221,,0.00000000,0
SKY1_SKY1A,N230293,,0.00000000,0
SKY1_SKY1B,N230293,,0.00000000,0
SOLARA_UNIT1,N240288,,0.00000000,0
SOLC_SLR_UNIT1,N170584,,0.00000000,0
SOLC_SLR_UNIT2,N170584,,0.00000000,0
SPARTA_UNIT1,N120198,,0.00000000,0
SPARTA_UNIT2,N120198,,0.00000000,0
SPLAIN1_WIND1,N190162,,0.00000000,0
SPLAIN1_WIND2,N190162,,0.00000000,0
SPLAIN2_WIND21,N190172,,0.00000000,0
SPLAIN2_WIND22,N190172,,0.00000000,0
SPNCER_SPNCE_4,N150346,,0.00000000,0
SPNCER_SPNCE_5,N150082,,0.00000000,0
SPTX12B_UNIT1,N220234,,0.00000000,0
SRWE1_SRWE2,N190124,,0.00000000,0
SRWE1_UNIT1,N190123,,0.00000000,0
SSPURTWO_SS3WIND1,N190152,,0.00000000,0
SSPURTWO_SS3WIND2,N190149,,0.00000000,0
SSPURTWO_WIND_1,N85,,0.00000000,0
STAM_SLR_SOLAR1,N170155,,0.00000000,0
STAM_SLR_SOLAR2,N170155,,0.00000000,0
STAR_SLR_UNIT1,N180101,,0.00000000,0
STAR_SLR_UNIT2,N180101,,0.00000000,0
STEAM1A_STEAM_1,N170530,,0.00000000,0
STEAM_ENGINE_1,N170528,,0.00000000,0
STEAM_ENGINE_2,N170528,,0.00000000,0
STEAM_ENGINE_3,N170528,,0.00000000,0
STEAM_STEAM_2,N170530,,0.00000000,0
STEAM_STEAM_3,N170529,,0.00000000,0
STELLA_UNIT1,N160288,,0.00000000,0
STLHS_SL_PV1,N190183,,0.00000000,0
STP_STP_G1_J01,N111217,,0.00000000,0
STP_STP_G1_J03,N111217,,0.00000000,0
STP_STP_G1_J04,N111217,,0.00000000,0
STP_STP_G2_J01,N111218,,0.00000000,0
STP_STP_G2_J03,N111218,,0.00000000,0
STP_STP_G2_J04,N111218,,0.00000000,0
STRATEGC_UNIT1,N250073,,0.00000000,0
STRG_SLR_UNIT1,N111245,,0.00000000,0
STRG_SLR_UNIT2,N111245,,0.00000000,0
STWF_T1,N240250,,0.00000000,0
SUNVASLR_UNIT1,N250066,,0.00000000,0
SUNVASLR_UNIT2,N250066,,0.00000000,0
SUN_SLR_UNIT_1,N111362,,0.00000000,0
SWEC_G1,N220174,,0.00000000,0
SWEETWN2_WND2,N240214,,0.00000000,0
SWEETWN2_WND24,N240214,,0.00000000,0
SWEETWN3_WND3A,N240225,,0.00000000,0
SWEETWN3_WND3B,N240225,,0.00000000,0
SWEETWN4_WND4A,N240228,,0.00000000,0
SWEETWN4_WND4B,N240228,,0.00000000,0
SWEETWN5_WND5,N240230,,0.00000000,0
SWEETWND_WND1,N240212,,0.00000000,0
SWFT_SLR_UNIT1,N69,,0.00000000,0
SYBR_SLR_UNIT1,N110432,,0.00000000,0
SYBR_SLR_UNIT2,N110432,,0.00000000,0
S_HILLS_UNIT1,N150549,,0.00000000,0
TAHOKA_UNIT_1,N190201,,0.00000000,0
TAHOKA_UNIT_2,N190201,,0.00000000,0
TAV_UNIT1,N110045,,0.00000000,0
TAV_UNIT2,N110045,,0.00000000,0
TAYGETE2_UNIT1,N220078,,0.00000000,0
TAYGETE2_UNIT2,N220078,,0.00000000,0
TAYGETE_UNIT1,N220078,,0.00000000,0
TAYGETE_UNIT2,N220078,,0.00000000,0
TC_GTG2,N110097,,0.00000000,0
TC_TCHP1,N111378,,0.00000000,0
TGS_GT01,N110970,,0.00000000,0
TGW_T1,N160263,,0.00000000,0
TGW_T2,N160263,,0.00000000,0
THREEW_S_SOLAR1,N240088,,0.00000000,0
THW_GT61,N111190,,0.00000000,0
THW_GT62,N111190,,0.00000000,0
THW_THWGT51,N111200,,0.00000000,0
THW_THWGT52,N111201,,0.00000000,0
THW_THWGT53,N111202,,0.00000000,0
THW_THWGT54,N111203,,0.00000000,0
THW_THWGT55,N111204,,0.00000000,0
THW_THWGT56,N111205,,0.00000000,0
THW_THWGT_1,N111206,,0.00000000,0
TIMPP_AGR1,N120052,,0.00000000,0
TIMPP_AGR2,N120052,,0.00000000,0
TIMPP_AGR3,N140185,,0.00000000,0
TIMPP_AGR4,N140185,,0.00000000,0
TIMPP_AGR5,N120130,,0.00000000,0
TIMPP_AGR6,N120130,,0.00000000,0
TIMPP_AGR7,N180132,,0.00000000,0
TIMPP_AGR8,N180132,,0.00000000,0
TI_SOLAR_UNIT1,N220099,,0.00000000,0
TI_SOLAR_UNIT2,N220099,,0.00000000,0
TKWSW1_ROSCOE,N240244,,0.00000000,0
TKWSW1_ROSCOE2A,N240244,,0.00000000,0
TNG_SOLAR1,N110866,,0.00000000,0
TNG_SOLAR2,N110866,,0.00000000,0
TNP_ONE_TNP_O_1,N230281,,0.00000000,0
TNP_ONE_TNP_O_2,N230282,,0.00000000,0
TNS_SLR_UNIT1,N210217,,0.00000000,0
TNS_SLR_UNIT2,N210217,,0.00000000,0
TOPAZ_UNIT1,N111261,,0.00000000,0
TOPAZ_UNIT10,N111261,,0.00000000,0
TOPAZ_UNIT2,N111261,,0.00000000,0
TOPAZ_UNIT3,N111261,,0.00000000,0
TOPAZ_UNIT4,N111261,,0.00000000,0
TOPAZ_UNIT5,N111261,,0.00000000,0
TOPAZ_UNIT6,N111261,,0.00000000,0
TOPAZ_UNIT7,N111261,,0.00000000,0
TOPAZ_UNIT8,N111261,,0.00000000,0
TOPAZ_UNIT9,N111261,,0.00000000,0
TORR_UNIT1_25,N180140,,0.00000000,0
TORR_UNIT2_23,N180140,,0.00000000,0
TORR_UNIT2_25,N180140,,0.00000000,0
TRBT_SLR_PV1,N170038,,0.00000000,0
TRBT_SLR_PV2,N170038,,0.00000000,0
TREB_SLR_SOLAR1,N160215,,0.00000000,0
TRENT_TRENT,N240210,,0.00000000,0
TRENT_UNIT_1B,N240210,,0.00000000,0
TRENT_UNIT_2,N240210,,0.00000000,0
TRENT_UNIT_3A,N240210,,0.00000000,0
TRENT_UNIT_3B,N240210,,0.00000000,0
TRINITY_TH1_BUS1,N150499,,0.00000000,0
TRINITY_TH1_BUS2,N150499,,0.00000000,0
TROJ_SLR_PV1,N230237,,0.00000000,0
TROJ_SLR_PV2,N230237,,0.00000000,0
TRSES_UNIT6,N250354,,0.00000000,0
TRUENO_UNIT1,N11,,0.00000000,0
TRUENO_UNIT2,N11,,0.00000000,0
TRUSGILL_UNIT1,N55,,0.00000000,0
TRUSGILL_UNIT2,N55,,0.00000000,0
TRUSGILL_UNIT3,N55,,0.00000000,0
TRUSGILL_UNIT4,N55,,0.00000000,0
TTWEC_G1,N240266,,0.00000000,0
TUL_SLR_UNIT1,N111362,,0.00000000,0
TUL_SLR_UNIT2,N111362,,0.00000000,0
TYLRWIND_UNIT1,N150531,,0.00000000,0
TYSN_SLR_UNIT1,N170072,,0.00000000,0
V2_DGR1,N110365,,0.00000000,0
V2_DGR2,N270067,,0.00000000,0
V2_DGR3,N200066,,0.00000000,0
V4_DGR1,N160268,,0.00000000,0
VANCOURT_UNIT1,N200070,,0.00000000,0
VENADO_UNIT1,N240109,,0.00000000,0
VENADO_UNIT2,N240109,,0.00000000,0
VERAWIND_UNIT1,N240086,,0.00000000,0
VERAWIND_UNIT2,N240086,,0.00000000,0
VERAWIND_UNIT3,N240086,,0.00000000,0
VERAWIND_UNIT4,N240086,,0.00000000,0
VERAWIND_UNIT5,N240086,,0.00000000,0
VERTIGO_WIND_I,N190167,,0.00000000,0
VICTPORT_CTG01,N160297,,0.00000000,0
VICTPORT_CTG02,N160298,,0.00000000,0
VICTPRT2_UNIT1,N160296,,0.00000000,0
VICTPRT2_UNIT2,N160296,,0.00000000,0
VISION_UNIT1,N170222,,0.00000000,0
VORTEX_WIND1,N150517,,0.00000000,0
VORTEX_WIND2,N150517,,0.00000000,0
VORTEX_WIND3,N150517,,0.00000000,0
VORTEX_WIND4,N150517,,0.00000000,0
WAKEWE_G1_J01,N190142,,0.00000000,0
WAKEWE_G1_J02,N190142,,0.00000000,0
WAKEWE_G2_J01,N190142,,0.00000000,0
WAKEWE_G2_J02,N190142,,0.00000000,0
WAP_WAPGT_1,N111212,,0.00000000,0
WAP_WAP_G1,N111215,,0.00000000,0
WAP_WAP_G2,N111208,,0.00000000,0
WAP_WAP_G3,N111213,,0.00000000,0
WAP_WAP_G4,N111212,,0.00000000,0
WAP_WAP_G5,N111208,,0.00000000,0
WAP_WAP_G6,N111209,,0.00000000,0
WAP_WAP_G7,N111211,,0.00000000,0
WAP_WAP_G8,N111210,,0.00000000,0
WAYMARK_UNIT1,N74,,0.00000000,0
WEBBER_S_WSP1,N140377,,0.00000000,0
WEC_WECG1,N190116,,0.00000000,0
WES_UNIT1,N110113,,0.00000000,0
WES_UNIT2,N110113,,0.00000000,0
WGU_UNIT1,N111250,,0.00000000,0
WHMESA_UNIT1,N150048,,0.00000000,0
WHMESA_UNIT2_23,N150048,,0.00000000,0
WHMESA_UNIT2_28,N150048,,0.00000000,0
WHMESA_UNIT3_23,N150048,,0.00000000,0
WHMESA_UNIT3_28,N150048,,0.00000000,0
WHTTAIL_WR1,N150507,,0.00000000,0
WH_WIND_UNIT1,N190204,,0.00000000,0
WH_WIND_UNIT2,N190204,,0.00000000,0
WILDWIND_UNIT1,N25,,0.00000000,0
WILDWIND_UNIT2,N25,,0.00000000,0
WILDWIND_UNIT3,N25,,0.00000000,0
WILDWIND_UNIT4,N25,,0.00000000,0
WILDWIND_UNIT5,N25,,0.00000000,0
WIPOPA_WPP_G1,N140374,,0.00000000,0
WIPOPA_WPP_G2,N140374,,0.00000000,0
WIPOPA_WPP_G3,N140375,,0.00000000,0
WIPOPA_WPP_G4,N140375,,0.00000000,0
WIRTZ_WIRTZ_G1,N140313,,0.00000000,0
WIRTZ_WIRTZ_G2,N140314,,0.00000000,0
WL_RANCH_UNIT1,N240312,,0.00000000,0
WNDTHST2_UNIT1,N150517,,0.00000000,0
WND_WHITNEY1,N210325,,0.00000000,0
WND_WHITNEY2,N210325,,0.00000000,0
WOODWRD1_WOODWRD1,N220156,,0.00000000,0
WOODWRD2_WOODWRD2,N220153,,0.00000000,0
W_PECOS_UNIT1,N220253,,0.00000000,0
X1_DGR1,N270101,,0.00000000,0
YNG_WND_UNIT1,N12,,0.00000000,0
YNG_WND_UNIT2,N12,,0.00000000,0
YNG_WND_UNIT3,N12,,0.00000000,0
Z0_DGR1,N200161,,0.00000000,0
Z0_DGR2,N230022,,0.00000000,0
Z5_DGR1,N76,,0.00000000,0
ZIER_SLR_PV1,N46,,0.00000000,0
N288_1,N288,,0.00000000,0
N290_PA,N290,,0.00000000,0
N297_2,N297,,0.00000000,0
N299_PB,N299,,0.00000000,0
N302_2,N302,,0.00000000,0
N304_PB,N304,,0.00000000,0
N373_1,N373,,0.00000000,0
N374_PA,N374,,0.00000000,0
N380_1,N380,,0.00000000,0
N381_PA,N381,,0.00000000,0
N382_1,N382,,0.00000000,0
N383_PA,N383,,0.00000000,0
N393_1,N393,,0.00000000,0
N394_PA,N394,,0.00000000,0
N396_2,N396,,0.00000000,0
N398_PB,N398,,0.00000000,0
N401_2,N401,,0.00000000,0
N403_PB,N403,,0.00000000,0
N120524_1,N120524,,0.00000000,0
N190187_1,N190187,,0.00000000,0
N220191_1,N220191,,0.00000000,0
N220225_1,N220225,,0.00000000,0
N240278_1,N240278,,0.00000000,0
N240280_1,N240280,,0.00000000,0
