Scenario,Injector,MaxMw,Enforce,ScaleFactor,Schedule,Sequence
0,7RNCHSLR_UNIT1,,,,7RNCHSLR_UNIT1_fcst,
0,7RNCHSLR_UNIT2,,,,7RNCHSLR_UNIT2_fcst,
0,7RNCHSLR_UNIT3,,,,7RNCHSLR_UNIT3_fcst,
0,ADL_SOLAR1,,,,ADL_SOLAR1_fcst,
0,AGUAYO_UNIT1,,,,AGUAYO_UNIT1_fcst,
0,AJAXWIND_UNIT1,,,,AJAXWIND_UNIT1_fcst,
0,AJAXWIND_UNIT2,,,,AJAXWIND_UNIT2_fcst,
0,ALGODON_UNIT1,,,,ALGODON_UNIT1_fcst,
0,ALGODON_UNIT2,,,,ALGODON_UNIT2_fcst,
0,AMADEUS1_UNIT1,,,,AMADEUS1_UNIT1_fcst,
0,AMADEUS1_UNIT2,,,,AMADEUS1_UNIT2_fcst,
0,AMADEUS2_UNIT3,,,,AMADEUS2_UNIT3_fcst,
0,ANACACHO_ANA,,,,ANACACHO_ANA_fcst,
0,ANCHOR_WIND1,,,,ANCHOR_WIND1_fcst,
0,ANCHOR_WIND2,,,,ANCHOR_WIND2_fcst,
0,ANCHOR_WIND3,,,,ANCHOR_WIND3_fcst,
0,ANCHOR_WIND4,,,,ANCHOR_WIND4_fcst,
0,ANCHOR_WIND5,,,,ANCHOR_WIND5_fcst,
0,ANDMDSLR_UNIT1,,,,ANDMDSLR_UNIT1_fcst,
0,ANDMDSLR_UNIT2,,,,ANDMDSLR_UNIT2_fcst,
0,ANG_SLR_UNIT1,,,,ANG_SLR_UNIT1_fcst,
0,ANSON1_UNIT1,,,,ANSON1_UNIT1_fcst,
0,ANSON1_UNIT2,,,,ANSON1_UNIT2_fcst,
0,ANSON2_UNIT1,,,,ANSON2_UNIT1_fcst,
0,APOGEE_UNIT1,,,,APOGEE_UNIT1_fcst,
0,APOGEE_UNIT2,,,,APOGEE_UNIT2_fcst,
0,APOGEE_UNIT3,,,,APOGEE_UNIT3_fcst,
0,APOGEE_UNIT4,,,,APOGEE_UNIT4_fcst,
0,APOGEE_UNIT5,,,,APOGEE_UNIT5_fcst,
0,APOGEE_UNIT6,,,,APOGEE_UNIT6_fcst,
0,APOGEE_UNIT7,,,,APOGEE_UNIT7_fcst,
0,APPALOSA_UNIT1,,,,APPALOSA_UNIT1_fcst,
0,APPALOSA_UNIT2,,,,APPALOSA_UNIT2_fcst,
0,AQUILLA_U1_23,,,,AQUILLA_U1_23_fcst,
0,AQUILLA_U1_28,,,,AQUILLA_U1_28_fcst,
0,AQUILLA_U2_23,,,,AQUILLA_U2_23_fcst,
0,AQUILLA_U2_28,,,,AQUILLA_U2_28_fcst,
0,ARAGORN_UNIT1,,,,ARAGORN_UNIT1_fcst,
0,ASCK_SLR_SOLAR1,,,,ASCK_SLR_SOLAR1_fcst,
0,ASCK_SLR_SOLAR2,,,,ASCK_SLR_SOLAR2_fcst,
0,ASTRA_UNIT1,,,,ASTRA_UNIT1_fcst,
0,AURO_SLR_UNIT1,,,,AURO_SLR_UNIT1_fcst,
0,AVIATOR_UNIT1,,,,AVIATOR_UNIT1_fcst,
0,AVIATOR_UNIT2,,,,AVIATOR_UNIT2_fcst,
0,AZSP_SLR_SOLAR1,,,,AZSP_SLR_SOLAR1_fcst,
0,AZURE_SOLAR1,,,,AZURE_SOLAR1_fcst,
0,AZURE_SOLAR2,,,,AZURE_SOLAR2_fcst,
0,BAFFIN_UNIT1,,,,BAFFIN_UNIT1_fcst,
0,BAFFIN_UNIT2,,,,BAFFIN_UNIT2_fcst,
0,BAIRDWND_UNIT1,,,,BAIRDWND_UNIT1_fcst,
0,BAIRDWND_UNIT2,,,,BAIRDWND_UNIT2_fcst,
0,BAKE_SLR_UNIT1,,,,BAKE_SLR_UNIT1_fcst,
0,BAKE_SLR_UNIT2,,,,BAKE_SLR_UNIT2_fcst,
0,BARROW_UNIT1,,,,BARROW_UNIT1_fcst,
0,BARROW_UNIT2,,,,BARROW_UNIT2_fcst,
0,BART_SLR_SOLAR1,,,,BART_SLR_SOLAR1_fcst,
0,BBREEZE_UNIT1,,,,BBREEZE_UNIT1_fcst,
0,BBREEZE_UNIT2,,,,BBREEZE_UNIT2_fcst,
0,BCATWIND_WIND_1,,,,BCATWIND_WIND_1_fcst,
0,BCK_UNIT1,,,,BCK_UNIT1_fcst,
0,BCK_UNIT2,,,,BCK_UNIT2_fcst,
0,BELM_SLR_UNIT1,,,,BELM_SLR_UNIT1_fcst,
0,BIGSAMWD_UNIT1,,,,BIGSAMWD_UNIT1_fcst,
0,BIGSAMWD_UNIT2,,,,BIGSAMWD_UNIT2_fcst,
0,BIG_STAR_UNIT1,,,,BIG_STAR_UNIT1_fcst,
0,BIG_STAR_UNIT2,,,,BIG_STAR_UNIT2_fcst,
0,BLACKJAK_UNIT1,,,,BLACKJAK_UNIT1_fcst,
0,BLACKJAK_UNIT2,,,,BLACKJAK_UNIT2_fcst,
0,BLSUMIT3_UNIT_17,,,,BLSUMIT3_UNIT_17_fcst,
0,BLSUMIT3_UNIT_25,,,,BLSUMIT3_UNIT_25_fcst,
0,BLSUMMIT_BLSMT1_5,,,,BLSUMMIT_BLSMT1_5_fcst,
0,BLSUMMIT_BLSMT1_6,,,,BLSUMMIT_BLSMT1_6_fcst,
0,BLSUMMIT_UNIT2_17,,,,BLSUMMIT_UNIT2_17_fcst,
0,BLSUMMIT_UNIT2_25,,,,BLSUMMIT_UNIT2_25_fcst,
0,BLUEJAY_UNIT1,,,,BLUEJAY_UNIT1_fcst,
0,BLUEJAY_UNIT2,,,,BLUEJAY_UNIT2_fcst,
0,BLVN_SLR_SOLAR2,,,,BLVN_SLR_SOLAR2_fcst,
0,BLVN_SLR_SOLAR3,,,,BLVN_SLR_SOLAR3_fcst,
0,BOARDCRK_UNIT1,,,,BOARDCRK_UNIT1_fcst,
0,BOARDCRK_UNIT2,,,,BOARDCRK_UNIT2_fcst,
0,BOOTLEG_UNIT1,,,,BOOTLEG_UNIT1_fcst,
0,BORDAS2_JAVEL2_A,,,,BORDAS2_JAVEL2_A_fcst,
0,BORDAS2_JAVEL2_B,,,,BORDAS2_JAVEL2_B_fcst,
0,BORDAS2_JAVEL2_C,,,,BORDAS2_JAVEL2_C_fcst,
0,BORDAS_JAVEL18,,,,BORDAS_JAVEL18_fcst,
0,BORDAS_JAVEL20,,,,BORDAS_JAVEL20_fcst,
0,BRAZ_WND_WND1,,,,BRAZ_WND_WND1_fcst,
0,BRAZ_WND_WND2,,,,BRAZ_WND_WND2_fcst,
0,BRIGHTSD_UNIT1,,,,BRIGHTSD_UNIT1_fcst,
0,BRISCOE_WIND,,,,BRISCOE_WIND_fcst,
0,BRTSW_BCW1,,,,BRTSW_BCW1_fcst,
0,BR_ARROW_UNIT1,,,,BR_ARROW_UNIT1_fcst,
0,BR_ARROW_UNIT2,,,,BR_ARROW_UNIT2_fcst,
0,BUCKTHRN_UNIT1,,,,BUCKTHRN_UNIT1_fcst,
0,BUCKTHRN_UNIT2,,,,BUCKTHRN_UNIT2_fcst,
0,BULLCRK_WND1,,,,BULLCRK_WND1_fcst,
0,BULLCRK_WND2,,,,BULLCRK_WND2_fcst,
0,BUZI_SLR_UNIT1,,,,BUZI_SLR_UNIT1_fcst,
0,BUZI_SLR_UNIT2,,,,BUZI_SLR_UNIT2_fcst,
0,BUZI_SLR_UNIT3,,,,BUZI_SLR_UNIT3_fcst,
0,BUZI_SLR_UNIT4,,,,BUZI_SLR_UNIT4_fcst,
0,BYNM_SLR_SOLAR1,,,,BYNM_SLR_SOLAR1_fcst,
0,CABEZON_WIND1,,,,CABEZON_WIND1_fcst,
0,CABEZON_WIND2,,,,CABEZON_WIND2_fcst,
0,CAMWIND_UNIT1,,,,CAMWIND_UNIT1_fcst,
0,CANYONWD_UNIT1,,,,CANYONWD_UNIT1_fcst,
0,CANYONWD_UNIT2,,,,CANYONWD_UNIT2_fcst,
0,CANYONWD_UNIT3,,,,CANYONWD_UNIT3_fcst,
0,CANYONWD_UNIT4,,,,CANYONWD_UNIT4_fcst,
0,CANYONWD_UNIT5,,,,CANYONWD_UNIT5_fcst,
0,CANYONWD_UNIT6,,,,CANYONWD_UNIT6_fcst,
0,CAPRIDG4_BB2_PV1,,,,CAPRIDG4_BB2_PV1_fcst,
0,CAPRIDG4_BB2_PV2,,,,CAPRIDG4_BB2_PV2_fcst,
0,CAPRIDG4_BB_PV,,,,CAPRIDG4_BB_PV_fcst,
0,CAPRIDG4_CR4,,,,CAPRIDG4_CR4_fcst,
0,CAPRIDGE_CR1,,,,CAPRIDGE_CR1_fcst,
0,CAPRIDGE_CR2,,,,CAPRIDGE_CR2_fcst,
0,CAPRIDGE_CR3,,,,CAPRIDGE_CR3_fcst,
0,CASL_GAP_UNIT1,,,,CASL_GAP_UNIT1_fcst,
0,CEDROHIL_CHW1,,,,CEDROHIL_CHW1_fcst,
0,CEDROHIL_CHW2,,,,CEDROHIL_CHW2_fcst,
0,CFLATS_U1,,,,CFLATS_U1_fcst,
0,CHALUPA_UNIT1,,,,CHALUPA_UNIT1_fcst,
0,CHALUPA_UNIT2,,,,CHALUPA_UNIT2_fcst,
0,CHAL_SLR_SOLAR1,,,,CHAL_SLR_SOLAR1_fcst,
0,CHAMPION_UNIT1,,,,CHAMPION_UNIT1_fcst,
0,CHAMPION_UNIT2,,,,CHAMPION_UNIT2_fcst,
0,CHAMPION_UNIT3,,,,CHAMPION_UNIT3_fcst,
0,CHIL_SLR_SOLAR1,,,,CHIL_SLR_SOLAR1_fcst,
0,CHIL_SLR_SOLAR2,,,,CHIL_SLR_SOLAR2_fcst,
0,CMPD_SLR_SOLAR1,,,,CMPD_SLR_SOLAR1_fcst,
0,CMPD_SLR_SOLAR2,,,,CMPD_SLR_SOLAR2_fcst,
0,CN_BRKS_UNIT_1,,,,CN_BRKS_UNIT_1_fcst,
0,CONIGLIO_UNIT1,,,,CONIGLIO_UNIT1_fcst,
0,CORALSLR_SOLAR1,,,,CORALSLR_SOLAR1_fcst,
0,CORALSLR_SOLAR2,,,,CORALSLR_SOLAR2_fcst,
0,CORAZON_UNIT1,,,,CORAZON_UNIT1_fcst,
0,COTPLNS_COTTONPL,,,,COTPLNS_COTTONPL_fcst,
0,COTPLNS_OLDSETLR,,,,COTPLNS_OLDSETLR_fcst,
0,COTTON_PAP2,,,,COTTON_PAP2_fcst,
0,COYOTE_W_UNIT1,,,,COYOTE_W_UNIT1_fcst,
0,COYOTE_W_UNIT2,,,,COYOTE_W_UNIT2_fcst,
0,COYOTE_W_UNIT3,,,,COYOTE_W_UNIT3_fcst,
0,CRANELL_UNIT1,,,,CRANELL_UNIT1_fcst,
0,CRAWFISH_UNIT1,,,,CRAWFISH_UNIT1_fcst,
0,CRWN_SLR_UNIT1,,,,CRWN_SLR_UNIT1_fcst,
0,CSEC_CSECG1,,,,CSEC_CSECG1_fcst,
0,CSEC_CSECG2,,,,CSEC_CSECG2_fcst,
0,CST1_SLR_SOLAR1,,,,CST1_SLR_SOLAR1_fcst,
0,CTW_SOLAR1,,,,CTW_SOLAR1_fcst,
0,CTW_SOLAR2,,,,CTW_SOLAR2_fcst,
0,DAG_UNIT1,,,,DAG_UNIT1_fcst,
0,DAG_UNIT2,,,,DAG_UNIT2_fcst,
0,DAN_UNIT1,,,,DAN_UNIT1_fcst,
0,DAN_UNIT2,,,,DAN_UNIT2_fcst,
0,DAN_UNIT3,,,,DAN_UNIT3_fcst,
0,DELILA_1_G1,,,,DELILA_1_G1_fcst,
0,DELILA_1_G2,,,,DELILA_1_G2_fcst,
0,DELILA_2_G1,,,,DELILA_2_G1_fcst,
0,DELILA_2_G2,,,,DELILA_2_G2_fcst,
0,DELILA_2_G3,,,,DELILA_2_G3_fcst,
0,DERMOTT_UNIT1,,,,DERMOTT_UNIT1_fcst,
0,DERMOTT_UNIT2,,,,DERMOTT_UNIT2_fcst,
0,DEWOLF_UNIT1,,,,DEWOLF_UNIT1_fcst,
0,DIGBY_UNIT1,,,,DIGBY_UNIT1_fcst,
0,DIGBY_UNIT2,,,,DIGBY_UNIT2_fcst,
0,DILEOSLR_UNIT1,,,,DILEOSLR_UNIT1_fcst,
0,DIVR_SLR_SOLAR1,,,,DIVR_SLR_SOLAR1_fcst,
0,DIVR_SLR_SOLAR2,,,,DIVR_SLR_SOLAR2_fcst,
0,DMA_SOLAR1,,,,DMA_SOLAR1_fcst,
0,DORA_SLR_SOLAR1,,,,DORA_SLR_SOLAR1_fcst,
0,DORA_SLR_SOLAR2,,,,DORA_SLR_SOLAR2_fcst,
0,DRCK_SLR_SOLAR1,,,,DRCK_SLR_SOLAR1_fcst,
0,DSKYWND1_UNIT_1A,,,,DSKYWND1_UNIT_1A_fcst,
0,DSKYWND1_UNIT_1B,,,,DSKYWND1_UNIT_1B_fcst,
0,DSKYWND2_UNIT_2A,,,,DSKYWND2_UNIT_2A_fcst,
0,DSKYWND2_UNIT_2B,,,,DSKYWND2_UNIT_2B_fcst,
0,EBELLSL2_UNIT1,,,,EBELLSL2_UNIT1_fcst,
0,EBELLSLR_UNIT1,,,,EBELLSLR_UNIT1_fcst,
0,ECLIPSE_UNIT1,,,,ECLIPSE_UNIT1_fcst,
0,EGROVESL_UNIT1,,,,EGROVESL_UNIT1_fcst,
0,EIFSLR_UNIT1,,,,EIFSLR_UNIT1_fcst,
0,ELARA_SL_UNIT1,,,,ELARA_SL_UNIT1_fcst,
0,ELB_ELBCREEK,,,,ELB_ELBCREEK_fcst,
0,ELLISSLR_UNIT1,,,,ELLISSLR_UNIT1_fcst,
0,ELSAUZ_UNIT1,,,,ELSAUZ_UNIT1_fcst,
0,ELSAUZ_UNIT2,,,,ELSAUZ_UNIT2_fcst,
0,ELZA_SLR_SOLAR1,,,,ELZA_SLR_SOLAR1_fcst,
0,EL_RAYO_UNIT1,,,,EL_RAYO_UNIT1_fcst,
0,EL_RAYO_UNIT2,,,,EL_RAYO_UNIT2_fcst,
0,ESTONIAN_SOLAR1,,,,ESTONIAN_SOLAR1_fcst,
0,ESTONIAN_SOLAR2,,,,ESTONIAN_SOLAR2_fcst,
0,EUNICE_PV1,,,,EUNICE_PV1_fcst,
0,EUNICE_PV2,,,,EUNICE_PV2_fcst,
0,EXGNSND_WIND_1,,,,EXGNSND_WIND_1_fcst,
0,EXGNWTL_WIND_1,,,,EXGNWTL_WIND_1_fcst,
0,E_BLACK_UNIT_1,,,,E_BLACK_UNIT_1_fcst,
0,FAGUSSLR_UNIT2,,,,FAGUSSLR_UNIT2_fcst,
0,FAGUSSLR_UNIT3,,,,FAGUSSLR_UNIT3_fcst,
0,FENCESLR_SOLAR1,,,,FENCESLR_SOLAR1_fcst,
0,FENCESLR_SOLAR2,,,,FENCESLR_SOLAR2_fcst,
0,FERMI_WIND1,,,,FERMI_WIND1_fcst,
0,FERMI_WIND2,,,,FERMI_WIND2_fcst,
0,FILESSLR_PV1,,,,FILESSLR_PV1_fcst,
0,FIVEWSLR_UNIT1,,,,FIVEWSLR_UNIT1_fcst,
0,FIVEWSLR_UNIT2,,,,FIVEWSLR_UNIT2_fcst,
0,FLTCK_SSI,,,,FLTCK_SSI_fcst,
0,FLUVANNA_UNIT1,,,,FLUVANNA_UNIT1_fcst,
0,FLUVANNA_UNIT2,,,,FLUVANNA_UNIT2_fcst,
0,FOARDCTY_UNIT1,,,,FOARDCTY_UNIT1_fcst,
0,FOARDCTY_UNIT2,,,,FOARDCTY_UNIT2_fcst,
0,FOXTROT_UNIT1,,,,FOXTROT_UNIT1_fcst,
0,FOXTROT_UNIT2,,,,FOXTROT_UNIT2_fcst,
0,FOXTROT_UNIT3,,,,FOXTROT_UNIT3_fcst,
0,FRYE_SLR_UNIT1,,,,FRYE_SLR_UNIT1_fcst,
0,FRYE_SLR_UNIT2,,,,FRYE_SLR_UNIT2_fcst,
0,FTWIND_UNIT_1,,,,FTWIND_UNIT_1_fcst,
0,FWLR_SLR_UNIT1,,,,FWLR_SLR_UNIT1_fcst,
0,GAIA_SLR_SOLAR1,,,,GAIA_SLR_SOLAR1_fcst,
0,GALLOWAY_SOLAR1,,,,GALLOWAY_SOLAR1_fcst,
0,GALLOWAY_SOLAR2,,,,GALLOWAY_SOLAR2_fcst,
0,GODY_SLR_SOLAR1,,,,GODY_SLR_SOLAR1_fcst,
0,GODY_SLR_SOLAR2,,,,GODY_SLR_SOLAR2_fcst,
0,GOLINDA_UNIT1,,,,GOLINDA_UNIT1_fcst,
0,GOODNIT1_UNIT1,,,,GOODNIT1_UNIT1_fcst,
0,GOODNIT1_UNIT2,,,,GOODNIT1_UNIT2_fcst,
0,GOPHER_UNIT1,,,,GOPHER_UNIT1_fcst,
0,GOPHER_UNIT2,,,,GOPHER_UNIT2_fcst,
0,GPASTURE_WIND_I,,,,GPASTURE_WIND_I_fcst,
0,GRANDVW1_COLA,,,,GRANDVW1_COLA_fcst,
0,GRANDVW1_COLB,,,,GRANDVW1_COLB_fcst,
0,GRANDVW1_GV1A,,,,GRANDVW1_GV1A_fcst,
0,GRANDVW1_GV1B,,,,GRANDVW1_GV1B_fcst,
0,GRAN_SLR_UNIT1,,,,GRAN_SLR_UNIT1_fcst,
0,GREASWOD_UNIT1,,,,GREASWOD_UNIT1_fcst,
0,GREASWOD_UNIT2,,,,GREASWOD_UNIT2_fcst,
0,GRIF_TRL_UNIT1,,,,GRIF_TRL_UNIT1_fcst,
0,GRIF_TRL_UNIT2,,,,GRIF_TRL_UNIT2_fcst,
0,GRIM_SLR_UNIT1,,,,GRIM_SLR_UNIT1_fcst,
0,GRIM_SLR_UNIT2,,,,GRIM_SLR_UNIT2_fcst,
0,GRIM_SLR_UNIT3,,,,GRIM_SLR_UNIT3_fcst,
0,GRYH_SLR_SOLAR1,,,,GRYH_SLR_SOLAR1_fcst,
0,GRYH_SLR_SOLAR2,,,,GRYH_SLR_SOLAR2_fcst,
0,GRYH_SLR_SOLAR3,,,,GRYH_SLR_SOLAR3_fcst,
0,GRYH_SLR_SOLAR4,,,,GRYH_SLR_SOLAR4_fcst,
0,GRYH_SLR_SOLAR5,,,,GRYH_SLR_SOLAR5_fcst,
0,GRYH_SLR_SOLAR6,,,,GRYH_SLR_SOLAR6_fcst,
0,GRYH_SLR_SOLAR7,,,,GRYH_SLR_SOLAR7_fcst,
0,GRYH_SLR_SOLAR8,,,,GRYH_SLR_SOLAR8_fcst,
0,GUNMTN_G1,,,,GUNMTN_G1_fcst,
0,GWEC_GWEC_G1,,,,GWEC_GWEC_G1_fcst,
0,HALO_SLR_UNIT1,,,,HALO_SLR_UNIT1_fcst,
0,HARALD_UNIT1,,,,HARALD_UNIT1_fcst,
0,HART_WND_UNIT1,,,,HART_WND_UNIT1_fcst,
0,HELIOS_UNIT1,,,,HELIOS_UNIT1_fcst,
0,HHGT_CALLAHAN,,,,HHGT_CALLAHAN_fcst,
0,HHGT_HHOLLOW1,,,,HHGT_HHOLLOW1_fcst,
0,HHGT_HHOLLOW2,,,,HHGT_HHOLLOW2_fcst,
0,HHGT_HHOLLOW3,,,,HHGT_HHOLLOW3_fcst,
0,HHGT_HHOLLOW4,,,,HHGT_HHOLLOW4_fcst,
0,HICKMAN_G1_J01,,,,HICKMAN_G1_J01_fcst,
0,HICKMAN_G1_J02,,,,HICKMAN_G1_J02_fcst,
0,HICKMAN_G2_J01,,,,HICKMAN_G2_J01_fcst,
0,HICKMAN_G2_J02,,,,HICKMAN_G2_J02_fcst,
0,HI_LONE_WGR1A,,,,HI_LONE_WGR1A_fcst,
0,HI_LONE_WGR1B,,,,HI_LONE_WGR1B_fcst,
0,HI_LONE_WGR1C,,,,HI_LONE_WGR1C_fcst,
0,HI_LONE_WGR2,,,,HI_LONE_WGR2_fcst,
0,HI_LONE_WGR2A,,,,HI_LONE_WGR2A_fcst,
0,HI_LONE_WGR3,,,,HI_LONE_WGR3_fcst,
0,HI_LONE_WGR4,,,,HI_LONE_WGR4_fcst,
0,HKSN_SLR_UNIT1,,,,HKSN_SLR_UNIT1_fcst,
0,HKSN_SLR_UNIT2,,,,HKSN_SLR_UNIT2_fcst,
0,HKSN_SLR_UNIT3,,,,HKSN_SLR_UNIT3_fcst,
0,HOLSTEIN_SOLAR1,,,,HOLSTEIN_SOLAR1_fcst,
0,HOLSTEIN_SOLAR2,,,,HOLSTEIN_SOLAR2_fcst,
0,HOL_UNIT1,,,,HOL_UNIT1_fcst,
0,HOL_UNIT2,,,,HOL_UNIT2_fcst,
0,HOPKNSLR_UNIT1,,,,HOPKNSLR_UNIT1_fcst,
0,HOPKNSLR_UNIT2,,,,HOPKNSLR_UNIT2_fcst,
0,HORSECRK_UNIT1,,,,HORSECRK_UNIT1_fcst,
0,HORSECRK_UNIT2,,,,HORSECRK_UNIT2_fcst,
0,HOVEY_UNIT1,,,,HOVEY_UNIT1_fcst,
0,HOVEY_UNIT2,,,,HOVEY_UNIT2_fcst,
0,HRFDWIND_JRDWIND1,,,,HRFDWIND_JRDWIND1_fcst,
0,HRFDWIND_JRDWIND2,,,,HRFDWIND_JRDWIND2_fcst,
0,HRFDWIND_WIND_G,,,,HRFDWIND_WIND_G_fcst,
0,HRFDWIND_WIND_V,,,,HRFDWIND_WIND_V_fcst,
0,HRMS_SLR_UNIT1,,,,HRMS_SLR_UNIT1_fcst,
0,HRNT_SLR_UNIT1,,,,HRNT_SLR_UNIT1_fcst,
0,HRNT_SLR_UNIT2,,,,HRNT_SLR_UNIT2_fcst,
0,HRNT_SLR_UNIT3,,,,HRNT_SLR_UNIT3_fcst,
0,HRZN_SLR_UNIT1,,,,HRZN_SLR_UNIT1_fcst,
0,HWF_HWFG1,,,,HWF_HWFG1_fcst,
0,IMPACT_UNIT1,,,,IMPACT_UNIT1_fcst,
0,INDL_INADALE1,,,,INDL_INADALE1_fcst,
0,INDL_INADALE2,,,,INDL_INADALE2_fcst,
0,INDNNWP_INDNNWP2,,,,INDNNWP_INDNNWP2_fcst,
0,INRT_W_UNIT1,,,,INRT_W_UNIT1_fcst,
0,INRT_W_UNIT2,,,,INRT_W_UNIT2_fcst,
0,INRT_W_UNIT3,,,,INRT_W_UNIT3_fcst,
0,JADE_SLR_UNIT1,,,,JADE_SLR_UNIT1_fcst,
0,JADE_SLR_UNIT2,,,,JADE_SLR_UNIT2_fcst,
0,JAY_UNIT1,,,,JAY_UNIT1_fcst,
0,JAY_UNIT2,,,,JAY_UNIT2_fcst,
0,JKLP_SLR_PV1,,,,JKLP_SLR_PV1_fcst,
0,JKLP_SLR_PV2,,,,JKLP_SLR_PV2_fcst,
0,JUNG_SLR_UNIT1,,,,JUNG_SLR_UNIT1_fcst,
0,JUNO_UNIT1,,,,JUNO_UNIT1_fcst,
0,JUNO_UNIT2,,,,JUNO_UNIT2_fcst,
0,KARAKAW1_UNIT1,,,,KARAKAW1_UNIT1_fcst,
0,KARAKAW1_UNIT2,,,,KARAKAW1_UNIT2_fcst,
0,KARAKAW2_UNIT3,,,,KARAKAW2_UNIT3_fcst,
0,KEECHI_U1,,,,KEECHI_U1_fcst,
0,KELAM_SL_UNIT1,,,,KELAM_SL_UNIT1_fcst,
0,KEO_SHRBINO2,,,,KEO_SHRBINO2_fcst,
0,KING_NE_KINGNE,,,,KING_NE_KINGNE_fcst,
0,KING_NW_KINGNW,,,,KING_NW_KINGNW_fcst,
0,LACASAWD_UNIT1,,,,LACASAWD_UNIT1_fcst,
0,LACASAWD_UNIT2,,,,LACASAWD_UNIT2_fcst,
0,LACASAWD_UNIT3,,,,LACASAWD_UNIT3_fcst,
0,LACY_CRK_UNIT1,,,,LACY_CRK_UNIT1_fcst,
0,LACY_CRK_UNIT2,,,,LACY_CRK_UNIT2_fcst,
0,LACY_CRK_UNIT3,,,,LACY_CRK_UNIT3_fcst,
0,LACY_CRK_UNIT4,,,,LACY_CRK_UNIT4_fcst,
0,LAPETUS_UNIT_1,,,,LAPETUS_UNIT_1_fcst,
0,LASSO_UNIT1,,,,LASSO_UNIT1_fcst,
0,LEON_SLR_UNIT1,,,,LEON_SLR_UNIT1_fcst,
0,LEON_SLR_UNIT2,,,,LEON_SLR_UNIT2_fcst,
0,LGDRAW_S_UNIT1_1,,,,LGDRAW_S_UNIT1_1_fcst,
0,LGDRAW_S_UNIT1_2,,,,LGDRAW_S_UNIT1_2_fcst,
0,LGD_LANGFORD,,,,LGD_LANGFORD_fcst,
0,LGW_UNIT1,,,,LGW_UNIT1_fcst,
0,LGW_UNIT2,,,,LGW_UNIT2_fcst,
0,LHORN_N_UNIT1,,,,LHORN_N_UNIT1_fcst,
0,LHORN_N_UNIT2,,,,LHORN_N_UNIT2_fcst,
0,LILY_SOLAR1,,,,LILY_SOLAR1_fcst,
0,LMAJADAS_UNIT1,,,,LMAJADAS_UNIT1_fcst,
0,LMAJADAS_UNIT2,,,,LMAJADAS_UNIT2_fcst,
0,LMAJADAS_UNIT3,,,,LMAJADAS_UNIT3_fcst,
0,LMESASLR_IVORY,,,,LMESASLR_IVORY_fcst,
0,LMESASLR_UNIT1,,,,LMESASLR_UNIT1_fcst,
0,LNCRK2_G871,,,,LNCRK2_G871_fcst,
0,LNCRK2_G872,,,,LNCRK2_G872_fcst,
0,LNCRK_G83,,,,LNCRK_G83_fcst,
0,LNP_SOLAR1,,,,LNP_SOLAR1_fcst,
0,LOCKETT_UNIT1,,,,LOCKETT_UNIT1_fcst,
0,LONEWOLF_G1,,,,LONEWOLF_G1_fcst,
0,LONEWOLF_G2,,,,LONEWOLF_G2_fcst,
0,LONEWOLF_G3,,,,LONEWOLF_G3_fcst,
0,LONEWOLF_G4,,,,LONEWOLF_G4_fcst,
0,LON_SOLAR1,,,,LON_SOLAR1_fcst,
0,LV1_LV1A,,,,LV1_LV1A_fcst,
0,LV2_LV2,,,,LV2_LV2_fcst,
0,LV3_UNIT_1,,,,LV3_UNIT_1_fcst,
0,LV4_UNIT_1,,,,LV4_UNIT_1_fcst,
0,LV5_UNIT_1,,,,LV5_UNIT_1_fcst,
0,MAG_UNIT1,,,,MAG_UNIT1_fcst,
0,MAG_UNIT2,,,,MAG_UNIT2_fcst,
0,MAND_SLR_UNIT1,,,,MAND_SLR_UNIT1_fcst,
0,MARIAH_NORTE1,,,,MARIAH_NORTE1_fcst,
0,MARIAH_NORTE2,,,,MARIAH_NORTE2_fcst,
0,MARYNEAL_UNIT1,,,,MARYNEAL_UNIT1_fcst,
0,MAVCRK_E_UNIT5,,,,MAVCRK_E_UNIT5_fcst,
0,MAVCRK_E_UNIT6,,,,MAVCRK_E_UNIT6_fcst,
0,MAVCRK_E_UNIT7,,,,MAVCRK_E_UNIT7_fcst,
0,MAVCRK_E_UNIT8,,,,MAVCRK_E_UNIT8_fcst,
0,MAVCRK_E_UNIT9,,,,MAVCRK_E_UNIT9_fcst,
0,MAVCRK_W_UNIT1,,,,MAVCRK_W_UNIT1_fcst,
0,MAVCRK_W_UNIT2,,,,MAVCRK_W_UNIT2_fcst,
0,MAVCRK_W_UNIT3,,,,MAVCRK_W_UNIT3_fcst,
0,MAVCRK_W_UNIT4,,,,MAVCRK_W_UNIT4_fcst,
0,MCDLD_FCW1,,,,MCDLD_FCW1_fcst,
0,MCDLD_SB1_2,,,,MCDLD_SB1_2_fcst,
0,MCDLD_SB3_282,,,,MCDLD_SB3_282_fcst,
0,MCDLD_SB4_G87,,,,MCDLD_SB4_G87_fcst,
0,MCLNSLR_UNIT1,,,,MCLNSLR_UNIT1_fcst,
0,MERCURY_PV1,,,,MERCURY_PV1_fcst,
0,MERCURY_PV2,,,,MERCURY_PV2_fcst,
0,MESQCRK_WND1,,,,MESQCRK_WND1_fcst,
0,MESQCRK_WND2,,,,MESQCRK_WND2_fcst,
0,MESTENO_UNIT_1,,,,MESTENO_UNIT_1_fcst,
0,MIAM1_G1,,,,MIAM1_G1_fcst,
0,MIAM1_G2,,,,MIAM1_G2_fcst,
0,MIDP_SLR_SOLAR1,,,,MIDP_SLR_SOLAR1_fcst,
0,MIDWIND_UNIT1,,,,MIDWIND_UNIT1_fcst,
0,MIRASOLE_MIR11,,,,MIRASOLE_MIR11_fcst,
0,MIRASOLE_MIR12,,,,MIRASOLE_MIR12_fcst,
0,MIRASOLE_MIR13,,,,MIRASOLE_MIR13_fcst,
0,MIRASOLE_MIR21,,,,MIRASOLE_MIR21_fcst,
0,MISAE_UNIT1,,,,MISAE_UNIT1_fcst,
0,MISAE_UNIT2,,,,MISAE_UNIT2_fcst,
0,MLB_SLR_SOLAR1,,,,MLB_SLR_SOLAR1_fcst,
0,MLB_SLR_SOLAR2,,,,MLB_SLR_SOLAR2_fcst,
0,MONTECR1_WIND1,,,,MONTECR1_WIND1_fcst,
0,MONT_WND_UNIT1,,,,MONT_WND_UNIT1_fcst,
0,MONT_WND_UNIT2,,,,MONT_WND_UNIT2_fcst,
0,MOZART_WIND_1,,,,MOZART_WIND_1_fcst,
0,MRKM_SLR_PV1,,,,MRKM_SLR_PV1_fcst,
0,MROW_SLR_SOLAR1,,,,MROW_SLR_SOLAR1_fcst,
0,MUSTNGCK_SOLAR1,,,,MUSTNGCK_SOLAR1_fcst,
0,MUSTNGCK_SOLAR2,,,,MUSTNGCK_SOLAR2_fcst,
0,MWEC_G1,,,,MWEC_G1_fcst,
0,MYR_UNIT1,,,,MYR_UNIT1_fcst,
0,MYR_UNIT2,,,,MYR_UNIT2_fcst,
0,NBOHR_UNIT1,,,,NBOHR_UNIT1_fcst,
0,NEBULA_UNIT1,,,,NEBULA_UNIT1_fcst,
0,NOBLESLR_SOLAR1,,,,NOBLESLR_SOLAR1_fcst,
0,NOBLESLR_SOLAR2,,,,NOBLESLR_SOLAR2_fcst,
0,NOVA1SLR_UNIT1,,,,NOVA1SLR_UNIT1_fcst,
0,NOVA1SLR_UNIT2,,,,NOVA1SLR_UNIT2_fcst,
0,NOVA2SLR_UNIT1,,,,NOVA2SLR_UNIT1_fcst,
0,NRTN_SLR_SOLAR1,,,,NRTN_SLR_SOLAR1_fcst,
0,NWF_NWF1,,,,NWF_NWF1_fcst,
0,NWF_NWF2,,,,NWF_NWF2_fcst,
0,OBERON_UNIT_1_J01,,,,OBERON_UNIT_1_J01_fcst,
0,OBERON_UNIT_1_J02,,,,OBERON_UNIT_1_J02_fcst,
0,OCI_ALM1_UNIT1,,,,OCI_ALM1_UNIT1_fcst,
0,OGS_SLR_UNIT1,,,,OGS_SLR_UNIT1_fcst,
0,ORIANA_UNIT1,,,,ORIANA_UNIT1_fcst,
0,OUTP_SLR_UNIT1,,,,OUTP_SLR_UNIT1_fcst,
0,OUTP_SLR_UNIT2,,,,OUTP_SLR_UNIT2_fcst,
0,OVEJA_G1,,,,OVEJA_G1_fcst,
0,OVEJA_G2,,,,OVEJA_G2_fcst,
0,OWF_OWF,,,,OWF_OWF_fcst,
0,PALMWIND_UNIT1,,,,PALMWIND_UNIT1_fcst,
0,PAP1_PAP1,,,,PAP1_PAP1_fcst,
0,PAR_UNIT1,,,,PAR_UNIT1_fcst,
0,PAR_UNIT2,,,,PAR_UNIT2_fcst,
0,PCT_UNIT1,,,,PCT_UNIT1_fcst,
0,PC_NORTH_PANTHER1,,,,PC_NORTH_PANTHER1_fcst,
0,PC_SOUTH_PANTH31,,,,PC_SOUTH_PANTH31_fcst,
0,PC_SOUTH_PANTH32,,,,PC_SOUTH_PANTH32_fcst,
0,PC_SOUTH_PANTHER2,,,,PC_SOUTH_PANTHER2_fcst,
0,PENA3_UNIT3_J01,,,,PENA3_UNIT3_J01_fcst,
0,PENA3_UNIT3_J02,,,,PENA3_UNIT3_J02_fcst,
0,PENA_UNIT1,,,,PENA_UNIT1_fcst,
0,PENA_UNIT2_J01,,,,PENA_UNIT2_J01_fcst,
0,PENA_UNIT2_J02,,,,PENA_UNIT2_J02_fcst,
0,PERE_SLR_UNIT1,,,,PERE_SLR_UNIT1_fcst,
0,PERE_SLR_UNIT2,,,,PERE_SLR_UNIT2_fcst,
0,PEY_UNIT1,,,,PEY_UNIT1_fcst,
0,PH1_UNIT1,,,,PH1_UNIT1_fcst,
0,PH1_UNIT2,,,,PH1_UNIT2_fcst,
0,PH2_UNIT1,,,,PH2_UNIT1_fcst,
0,PH2_UNIT2,,,,PH2_UNIT2_fcst,
0,PHOEBE_UNIT1,,,,PHOEBE_UNIT1_fcst,
0,PHOEBE_UNIT2,,,,PHOEBE_UNIT2_fcst,
0,PHOENIX_UNIT1,,,,PHOENIX_UNIT1_fcst,
0,PHO_SOLAR1,,,,PHO_SOLAR1_fcst,
0,PHO_SOLAR2,,,,PHO_SOLAR2_fcst,
0,PHO_SOLAR3,,,,PHO_SOLAR3_fcst,
0,PHO_SOLAR4,,,,PHO_SOLAR4_fcst,
0,PINEFRST_UNIT1,,,,PINEFRST_UNIT1_fcst,
0,PINEFRST_UNIT2,,,,PINEFRST_UNIT2_fcst,
0,PINN_SLR_UNIT1,,,,PINN_SLR_UNIT1_fcst,
0,PINN_SLR_UNIT2,,,,PINN_SLR_UNIT2_fcst,
0,PINN_SLR_UNIT3,,,,PINN_SLR_UNIT3_fcst,
0,PIONR_DJ_UNIT1,,,,PIONR_DJ_UNIT1_fcst,
0,PISGAH_SOLAR1,,,,PISGAH_SOLAR1_fcst,
0,PISGAH_SOLAR2,,,,PISGAH_SOLAR2_fcst,
0,PITTSDDK_UNIT1,,,,PITTSDDK_UNIT1_fcst,
0,PITTSDK2_UNIT1,,,,PITTSDK2_UNIT1_fcst,
0,PLN_UNIT1,,,,PLN_UNIT1_fcst,
0,PLN_UNIT2,,,,PLN_UNIT2_fcst,
0,PORT_SLR_UNIT1,,,,PORT_SLR_UNIT1_fcst,
0,PRIDDY_UNIT1,,,,PRIDDY_UNIT1_fcst,
0,PRIDDY_UNIT2,,,,PRIDDY_UNIT2_fcst,
0,PROSPERO_UNIT1,,,,PROSPERO_UNIT1_fcst,
0,PROSPERO_UNIT2,,,,PROSPERO_UNIT2_fcst,
0,PRSPERO2_UNIT1,,,,PRSPERO2_UNIT1_fcst,
0,PRSPERO2_UNIT2,,,,PRSPERO2_UNIT2_fcst,
0,PYR_PYRON1,,,,PYR_PYRON1_fcst,
0,PYR_PYRON2,,,,PYR_PYRON2_fcst,
0,QTUM_SLR_UNIT1,,,,QTUM_SLR_UNIT1_fcst,
0,QTUM_SLR_UNIT2,,,,QTUM_SLR_UNIT2_fcst,
0,QUEEN_SL_SOLAR1,,,,QUEEN_SL_SOLAR1_fcst,
0,QUEEN_SL_SOLAR2,,,,QUEEN_SL_SOLAR2_fcst,
0,QUEEN_SL_SOLAR3,,,,QUEEN_SL_SOLAR3_fcst,
0,QUEEN_SL_SOLAR4,,,,QUEEN_SL_SOLAR4_fcst,
0,RADN_SLR_UNIT1,,,,RADN_SLR_UNIT1_fcst,
0,RADN_SLR_UNIT2,,,,RADN_SLR_UNIT2_fcst,
0,RAMBLER_UNIT1,,,,RAMBLER_UNIT1_fcst,
0,RANCHERO_UNIT1,,,,RANCHERO_UNIT1_fcst,
0,RANCHERO_UNIT2,,,,RANCHERO_UNIT2_fcst,
0,RATLIFF_SOLAR1,,,,RATLIFF_SOLAR1_fcst,
0,RDCANYON_RDCNY1,,,,RDCANYON_RDCNY1_fcst,
0,REDBARN_UNIT_1,,,,REDBARN_UNIT_1_fcst,
0,REDBARN_UNIT_2,,,,REDBARN_UNIT_2_fcst,
0,REDFISH_MV1A,,,,REDFISH_MV1A_fcst,
0,REDFISH_MV1B,,,,REDFISH_MV1B_fcst,
0,RELOJ_UNIT1,,,,RELOJ_UNIT1_fcst,
0,RELOJ_UNIT2,,,,RELOJ_UNIT2_fcst,
0,RELOJ_UNIT3,,,,RELOJ_UNIT3_fcst,
0,RELOJ_UNIT4,,,,RELOJ_UNIT4_fcst,
0,REROCK_UNIT1,,,,REROCK_UNIT1_fcst,
0,REROCK_UNIT2,,,,REROCK_UNIT2_fcst,
0,RIGGINS_UNIT1,,,,RIGGINS_UNIT1_fcst,
0,RIPPEY_UNIT1,,,,RIPPEY_UNIT1_fcst,
0,ROSELAND_SOLAR1,,,,ROSELAND_SOLAR1_fcst,
0,ROSELAND_SOLAR2,,,,ROSELAND_SOLAR2_fcst,
0,ROSELAND_SOLAR3,,,,ROSELAND_SOLAR3_fcst,
0,ROUTE_66_WIND1,,,,ROUTE_66_WIND1_fcst,
0,ROW_UNIT1,,,,ROW_UNIT1_fcst,
0,ROW_UNIT2,,,,ROW_UNIT2_fcst,
0,RRC_WIND_UNIT1,,,,RRC_WIND_UNIT1_fcst,
0,RRC_WIND_UNIT2,,,,RRC_WIND_UNIT2_fcst,
0,RRC_WIND_UNIT3,,,,RRC_WIND_UNIT3_fcst,
0,RSNAKE_G1,,,,RSNAKE_G1_fcst,
0,RSNAKE_G2,,,,RSNAKE_G2_fcst,
0,RTS2_U1,,,,RTS2_U1_fcst,
0,RTS2_U2,,,,RTS2_U2_fcst,
0,RTS_U1,,,,RTS_U1_fcst,
0,SAGEDRAW_UNIT1,,,,SAGEDRAW_UNIT1_fcst,
0,SAGEDRAW_UNIT2,,,,SAGEDRAW_UNIT2_fcst,
0,SALTFORK_UNIT1,,,,SALTFORK_UNIT1_fcst,
0,SALTFORK_UNIT2,,,,SALTFORK_UNIT2_fcst,
0,SALVTION_UNIT1,,,,SALVTION_UNIT1_fcst,
0,SALVTION_UNIT2,,,,SALVTION_UNIT2_fcst,
0,SAMSON_1_G1,,,,SAMSON_1_G1_fcst,
0,SAMSON_1_G2,,,,SAMSON_1_G2_fcst,
0,SAMSON_1_G3,,,,SAMSON_1_G3_fcst,
0,SAMSON_1_G4,,,,SAMSON_1_G4_fcst,
0,SAMSON_3_G1,,,,SAMSON_3_G1_fcst,
0,SAMSON_3_G2,,,,SAMSON_3_G2_fcst,
0,SANROMAN_WIND_1,,,,SANROMAN_WIND_1_fcst,
0,SANTACRU_UNIT1,,,,SANTACRU_UNIT1_fcst,
0,SANTACRU_UNIT2,,,,SANTACRU_UNIT2_fcst,
0,SBE_UNIT1,,,,SBE_UNIT1_fcst,
0,SENATEWD_UNIT1,,,,SENATEWD_UNIT1_fcst,
0,SGMTN_SIGNALMT,,,,SGMTN_SIGNALMT_fcst,
0,SHAFFER_UNIT1,,,,SHAFFER_UNIT1_fcst,
0,SHAMROCK_UNIT1,,,,SHAMROCK_UNIT1_fcst,
0,SHAMROCK_UNIT2,,,,SHAMROCK_UNIT2_fcst,
0,SHANNONW_UNIT_1,,,,SHANNONW_UNIT_1_fcst,
0,SHEEPCRK_UNIT1,,,,SHEEPCRK_UNIT1_fcst,
0,SIG_SLR_UNIT1,,,,SIG_SLR_UNIT1_fcst,
0,SIRIUS_UNIT1,,,,SIRIUS_UNIT1_fcst,
0,SIRIUS_UNIT2,,,,SIRIUS_UNIT2_fcst,
0,SOLARA_UNIT1,,,,SOLARA_UNIT1_fcst,
0,SOLC_SLR_UNIT1,,,,SOLC_SLR_UNIT1_fcst,
0,SOLC_SLR_UNIT2,,,,SOLC_SLR_UNIT2_fcst,
0,SPARTA_UNIT1,,,,SPARTA_UNIT1_fcst,
0,SPARTA_UNIT2,,,,SPARTA_UNIT2_fcst,
0,SPLAIN1_WIND1,,,,SPLAIN1_WIND1_fcst,
0,SPLAIN1_WIND2,,,,SPLAIN1_WIND2_fcst,
0,SPLAIN2_WIND21,,,,SPLAIN2_WIND21_fcst,
0,SPLAIN2_WIND22,,,,SPLAIN2_WIND22_fcst,
0,SPTX12B_UNIT1,,,,SPTX12B_UNIT1_fcst,
0,SRWE1_SRWE2,,,,SRWE1_SRWE2_fcst,
0,SRWE1_UNIT1,,,,SRWE1_UNIT1_fcst,
0,SSPURTWO_SS3WIND1,,,,SSPURTWO_SS3WIND1_fcst,
0,SSPURTWO_SS3WIND2,,,,SSPURTWO_SS3WIND2_fcst,
0,SSPURTWO_WIND_1,,,,SSPURTWO_WIND_1_fcst,
0,STAM_SLR_SOLAR1,,,,STAM_SLR_SOLAR1_fcst,
0,STAM_SLR_SOLAR2,,,,STAM_SLR_SOLAR2_fcst,
0,STAR_SLR_UNIT1,,,,STAR_SLR_UNIT1_fcst,
0,STAR_SLR_UNIT2,,,,STAR_SLR_UNIT2_fcst,
0,STELLA_UNIT1,,,,STELLA_UNIT1_fcst,
0,STLHS_SL_PV1,,,,STLHS_SL_PV1_fcst,
0,STRATEGC_UNIT1,,,,STRATEGC_UNIT1_fcst,
0,STRG_SLR_UNIT1,,,,STRG_SLR_UNIT1_fcst,
0,STRG_SLR_UNIT2,,,,STRG_SLR_UNIT2_fcst,
0,STWF_T1,,,,STWF_T1_fcst,
0,SUNVASLR_UNIT1,,,,SUNVASLR_UNIT1_fcst,
0,SUNVASLR_UNIT2,,,,SUNVASLR_UNIT2_fcst,
0,SUN_SLR_UNIT_1,,,,SUN_SLR_UNIT_1_fcst,
0,SWEC_G1,,,,SWEC_G1_fcst,
0,SWEETWN2_WND2,,,,SWEETWN2_WND2_fcst,
0,SWEETWN2_WND24,,,,SWEETWN2_WND24_fcst,
0,SWEETWN3_WND3A,,,,SWEETWN3_WND3A_fcst,
0,SWEETWN3_WND3B,,,,SWEETWN3_WND3B_fcst,
0,SWEETWN4_WND4A,,,,SWEETWN4_WND4A_fcst,
0,SWEETWN4_WND4B,,,,SWEETWN4_WND4B_fcst,
0,SWEETWN5_WND5,,,,SWEETWN5_WND5_fcst,
0,SWEETWND_WND1,,,,SWEETWND_WND1_fcst,
0,SWFT_SLR_UNIT1,,,,SWFT_SLR_UNIT1_fcst,
0,SYBR_SLR_UNIT1,,,,SYBR_SLR_UNIT1_fcst,
0,SYBR_SLR_UNIT2,,,,SYBR_SLR_UNIT2_fcst,
0,S_HILLS_UNIT1,,,,S_HILLS_UNIT1_fcst,
0,TAHOKA_UNIT_1,,,,TAHOKA_UNIT_1_fcst,
0,TAHOKA_UNIT_2,,,,TAHOKA_UNIT_2_fcst,
0,TAV_UNIT1,,,,TAV_UNIT1_fcst,
0,TAV_UNIT2,,,,TAV_UNIT2_fcst,
0,TAYGETE2_UNIT1,,,,TAYGETE2_UNIT1_fcst,
0,TAYGETE2_UNIT2,,,,TAYGETE2_UNIT2_fcst,
0,TAYGETE_UNIT1,,,,TAYGETE_UNIT1_fcst,
0,TAYGETE_UNIT2,,,,TAYGETE_UNIT2_fcst,
0,TGW_T1,,,,TGW_T1_fcst,
0,TGW_T2,,,,TGW_T2_fcst,
0,THREEW_S_SOLAR1,,,,THREEW_S_SOLAR1_fcst,
0,TI_SOLAR_UNIT1,,,,TI_SOLAR_UNIT1_fcst,
0,TI_SOLAR_UNIT2,,,,TI_SOLAR_UNIT2_fcst,
0,TKWSW1_ROSCOE,,,,TKWSW1_ROSCOE_fcst,
0,TKWSW1_ROSCOE2A,,,,TKWSW1_ROSCOE2A_fcst,
0,TNG_SOLAR1,,,,TNG_SOLAR1_fcst,
0,TNG_SOLAR2,,,,TNG_SOLAR2_fcst,
0,TNS_SLR_UNIT1,,,,TNS_SLR_UNIT1_fcst,
0,TNS_SLR_UNIT2,,,,TNS_SLR_UNIT2_fcst,
0,TORR_UNIT1_25,,,,TORR_UNIT1_25_fcst,
0,TORR_UNIT2_23,,,,TORR_UNIT2_23_fcst,
0,TORR_UNIT2_25,,,,TORR_UNIT2_25_fcst,
0,TRBT_SLR_PV1,,,,TRBT_SLR_PV1_fcst,
0,TRBT_SLR_PV2,,,,TRBT_SLR_PV2_fcst,
0,TREB_SLR_SOLAR1,,,,TREB_SLR_SOLAR1_fcst,
0,TRENT_TRENT,,,,TRENT_TRENT_fcst,
0,TRENT_UNIT_1B,,,,TRENT_UNIT_1B_fcst,
0,TRENT_UNIT_2,,,,TRENT_UNIT_2_fcst,
0,TRENT_UNIT_3A,,,,TRENT_UNIT_3A_fcst,
0,TRENT_UNIT_3B,,,,TRENT_UNIT_3B_fcst,
0,TRINITY_TH1_BUS1,,,,TRINITY_TH1_BUS1_fcst,
0,TRINITY_TH1_BUS2,,,,TRINITY_TH1_BUS2_fcst,
0,TROJ_SLR_PV1,,,,TROJ_SLR_PV1_fcst,
0,TROJ_SLR_PV2,,,,TROJ_SLR_PV2_fcst,
0,TRUENO_UNIT1,,,,TRUENO_UNIT1_fcst,
0,TRUENO_UNIT2,,,,TRUENO_UNIT2_fcst,
0,TRUSGILL_UNIT1,,,,TRUSGILL_UNIT1_fcst,
0,TRUSGILL_UNIT2,,,,TRUSGILL_UNIT2_fcst,
0,TRUSGILL_UNIT3,,,,TRUSGILL_UNIT3_fcst,
0,TRUSGILL_UNIT4,,,,TRUSGILL_UNIT4_fcst,
0,TTWEC_G1,,,,TTWEC_G1_fcst,
0,TUL_SLR_UNIT1,,,,TUL_SLR_UNIT1_fcst,
0,TUL_SLR_UNIT2,,,,TUL_SLR_UNIT2_fcst,
0,TYLRWIND_UNIT1,,,,TYLRWIND_UNIT1_fcst,
0,TYSN_SLR_UNIT1,,,,TYSN_SLR_UNIT1_fcst,
0,VANCOURT_UNIT1,,,,VANCOURT_UNIT1_fcst,
0,VENADO_UNIT1,,,,VENADO_UNIT1_fcst,
0,VENADO_UNIT2,,,,VENADO_UNIT2_fcst,
0,VERAWIND_UNIT1,,,,VERAWIND_UNIT1_fcst,
0,VERAWIND_UNIT2,,,,VERAWIND_UNIT2_fcst,
0,VERAWIND_UNIT3,,,,VERAWIND_UNIT3_fcst,
0,VERAWIND_UNIT4,,,,VERAWIND_UNIT4_fcst,
0,VERAWIND_UNIT5,,,,VERAWIND_UNIT5_fcst,
0,VERTIGO_WIND_I,,,,VERTIGO_WIND_I_fcst,
0,VISION_UNIT1,,,,VISION_UNIT1_fcst,
0,VORTEX_WIND1,,,,VORTEX_WIND1_fcst,
0,VORTEX_WIND2,,,,VORTEX_WIND2_fcst,
0,VORTEX_WIND3,,,,VORTEX_WIND3_fcst,
0,VORTEX_WIND4,,,,VORTEX_WIND4_fcst,
0,WAKEWE_G1_J01,,,,WAKEWE_G1_J01_fcst,
0,WAKEWE_G1_J02,,,,WAKEWE_G1_J02_fcst,
0,WAKEWE_G2_J01,,,,WAKEWE_G2_J01_fcst,
0,WAKEWE_G2_J02,,,,WAKEWE_G2_J02_fcst,
0,WAYMARK_UNIT1,,,,WAYMARK_UNIT1_fcst,
0,WEBBER_S_WSP1,,,,WEBBER_S_WSP1_fcst,
0,WEC_WECG1,,,,WEC_WECG1_fcst,
0,WES_UNIT1,,,,WES_UNIT1_fcst,
0,WES_UNIT2,,,,WES_UNIT2_fcst,
0,WGU_UNIT1,,,,WGU_UNIT1_fcst,
0,WHMESA_UNIT1,,,,WHMESA_UNIT1_fcst,
0,WHMESA_UNIT2_23,,,,WHMESA_UNIT2_23_fcst,
0,WHMESA_UNIT2_28,,,,WHMESA_UNIT2_28_fcst,
0,WHMESA_UNIT3_23,,,,WHMESA_UNIT3_23_fcst,
0,WHMESA_UNIT3_28,,,,WHMESA_UNIT3_28_fcst,
0,WHTTAIL_WR1,,,,WHTTAIL_WR1_fcst,
0,WH_WIND_UNIT1,,,,WH_WIND_UNIT1_fcst,
0,WH_WIND_UNIT2,,,,WH_WIND_UNIT2_fcst,
0,WILDWIND_UNIT1,,,,WILDWIND_UNIT1_fcst,
0,WILDWIND_UNIT2,,,,WILDWIND_UNIT2_fcst,
0,WILDWIND_UNIT3,,,,WILDWIND_UNIT3_fcst,
0,WILDWIND_UNIT4,,,,WILDWIND_UNIT4_fcst,
0,WILDWIND_UNIT5,,,,WILDWIND_UNIT5_fcst,
0,WL_RANCH_UNIT1,,,,WL_RANCH_UNIT1_fcst,
0,WNDTHST2_UNIT1,,,,WNDTHST2_UNIT1_fcst,
0,WOODWRD1_WOODWRD1,,,,WOODWRD1_WOODWRD1_fcst,
0,WOODWRD2_WOODWRD2,,,,WOODWRD2_WOODWRD2_fcst,
0,W_PECOS_UNIT1,,,,W_PECOS_UNIT1_fcst,
0,YNG_WND_UNIT1,,,,YNG_WND_UNIT1_fcst,
0,YNG_WND_UNIT2,,,,YNG_WND_UNIT2_fcst,
0,YNG_WND_UNIT3,,,,YNG_WND_UNIT3_fcst,
0,ZIER_SLR_PV1,,,,ZIER_SLR_PV1_fcst,
ScnRT,7RNCHSLR_UNIT1,,,,7RNCHSLR_UNIT1_act,
ScnRT,7RNCHSLR_UNIT2,,,,7RNCHSLR_UNIT2_act,
ScnRT,7RNCHSLR_UNIT3,,,,7RNCHSLR_UNIT3_act,
ScnRT,ADL_SOLAR1,,,,ADL_SOLAR1_act,
ScnRT,AGUAYO_UNIT1,,,,AGUAYO_UNIT1_act,
ScnRT,AJAXWIND_UNIT1,,,,AJAXWIND_UNIT1_act,
ScnRT,AJAXWIND_UNIT2,,,,AJAXWIND_UNIT2_act,
ScnRT,ALGODON_UNIT1,,,,ALGODON_UNIT1_act,
ScnRT,ALGODON_UNIT2,,,,ALGODON_UNIT2_act,
ScnRT,AMADEUS1_UNIT1,,,,AMADEUS1_UNIT1_act,
ScnRT,AMADEUS1_UNIT2,,,,AMADEUS1_UNIT2_act,
ScnRT,AMADEUS2_UNIT3,,,,AMADEUS2_UNIT3_act,
ScnRT,ANACACHO_ANA,,,,ANACACHO_ANA_act,
ScnRT,ANCHOR_WIND1,,,,ANCHOR_WIND1_act,
ScnRT,ANCHOR_WIND2,,,,ANCHOR_WIND2_act,
ScnRT,ANCHOR_WIND3,,,,ANCHOR_WIND3_act,
ScnRT,ANCHOR_WIND4,,,,ANCHOR_WIND4_act,
ScnRT,ANCHOR_WIND5,,,,ANCHOR_WIND5_act,
ScnRT,ANDMDSLR_UNIT1,,,,ANDMDSLR_UNIT1_act,
ScnRT,ANDMDSLR_UNIT2,,,,ANDMDSLR_UNIT2_act,
ScnRT,ANG_SLR_UNIT1,,,,ANG_SLR_UNIT1_act,
ScnRT,ANSON1_UNIT1,,,,ANSON1_UNIT1_act,
ScnRT,ANSON1_UNIT2,,,,ANSON1_UNIT2_act,
ScnRT,ANSON2_UNIT1,,,,ANSON2_UNIT1_act,
ScnRT,APOGEE_UNIT1,,,,APOGEE_UNIT1_act,
ScnRT,APOGEE_UNIT2,,,,APOGEE_UNIT2_act,
ScnRT,APOGEE_UNIT3,,,,APOGEE_UNIT3_act,
ScnRT,APOGEE_UNIT4,,,,APOGEE_UNIT4_act,
ScnRT,APOGEE_UNIT5,,,,APOGEE_UNIT5_act,
ScnRT,APOGEE_UNIT6,,,,APOGEE_UNIT6_act,
ScnRT,APOGEE_UNIT7,,,,APOGEE_UNIT7_act,
ScnRT,APPALOSA_UNIT1,,,,APPALOSA_UNIT1_act,
ScnRT,APPALOSA_UNIT2,,,,APPALOSA_UNIT2_act,
ScnRT,AQUILLA_U1_23,,,,AQUILLA_U1_23_act,
ScnRT,AQUILLA_U1_28,,,,AQUILLA_U1_28_act,
ScnRT,AQUILLA_U2_23,,,,AQUILLA_U2_23_act,
ScnRT,AQUILLA_U2_28,,,,AQUILLA_U2_28_act,
ScnRT,ARAGORN_UNIT1,,,,ARAGORN_UNIT1_act,
ScnRT,ASCK_SLR_SOLAR1,,,,ASCK_SLR_SOLAR1_act,
ScnRT,ASCK_SLR_SOLAR2,,,,ASCK_SLR_SOLAR2_act,
ScnRT,ASTRA_UNIT1,,,,ASTRA_UNIT1_act,
ScnRT,AURO_SLR_UNIT1,,,,AURO_SLR_UNIT1_act,
ScnRT,AVIATOR_UNIT1,,,,AVIATOR_UNIT1_act,
ScnRT,AVIATOR_UNIT2,,,,AVIATOR_UNIT2_act,
ScnRT,AZSP_SLR_SOLAR1,,,,AZSP_SLR_SOLAR1_act,
ScnRT,AZURE_SOLAR1,,,,AZURE_SOLAR1_act,
ScnRT,AZURE_SOLAR2,,,,AZURE_SOLAR2_act,
ScnRT,BAFFIN_UNIT1,,,,BAFFIN_UNIT1_act,
ScnRT,BAFFIN_UNIT2,,,,BAFFIN_UNIT2_act,
ScnRT,BAIRDWND_UNIT1,,,,BAIRDWND_UNIT1_act,
ScnRT,BAIRDWND_UNIT2,,,,BAIRDWND_UNIT2_act,
ScnRT,BAKE_SLR_UNIT1,,,,BAKE_SLR_UNIT1_act,
ScnRT,BAKE_SLR_UNIT2,,,,BAKE_SLR_UNIT2_act,
ScnRT,BARROW_UNIT1,,,,BARROW_UNIT1_act,
ScnRT,BARROW_UNIT2,,,,BARROW_UNIT2_act,
ScnRT,BART_SLR_SOLAR1,,,,BART_SLR_SOLAR1_act,
ScnRT,BBREEZE_UNIT1,,,,BBREEZE_UNIT1_act,
ScnRT,BBREEZE_UNIT2,,,,BBREEZE_UNIT2_act,
ScnRT,BCATWIND_WIND_1,,,,BCATWIND_WIND_1_act,
ScnRT,BCK_UNIT1,,,,BCK_UNIT1_act,
ScnRT,BCK_UNIT2,,,,BCK_UNIT2_act,
ScnRT,BELM_SLR_UNIT1,,,,BELM_SLR_UNIT1_act,
ScnRT,BIGSAMWD_UNIT1,,,,BIGSAMWD_UNIT1_act,
ScnRT,BIGSAMWD_UNIT2,,,,BIGSAMWD_UNIT2_act,
ScnRT,BIG_STAR_UNIT1,,,,BIG_STAR_UNIT1_act,
ScnRT,BIG_STAR_UNIT2,,,,BIG_STAR_UNIT2_act,
ScnRT,BLACKJAK_UNIT1,,,,BLACKJAK_UNIT1_act,
ScnRT,BLACKJAK_UNIT2,,,,BLACKJAK_UNIT2_act,
ScnRT,BLSUMIT3_UNIT_17,,,,BLSUMIT3_UNIT_17_act,
ScnRT,BLSUMIT3_UNIT_25,,,,BLSUMIT3_UNIT_25_act,
ScnRT,BLSUMMIT_BLSMT1_5,,,,BLSUMMIT_BLSMT1_5_act,
ScnRT,BLSUMMIT_BLSMT1_6,,,,BLSUMMIT_BLSMT1_6_act,
ScnRT,BLSUMMIT_UNIT2_17,,,,BLSUMMIT_UNIT2_17_act,
ScnRT,BLSUMMIT_UNIT2_25,,,,BLSUMMIT_UNIT2_25_act,
ScnRT,BLUEJAY_UNIT1,,,,BLUEJAY_UNIT1_act,
ScnRT,BLUEJAY_UNIT2,,,,BLUEJAY_UNIT2_act,
ScnRT,BLVN_SLR_SOLAR2,,,,BLVN_SLR_SOLAR2_act,
ScnRT,BLVN_SLR_SOLAR3,,,,BLVN_SLR_SOLAR3_act,
ScnRT,BOARDCRK_UNIT1,,,,BOARDCRK_UNIT1_act,
ScnRT,BOARDCRK_UNIT2,,,,BOARDCRK_UNIT2_act,
ScnRT,BOOTLEG_UNIT1,,,,BOOTLEG_UNIT1_act,
ScnRT,BORDAS2_JAVEL2_A,,,,BORDAS2_JAVEL2_A_act,
ScnRT,BORDAS2_JAVEL2_B,,,,BORDAS2_JAVEL2_B_act,
ScnRT,BORDAS2_JAVEL2_C,,,,BORDAS2_JAVEL2_C_act,
ScnRT,BORDAS_JAVEL18,,,,BORDAS_JAVEL18_act,
ScnRT,BORDAS_JAVEL20,,,,BORDAS_JAVEL20_act,
ScnRT,BRAZ_WND_WND1,,,,BRAZ_WND_WND1_act,
ScnRT,BRAZ_WND_WND2,,,,BRAZ_WND_WND2_act,
ScnRT,BRIGHTSD_UNIT1,,,,BRIGHTSD_UNIT1_act,
ScnRT,BRISCOE_WIND,,,,BRISCOE_WIND_act,
ScnRT,BRTSW_BCW1,,,,BRTSW_BCW1_act,
ScnRT,BR_ARROW_UNIT1,,,,BR_ARROW_UNIT1_act,
ScnRT,BR_ARROW_UNIT2,,,,BR_ARROW_UNIT2_act,
ScnRT,BUCKTHRN_UNIT1,,,,BUCKTHRN_UNIT1_act,
ScnRT,BUCKTHRN_UNIT2,,,,BUCKTHRN_UNIT2_act,
ScnRT,BULLCRK_WND1,,,,BULLCRK_WND1_act,
ScnRT,BULLCRK_WND2,,,,BULLCRK_WND2_act,
ScnRT,BUZI_SLR_UNIT1,,,,BUZI_SLR_UNIT1_act,
ScnRT,BUZI_SLR_UNIT2,,,,BUZI_SLR_UNIT2_act,
ScnRT,BUZI_SLR_UNIT3,,,,BUZI_SLR_UNIT3_act,
ScnRT,BUZI_SLR_UNIT4,,,,BUZI_SLR_UNIT4_act,
ScnRT,BYNM_SLR_SOLAR1,,,,BYNM_SLR_SOLAR1_act,
ScnRT,CABEZON_WIND1,,,,CABEZON_WIND1_act,
ScnRT,CABEZON_WIND2,,,,CABEZON_WIND2_act,
ScnRT,CAMWIND_UNIT1,,,,CAMWIND_UNIT1_act,
ScnRT,CANYONWD_UNIT1,,,,CANYONWD_UNIT1_act,
ScnRT,CANYONWD_UNIT2,,,,CANYONWD_UNIT2_act,
ScnRT,CANYONWD_UNIT3,,,,CANYONWD_UNIT3_act,
ScnRT,CANYONWD_UNIT4,,,,CANYONWD_UNIT4_act,
ScnRT,CANYONWD_UNIT5,,,,CANYONWD_UNIT5_act,
ScnRT,CANYONWD_UNIT6,,,,CANYONWD_UNIT6_act,
ScnRT,CAPRIDG4_BB2_PV1,,,,CAPRIDG4_BB2_PV1_act,
ScnRT,CAPRIDG4_BB2_PV2,,,,CAPRIDG4_BB2_PV2_act,
ScnRT,CAPRIDG4_BB_PV,,,,CAPRIDG4_BB_PV_act,
ScnRT,CAPRIDG4_CR4,,,,CAPRIDG4_CR4_act,
ScnRT,CAPRIDGE_CR1,,,,CAPRIDGE_CR1_act,
ScnRT,CAPRIDGE_CR2,,,,CAPRIDGE_CR2_act,
ScnRT,CAPRIDGE_CR3,,,,CAPRIDGE_CR3_act,
ScnRT,CASL_GAP_UNIT1,,,,CASL_GAP_UNIT1_act,
ScnRT,CEDROHIL_CHW1,,,,CEDROHIL_CHW1_act,
ScnRT,CEDROHIL_CHW2,,,,CEDROHIL_CHW2_act,
ScnRT,CFLATS_U1,,,,CFLATS_U1_act,
ScnRT,CHALUPA_UNIT1,,,,CHALUPA_UNIT1_act,
ScnRT,CHALUPA_UNIT2,,,,CHALUPA_UNIT2_act,
ScnRT,CHAL_SLR_SOLAR1,,,,CHAL_SLR_SOLAR1_act,
ScnRT,CHAMPION_UNIT1,,,,CHAMPION_UNIT1_act,
ScnRT,CHAMPION_UNIT2,,,,CHAMPION_UNIT2_act,
ScnRT,CHAMPION_UNIT3,,,,CHAMPION_UNIT3_act,
ScnRT,CHIL_SLR_SOLAR1,,,,CHIL_SLR_SOLAR1_act,
ScnRT,CHIL_SLR_SOLAR2,,,,CHIL_SLR_SOLAR2_act,
ScnRT,CMPD_SLR_SOLAR1,,,,CMPD_SLR_SOLAR1_act,
ScnRT,CMPD_SLR_SOLAR2,,,,CMPD_SLR_SOLAR2_act,
ScnRT,CN_BRKS_UNIT_1,,,,CN_BRKS_UNIT_1_act,
ScnRT,CONIGLIO_UNIT1,,,,CONIGLIO_UNIT1_act,
ScnRT,CORALSLR_SOLAR1,,,,CORALSLR_SOLAR1_act,
ScnRT,CORALSLR_SOLAR2,,,,CORALSLR_SOLAR2_act,
ScnRT,CORAZON_UNIT1,,,,CORAZON_UNIT1_act,
ScnRT,COTPLNS_COTTONPL,,,,COTPLNS_COTTONPL_act,
ScnRT,COTPLNS_OLDSETLR,,,,COTPLNS_OLDSETLR_act,
ScnRT,COTTON_PAP2,,,,COTTON_PAP2_act,
ScnRT,COYOTE_W_UNIT1,,,,COYOTE_W_UNIT1_act,
ScnRT,COYOTE_W_UNIT2,,,,COYOTE_W_UNIT2_act,
ScnRT,COYOTE_W_UNIT3,,,,COYOTE_W_UNIT3_act,
ScnRT,CRANELL_UNIT1,,,,CRANELL_UNIT1_act,
ScnRT,CRAWFISH_UNIT1,,,,CRAWFISH_UNIT1_act,
ScnRT,CRWN_SLR_UNIT1,,,,CRWN_SLR_UNIT1_act,
ScnRT,CSEC_CSECG1,,,,CSEC_CSECG1_act,
ScnRT,CSEC_CSECG2,,,,CSEC_CSECG2_act,
ScnRT,CST1_SLR_SOLAR1,,,,CST1_SLR_SOLAR1_act,
ScnRT,CTW_SOLAR1,,,,CTW_SOLAR1_act,
ScnRT,CTW_SOLAR2,,,,CTW_SOLAR2_act,
ScnRT,DAG_UNIT1,,,,DAG_UNIT1_act,
ScnRT,DAG_UNIT2,,,,DAG_UNIT2_act,
ScnRT,DAN_UNIT1,,,,DAN_UNIT1_act,
ScnRT,DAN_UNIT2,,,,DAN_UNIT2_act,
ScnRT,DAN_UNIT3,,,,DAN_UNIT3_act,
ScnRT,DELILA_1_G1,,,,DELILA_1_G1_act,
ScnRT,DELILA_1_G2,,,,DELILA_1_G2_act,
ScnRT,DELILA_2_G1,,,,DELILA_2_G1_act,
ScnRT,DELILA_2_G2,,,,DELILA_2_G2_act,
ScnRT,DELILA_2_G3,,,,DELILA_2_G3_act,
ScnRT,DERMOTT_UNIT1,,,,DERMOTT_UNIT1_act,
ScnRT,DERMOTT_UNIT2,,,,DERMOTT_UNIT2_act,
ScnRT,DEWOLF_UNIT1,,,,DEWOLF_UNIT1_act,
ScnRT,DIGBY_UNIT1,,,,DIGBY_UNIT1_act,
ScnRT,DIGBY_UNIT2,,,,DIGBY_UNIT2_act,
ScnRT,DILEOSLR_UNIT1,,,,DILEOSLR_UNIT1_act,
ScnRT,DIVR_SLR_SOLAR1,,,,DIVR_SLR_SOLAR1_act,
ScnRT,DIVR_SLR_SOLAR2,,,,DIVR_SLR_SOLAR2_act,
ScnRT,DMA_SOLAR1,,,,DMA_SOLAR1_act,
ScnRT,DORA_SLR_SOLAR1,,,,DORA_SLR_SOLAR1_act,
ScnRT,DORA_SLR_SOLAR2,,,,DORA_SLR_SOLAR2_act,
ScnRT,DRCK_SLR_SOLAR1,,,,DRCK_SLR_SOLAR1_act,
ScnRT,DSKYWND1_UNIT_1A,,,,DSKYWND1_UNIT_1A_act,
ScnRT,DSKYWND1_UNIT_1B,,,,DSKYWND1_UNIT_1B_act,
ScnRT,DSKYWND2_UNIT_2A,,,,DSKYWND2_UNIT_2A_act,
ScnRT,DSKYWND2_UNIT_2B,,,,DSKYWND2_UNIT_2B_act,
ScnRT,EBELLSL2_UNIT1,,,,EBELLSL2_UNIT1_act,
ScnRT,EBELLSLR_UNIT1,,,,EBELLSLR_UNIT1_act,
ScnRT,ECLIPSE_UNIT1,,,,ECLIPSE_UNIT1_act,
ScnRT,EGROVESL_UNIT1,,,,EGROVESL_UNIT1_act,
ScnRT,EIFSLR_UNIT1,,,,EIFSLR_UNIT1_act,
ScnRT,ELARA_SL_UNIT1,,,,ELARA_SL_UNIT1_act,
ScnRT,ELB_ELBCREEK,,,,ELB_ELBCREEK_act,
ScnRT,ELLISSLR_UNIT1,,,,ELLISSLR_UNIT1_act,
ScnRT,ELSAUZ_UNIT1,,,,ELSAUZ_UNIT1_act,
ScnRT,ELSAUZ_UNIT2,,,,ELSAUZ_UNIT2_act,
ScnRT,ELZA_SLR_SOLAR1,,,,ELZA_SLR_SOLAR1_act,
ScnRT,EL_RAYO_UNIT1,,,,EL_RAYO_UNIT1_act,
ScnRT,EL_RAYO_UNIT2,,,,EL_RAYO_UNIT2_act,
ScnRT,ESTONIAN_SOLAR1,,,,ESTONIAN_SOLAR1_act,
ScnRT,ESTONIAN_SOLAR2,,,,ESTONIAN_SOLAR2_act,
ScnRT,EUNICE_PV1,,,,EUNICE_PV1_act,
ScnRT,EUNICE_PV2,,,,EUNICE_PV2_act,
ScnRT,EXGNSND_WIND_1,,,,EXGNSND_WIND_1_act,
ScnRT,EXGNWTL_WIND_1,,,,EXGNWTL_WIND_1_act,
ScnRT,E_BLACK_UNIT_1,,,,E_BLACK_UNIT_1_act,
ScnRT,FAGUSSLR_UNIT2,,,,FAGUSSLR_UNIT2_act,
ScnRT,FAGUSSLR_UNIT3,,,,FAGUSSLR_UNIT3_act,
ScnRT,FENCESLR_SOLAR1,,,,FENCESLR_SOLAR1_act,
ScnRT,FENCESLR_SOLAR2,,,,FENCESLR_SOLAR2_act,
ScnRT,FERMI_WIND1,,,,FERMI_WIND1_act,
ScnRT,FERMI_WIND2,,,,FERMI_WIND2_act,
ScnRT,FILESSLR_PV1,,,,FILESSLR_PV1_act,
ScnRT,FIVEWSLR_UNIT1,,,,FIVEWSLR_UNIT1_act,
ScnRT,FIVEWSLR_UNIT2,,,,FIVEWSLR_UNIT2_act,
ScnRT,FLTCK_SSI,,,,FLTCK_SSI_act,
ScnRT,FLUVANNA_UNIT1,,,,FLUVANNA_UNIT1_act,
ScnRT,FLUVANNA_UNIT2,,,,FLUVANNA_UNIT2_act,
ScnRT,FOARDCTY_UNIT1,,,,FOARDCTY_UNIT1_act,
ScnRT,FOARDCTY_UNIT2,,,,FOARDCTY_UNIT2_act,
ScnRT,FOXTROT_UNIT1,,,,FOXTROT_UNIT1_act,
ScnRT,FOXTROT_UNIT2,,,,FOXTROT_UNIT2_act,
ScnRT,FOXTROT_UNIT3,,,,FOXTROT_UNIT3_act,
ScnRT,FRYE_SLR_UNIT1,,,,FRYE_SLR_UNIT1_act,
ScnRT,FRYE_SLR_UNIT2,,,,FRYE_SLR_UNIT2_act,
ScnRT,FTWIND_UNIT_1,,,,FTWIND_UNIT_1_act,
ScnRT,FWLR_SLR_UNIT1,,,,FWLR_SLR_UNIT1_act,
ScnRT,GAIA_SLR_SOLAR1,,,,GAIA_SLR_SOLAR1_act,
ScnRT,GALLOWAY_SOLAR1,,,,GALLOWAY_SOLAR1_act,
ScnRT,GALLOWAY_SOLAR2,,,,GALLOWAY_SOLAR2_act,
ScnRT,GODY_SLR_SOLAR1,,,,GODY_SLR_SOLAR1_act,
ScnRT,GODY_SLR_SOLAR2,,,,GODY_SLR_SOLAR2_act,
ScnRT,GOLINDA_UNIT1,,,,GOLINDA_UNIT1_act,
ScnRT,GOODNIT1_UNIT1,,,,GOODNIT1_UNIT1_act,
ScnRT,GOODNIT1_UNIT2,,,,GOODNIT1_UNIT2_act,
ScnRT,GOPHER_UNIT1,,,,GOPHER_UNIT1_act,
ScnRT,GOPHER_UNIT2,,,,GOPHER_UNIT2_act,
ScnRT,GPASTURE_WIND_I,,,,GPASTURE_WIND_I_act,
ScnRT,GRANDVW1_COLA,,,,GRANDVW1_COLA_act,
ScnRT,GRANDVW1_COLB,,,,GRANDVW1_COLB_act,
ScnRT,GRANDVW1_GV1A,,,,GRANDVW1_GV1A_act,
ScnRT,GRANDVW1_GV1B,,,,GRANDVW1_GV1B_act,
ScnRT,GRAN_SLR_UNIT1,,,,GRAN_SLR_UNIT1_act,
ScnRT,GREASWOD_UNIT1,,,,GREASWOD_UNIT1_act,
ScnRT,GREASWOD_UNIT2,,,,GREASWOD_UNIT2_act,
ScnRT,GRIF_TRL_UNIT1,,,,GRIF_TRL_UNIT1_act,
ScnRT,GRIF_TRL_UNIT2,,,,GRIF_TRL_UNIT2_act,
ScnRT,GRIM_SLR_UNIT1,,,,GRIM_SLR_UNIT1_act,
ScnRT,GRIM_SLR_UNIT2,,,,GRIM_SLR_UNIT2_act,
ScnRT,GRIM_SLR_UNIT3,,,,GRIM_SLR_UNIT3_act,
ScnRT,GRYH_SLR_SOLAR1,,,,GRYH_SLR_SOLAR1_act,
ScnRT,GRYH_SLR_SOLAR2,,,,GRYH_SLR_SOLAR2_act,
ScnRT,GRYH_SLR_SOLAR3,,,,GRYH_SLR_SOLAR3_act,
ScnRT,GRYH_SLR_SOLAR4,,,,GRYH_SLR_SOLAR4_act,
ScnRT,GRYH_SLR_SOLAR5,,,,GRYH_SLR_SOLAR5_act,
ScnRT,GRYH_SLR_SOLAR6,,,,GRYH_SLR_SOLAR6_act,
ScnRT,GRYH_SLR_SOLAR7,,,,GRYH_SLR_SOLAR7_act,
ScnRT,GRYH_SLR_SOLAR8,,,,GRYH_SLR_SOLAR8_act,
ScnRT,GUNMTN_G1,,,,GUNMTN_G1_act,
ScnRT,GWEC_GWEC_G1,,,,GWEC_GWEC_G1_act,
ScnRT,HALO_SLR_UNIT1,,,,HALO_SLR_UNIT1_act,
ScnRT,HARALD_UNIT1,,,,HARALD_UNIT1_act,
ScnRT,HART_WND_UNIT1,,,,HART_WND_UNIT1_act,
ScnRT,HELIOS_UNIT1,,,,HELIOS_UNIT1_act,
ScnRT,HHGT_CALLAHAN,,,,HHGT_CALLAHAN_act,
ScnRT,HHGT_HHOLLOW1,,,,HHGT_HHOLLOW1_act,
ScnRT,HHGT_HHOLLOW2,,,,HHGT_HHOLLOW2_act,
ScnRT,HHGT_HHOLLOW3,,,,HHGT_HHOLLOW3_act,
ScnRT,HHGT_HHOLLOW4,,,,HHGT_HHOLLOW4_act,
ScnRT,HICKMAN_G1_J01,,,,HICKMAN_G1_J01_act,
ScnRT,HICKMAN_G1_J02,,,,HICKMAN_G1_J02_act,
ScnRT,HICKMAN_G2_J01,,,,HICKMAN_G2_J01_act,
ScnRT,HICKMAN_G2_J02,,,,HICKMAN_G2_J02_act,
ScnRT,HI_LONE_WGR1A,,,,HI_LONE_WGR1A_act,
ScnRT,HI_LONE_WGR1B,,,,HI_LONE_WGR1B_act,
ScnRT,HI_LONE_WGR1C,,,,HI_LONE_WGR1C_act,
ScnRT,HI_LONE_WGR2,,,,HI_LONE_WGR2_act,
ScnRT,HI_LONE_WGR2A,,,,HI_LONE_WGR2A_act,
ScnRT,HI_LONE_WGR3,,,,HI_LONE_WGR3_act,
ScnRT,HI_LONE_WGR4,,,,HI_LONE_WGR4_act,
ScnRT,HKSN_SLR_UNIT1,,,,HKSN_SLR_UNIT1_act,
ScnRT,HKSN_SLR_UNIT2,,,,HKSN_SLR_UNIT2_act,
ScnRT,HKSN_SLR_UNIT3,,,,HKSN_SLR_UNIT3_act,
ScnRT,HOLSTEIN_SOLAR1,,,,HOLSTEIN_SOLAR1_act,
ScnRT,HOLSTEIN_SOLAR2,,,,HOLSTEIN_SOLAR2_act,
ScnRT,HOL_UNIT1,,,,HOL_UNIT1_act,
ScnRT,HOL_UNIT2,,,,HOL_UNIT2_act,
ScnRT,HOPKNSLR_UNIT1,,,,HOPKNSLR_UNIT1_act,
ScnRT,HOPKNSLR_UNIT2,,,,HOPKNSLR_UNIT2_act,
ScnRT,HORSECRK_UNIT1,,,,HORSECRK_UNIT1_act,
ScnRT,HORSECRK_UNIT2,,,,HORSECRK_UNIT2_act,
ScnRT,HOVEY_UNIT1,,,,HOVEY_UNIT1_act,
ScnRT,HOVEY_UNIT2,,,,HOVEY_UNIT2_act,
ScnRT,HRFDWIND_JRDWIND1,,,,HRFDWIND_JRDWIND1_act,
ScnRT,HRFDWIND_JRDWIND2,,,,HRFDWIND_JRDWIND2_act,
ScnRT,HRFDWIND_WIND_G,,,,HRFDWIND_WIND_G_act,
ScnRT,HRFDWIND_WIND_V,,,,HRFDWIND_WIND_V_act,
ScnRT,HRMS_SLR_UNIT1,,,,HRMS_SLR_UNIT1_act,
ScnRT,HRNT_SLR_UNIT1,,,,HRNT_SLR_UNIT1_act,
ScnRT,HRNT_SLR_UNIT2,,,,HRNT_SLR_UNIT2_act,
ScnRT,HRNT_SLR_UNIT3,,,,HRNT_SLR_UNIT3_act,
ScnRT,HRZN_SLR_UNIT1,,,,HRZN_SLR_UNIT1_act,
ScnRT,HWF_HWFG1,,,,HWF_HWFG1_act,
ScnRT,IMPACT_UNIT1,,,,IMPACT_UNIT1_act,
ScnRT,INDL_INADALE1,,,,INDL_INADALE1_act,
ScnRT,INDL_INADALE2,,,,INDL_INADALE2_act,
ScnRT,INDNNWP_INDNNWP2,,,,INDNNWP_INDNNWP2_act,
ScnRT,INRT_W_UNIT1,,,,INRT_W_UNIT1_act,
ScnRT,INRT_W_UNIT2,,,,INRT_W_UNIT2_act,
ScnRT,INRT_W_UNIT3,,,,INRT_W_UNIT3_act,
ScnRT,JADE_SLR_UNIT1,,,,JADE_SLR_UNIT1_act,
ScnRT,JADE_SLR_UNIT2,,,,JADE_SLR_UNIT2_act,
ScnRT,JAY_UNIT1,,,,JAY_UNIT1_act,
ScnRT,JAY_UNIT2,,,,JAY_UNIT2_act,
ScnRT,JKLP_SLR_PV1,,,,JKLP_SLR_PV1_act,
ScnRT,JKLP_SLR_PV2,,,,JKLP_SLR_PV2_act,
ScnRT,JUNG_SLR_UNIT1,,,,JUNG_SLR_UNIT1_act,
ScnRT,JUNO_UNIT1,,,,JUNO_UNIT1_act,
ScnRT,JUNO_UNIT2,,,,JUNO_UNIT2_act,
ScnRT,KARAKAW1_UNIT1,,,,KARAKAW1_UNIT1_act,
ScnRT,KARAKAW1_UNIT2,,,,KARAKAW1_UNIT2_act,
ScnRT,KARAKAW2_UNIT3,,,,KARAKAW2_UNIT3_act,
ScnRT,KEECHI_U1,,,,KEECHI_U1_act,
ScnRT,KELAM_SL_UNIT1,,,,KELAM_SL_UNIT1_act,
ScnRT,KEO_SHRBINO2,,,,KEO_SHRBINO2_act,
ScnRT,KING_NE_KINGNE,,,,KING_NE_KINGNE_act,
ScnRT,KING_NW_KINGNW,,,,KING_NW_KINGNW_act,
ScnRT,LACASAWD_UNIT1,,,,LACASAWD_UNIT1_act,
ScnRT,LACASAWD_UNIT2,,,,LACASAWD_UNIT2_act,
ScnRT,LACASAWD_UNIT3,,,,LACASAWD_UNIT3_act,
ScnRT,LACY_CRK_UNIT1,,,,LACY_CRK_UNIT1_act,
ScnRT,LACY_CRK_UNIT2,,,,LACY_CRK_UNIT2_act,
ScnRT,LACY_CRK_UNIT3,,,,LACY_CRK_UNIT3_act,
ScnRT,LACY_CRK_UNIT4,,,,LACY_CRK_UNIT4_act,
ScnRT,LAPETUS_UNIT_1,,,,LAPETUS_UNIT_1_act,
ScnRT,LASSO_UNIT1,,,,LASSO_UNIT1_act,
ScnRT,LEON_SLR_UNIT1,,,,LEON_SLR_UNIT1_act,
ScnRT,LEON_SLR_UNIT2,,,,LEON_SLR_UNIT2_act,
ScnRT,LGDRAW_S_UNIT1_1,,,,LGDRAW_S_UNIT1_1_act,
ScnRT,LGDRAW_S_UNIT1_2,,,,LGDRAW_S_UNIT1_2_act,
ScnRT,LGD_LANGFORD,,,,LGD_LANGFORD_act,
ScnRT,LGW_UNIT1,,,,LGW_UNIT1_act,
ScnRT,LGW_UNIT2,,,,LGW_UNIT2_act,
ScnRT,LHORN_N_UNIT1,,,,LHORN_N_UNIT1_act,
ScnRT,LHORN_N_UNIT2,,,,LHORN_N_UNIT2_act,
ScnRT,LILY_SOLAR1,,,,LILY_SOLAR1_act,
ScnRT,LMAJADAS_UNIT1,,,,LMAJADAS_UNIT1_act,
ScnRT,LMAJADAS_UNIT2,,,,LMAJADAS_UNIT2_act,
ScnRT,LMAJADAS_UNIT3,,,,LMAJADAS_UNIT3_act,
ScnRT,LMESASLR_IVORY,,,,LMESASLR_IVORY_act,
ScnRT,LMESASLR_UNIT1,,,,LMESASLR_UNIT1_act,
ScnRT,LNCRK2_G871,,,,LNCRK2_G871_act,
ScnRT,LNCRK2_G872,,,,LNCRK2_G872_act,
ScnRT,LNCRK_G83,,,,LNCRK_G83_act,
ScnRT,LNP_SOLAR1,,,,LNP_SOLAR1_act,
ScnRT,LOCKETT_UNIT1,,,,LOCKETT_UNIT1_act,
ScnRT,LONEWOLF_G1,,,,LONEWOLF_G1_act,
ScnRT,LONEWOLF_G2,,,,LONEWOLF_G2_act,
ScnRT,LONEWOLF_G3,,,,LONEWOLF_G3_act,
ScnRT,LONEWOLF_G4,,,,LONEWOLF_G4_act,
ScnRT,LON_SOLAR1,,,,LON_SOLAR1_act,
ScnRT,LV1_LV1A,,,,LV1_LV1A_act,
ScnRT,LV2_LV2,,,,LV2_LV2_act,
ScnRT,LV3_UNIT_1,,,,LV3_UNIT_1_act,
ScnRT,LV4_UNIT_1,,,,LV4_UNIT_1_act,
ScnRT,LV5_UNIT_1,,,,LV5_UNIT_1_act,
ScnRT,MAG_UNIT1,,,,MAG_UNIT1_act,
ScnRT,MAG_UNIT2,,,,MAG_UNIT2_act,
ScnRT,MAND_SLR_UNIT1,,,,MAND_SLR_UNIT1_act,
ScnRT,MARIAH_NORTE1,,,,MARIAH_NORTE1_act,
ScnRT,MARIAH_NORTE2,,,,MARIAH_NORTE2_act,
ScnRT,MARYNEAL_UNIT1,,,,MARYNEAL_UNIT1_act,
ScnRT,MAVCRK_E_UNIT5,,,,MAVCRK_E_UNIT5_act,
ScnRT,MAVCRK_E_UNIT6,,,,MAVCRK_E_UNIT6_act,
ScnRT,MAVCRK_E_UNIT7,,,,MAVCRK_E_UNIT7_act,
ScnRT,MAVCRK_E_UNIT8,,,,MAVCRK_E_UNIT8_act,
ScnRT,MAVCRK_E_UNIT9,,,,MAVCRK_E_UNIT9_act,
ScnRT,MAVCRK_W_UNIT1,,,,MAVCRK_W_UNIT1_act,
ScnRT,MAVCRK_W_UNIT2,,,,MAVCRK_W_UNIT2_act,
ScnRT,MAVCRK_W_UNIT3,,,,MAVCRK_W_UNIT3_act,
ScnRT,MAVCRK_W_UNIT4,,,,MAVCRK_W_UNIT4_act,
ScnRT,MCDLD_FCW1,,,,MCDLD_FCW1_act,
ScnRT,MCDLD_SB1_2,,,,MCDLD_SB1_2_act,
ScnRT,MCDLD_SB3_282,,,,MCDLD_SB3_282_act,
ScnRT,MCDLD_SB4_G87,,,,MCDLD_SB4_G87_act,
ScnRT,MCLNSLR_UNIT1,,,,MCLNSLR_UNIT1_act,
ScnRT,MERCURY_PV1,,,,MERCURY_PV1_act,
ScnRT,MERCURY_PV2,,,,MERCURY_PV2_act,
ScnRT,MESQCRK_WND1,,,,MESQCRK_WND1_act,
ScnRT,MESQCRK_WND2,,,,MESQCRK_WND2_act,
ScnRT,MESTENO_UNIT_1,,,,MESTENO_UNIT_1_act,
ScnRT,MIAM1_G1,,,,MIAM1_G1_act,
ScnRT,MIAM1_G2,,,,MIAM1_G2_act,
ScnRT,MIDP_SLR_SOLAR1,,,,MIDP_SLR_SOLAR1_act,
ScnRT,MIDWIND_UNIT1,,,,MIDWIND_UNIT1_act,
ScnRT,MIRASOLE_MIR11,,,,MIRASOLE_MIR11_act,
ScnRT,MIRASOLE_MIR12,,,,MIRASOLE_MIR12_act,
ScnRT,MIRASOLE_MIR13,,,,MIRASOLE_MIR13_act,
ScnRT,MIRASOLE_MIR21,,,,MIRASOLE_MIR21_act,
ScnRT,MISAE_UNIT1,,,,MISAE_UNIT1_act,
ScnRT,MISAE_UNIT2,,,,MISAE_UNIT2_act,
ScnRT,MLB_SLR_SOLAR1,,,,MLB_SLR_SOLAR1_act,
ScnRT,MLB_SLR_SOLAR2,,,,MLB_SLR_SOLAR2_act,
ScnRT,MONTECR1_WIND1,,,,MONTECR1_WIND1_act,
ScnRT,MONT_WND_UNIT1,,,,MONT_WND_UNIT1_act,
ScnRT,MONT_WND_UNIT2,,,,MONT_WND_UNIT2_act,
ScnRT,MOZART_WIND_1,,,,MOZART_WIND_1_act,
ScnRT,MRKM_SLR_PV1,,,,MRKM_SLR_PV1_act,
ScnRT,MROW_SLR_SOLAR1,,,,MROW_SLR_SOLAR1_act,
ScnRT,MUSTNGCK_SOLAR1,,,,MUSTNGCK_SOLAR1_act,
ScnRT,MUSTNGCK_SOLAR2,,,,MUSTNGCK_SOLAR2_act,
ScnRT,MWEC_G1,,,,MWEC_G1_act,
ScnRT,MYR_UNIT1,,,,MYR_UNIT1_act,
ScnRT,MYR_UNIT2,,,,MYR_UNIT2_act,
ScnRT,NBOHR_UNIT1,,,,NBOHR_UNIT1_act,
ScnRT,NEBULA_UNIT1,,,,NEBULA_UNIT1_act,
ScnRT,NOBLESLR_SOLAR1,,,,NOBLESLR_SOLAR1_act,
ScnRT,NOBLESLR_SOLAR2,,,,NOBLESLR_SOLAR2_act,
ScnRT,NOVA1SLR_UNIT1,,,,NOVA1SLR_UNIT1_act,
ScnRT,NOVA1SLR_UNIT2,,,,NOVA1SLR_UNIT2_act,
ScnRT,NOVA2SLR_UNIT1,,,,NOVA2SLR_UNIT1_act,
ScnRT,NRTN_SLR_SOLAR1,,,,NRTN_SLR_SOLAR1_act,
ScnRT,NWF_NWF1,,,,NWF_NWF1_act,
ScnRT,NWF_NWF2,,,,NWF_NWF2_act,
ScnRT,OBERON_UNIT_1_J01,,,,OBERON_UNIT_1_J01_act,
ScnRT,OBERON_UNIT_1_J02,,,,OBERON_UNIT_1_J02_act,
ScnRT,OCI_ALM1_UNIT1,,,,OCI_ALM1_UNIT1_act,
ScnRT,OGS_SLR_UNIT1,,,,OGS_SLR_UNIT1_act,
ScnRT,ORIANA_UNIT1,,,,ORIANA_UNIT1_act,
ScnRT,OUTP_SLR_UNIT1,,,,OUTP_SLR_UNIT1_act,
ScnRT,OUTP_SLR_UNIT2,,,,OUTP_SLR_UNIT2_act,
ScnRT,OVEJA_G1,,,,OVEJA_G1_act,
ScnRT,OVEJA_G2,,,,OVEJA_G2_act,
ScnRT,OWF_OWF,,,,OWF_OWF_act,
ScnRT,PALMWIND_UNIT1,,,,PALMWIND_UNIT1_act,
ScnRT,PAP1_PAP1,,,,PAP1_PAP1_act,
ScnRT,PAR_UNIT1,,,,PAR_UNIT1_act,
ScnRT,PAR_UNIT2,,,,PAR_UNIT2_act,
ScnRT,PCT_UNIT1,,,,PCT_UNIT1_act,
ScnRT,PC_NORTH_PANTHER1,,,,PC_NORTH_PANTHER1_act,
ScnRT,PC_SOUTH_PANTH31,,,,PC_SOUTH_PANTH31_act,
ScnRT,PC_SOUTH_PANTH32,,,,PC_SOUTH_PANTH32_act,
ScnRT,PC_SOUTH_PANTHER2,,,,PC_SOUTH_PANTHER2_act,
ScnRT,PENA3_UNIT3_J01,,,,PENA3_UNIT3_J01_act,
ScnRT,PENA3_UNIT3_J02,,,,PENA3_UNIT3_J02_act,
ScnRT,PENA_UNIT1,,,,PENA_UNIT1_act,
ScnRT,PENA_UNIT2_J01,,,,PENA_UNIT2_J01_act,
ScnRT,PENA_UNIT2_J02,,,,PENA_UNIT2_J02_act,
ScnRT,PERE_SLR_UNIT1,,,,PERE_SLR_UNIT1_act,
ScnRT,PERE_SLR_UNIT2,,,,PERE_SLR_UNIT2_act,
ScnRT,PEY_UNIT1,,,,PEY_UNIT1_act,
ScnRT,PH1_UNIT1,,,,PH1_UNIT1_act,
ScnRT,PH1_UNIT2,,,,PH1_UNIT2_act,
ScnRT,PH2_UNIT1,,,,PH2_UNIT1_act,
ScnRT,PH2_UNIT2,,,,PH2_UNIT2_act,
ScnRT,PHOEBE_UNIT1,,,,PHOEBE_UNIT1_act,
ScnRT,PHOEBE_UNIT2,,,,PHOEBE_UNIT2_act,
ScnRT,PHOENIX_UNIT1,,,,PHOENIX_UNIT1_act,
ScnRT,PHO_SOLAR1,,,,PHO_SOLAR1_act,
ScnRT,PHO_SOLAR2,,,,PHO_SOLAR2_act,
ScnRT,PHO_SOLAR3,,,,PHO_SOLAR3_act,
ScnRT,PHO_SOLAR4,,,,PHO_SOLAR4_act,
ScnRT,PINEFRST_UNIT1,,,,PINEFRST_UNIT1_act,
ScnRT,PINEFRST_UNIT2,,,,PINEFRST_UNIT2_act,
ScnRT,PINN_SLR_UNIT1,,,,PINN_SLR_UNIT1_act,
ScnRT,PINN_SLR_UNIT2,,,,PINN_SLR_UNIT2_act,
ScnRT,PINN_SLR_UNIT3,,,,PINN_SLR_UNIT3_act,
ScnRT,PIONR_DJ_UNIT1,,,,PIONR_DJ_UNIT1_act,
ScnRT,PISGAH_SOLAR1,,,,PISGAH_SOLAR1_act,
ScnRT,PISGAH_SOLAR2,,,,PISGAH_SOLAR2_act,
ScnRT,PITTSDDK_UNIT1,,,,PITTSDDK_UNIT1_act,
ScnRT,PITTSDK2_UNIT1,,,,PITTSDK2_UNIT1_act,
ScnRT,PLN_UNIT1,,,,PLN_UNIT1_act,
ScnRT,PLN_UNIT2,,,,PLN_UNIT2_act,
ScnRT,PORT_SLR_UNIT1,,,,PORT_SLR_UNIT1_act,
ScnRT,PRIDDY_UNIT1,,,,PRIDDY_UNIT1_act,
ScnRT,PRIDDY_UNIT2,,,,PRIDDY_UNIT2_act,
ScnRT,PROSPERO_UNIT1,,,,PROSPERO_UNIT1_act,
ScnRT,PROSPERO_UNIT2,,,,PROSPERO_UNIT2_act,
ScnRT,PRSPERO2_UNIT1,,,,PRSPERO2_UNIT1_act,
ScnRT,PRSPERO2_UNIT2,,,,PRSPERO2_UNIT2_act,
ScnRT,PYR_PYRON1,,,,PYR_PYRON1_act,
ScnRT,PYR_PYRON2,,,,PYR_PYRON2_act,
ScnRT,QTUM_SLR_UNIT1,,,,QTUM_SLR_UNIT1_act,
ScnRT,QTUM_SLR_UNIT2,,,,QTUM_SLR_UNIT2_act,
ScnRT,QUEEN_SL_SOLAR1,,,,QUEEN_SL_SOLAR1_act,
ScnRT,QUEEN_SL_SOLAR2,,,,QUEEN_SL_SOLAR2_act,
ScnRT,QUEEN_SL_SOLAR3,,,,QUEEN_SL_SOLAR3_act,
ScnRT,QUEEN_SL_SOLAR4,,,,QUEEN_SL_SOLAR4_act,
ScnRT,RADN_SLR_UNIT1,,,,RADN_SLR_UNIT1_act,
ScnRT,RADN_SLR_UNIT2,,,,RADN_SLR_UNIT2_act,
ScnRT,RAMBLER_UNIT1,,,,RAMBLER_UNIT1_act,
ScnRT,RANCHERO_UNIT1,,,,RANCHERO_UNIT1_act,
ScnRT,RANCHERO_UNIT2,,,,RANCHERO_UNIT2_act,
ScnRT,RATLIFF_SOLAR1,,,,RATLIFF_SOLAR1_act,
ScnRT,RDCANYON_RDCNY1,,,,RDCANYON_RDCNY1_act,
ScnRT,REDBARN_UNIT_1,,,,REDBARN_UNIT_1_act,
ScnRT,REDBARN_UNIT_2,,,,REDBARN_UNIT_2_act,
ScnRT,REDFISH_MV1A,,,,REDFISH_MV1A_act,
ScnRT,REDFISH_MV1B,,,,REDFISH_MV1B_act,
ScnRT,RELOJ_UNIT1,,,,RELOJ_UNIT1_act,
ScnRT,RELOJ_UNIT2,,,,RELOJ_UNIT2_act,
ScnRT,RELOJ_UNIT3,,,,RELOJ_UNIT3_act,
ScnRT,RELOJ_UNIT4,,,,RELOJ_UNIT4_act,
ScnRT,REROCK_UNIT1,,,,REROCK_UNIT1_act,
ScnRT,REROCK_UNIT2,,,,REROCK_UNIT2_act,
ScnRT,RIGGINS_UNIT1,,,,RIGGINS_UNIT1_act,
ScnRT,RIPPEY_UNIT1,,,,RIPPEY_UNIT1_act,
ScnRT,ROSELAND_SOLAR1,,,,ROSELAND_SOLAR1_act,
ScnRT,ROSELAND_SOLAR2,,,,ROSELAND_SOLAR2_act,
ScnRT,ROSELAND_SOLAR3,,,,ROSELAND_SOLAR3_act,
ScnRT,ROUTE_66_WIND1,,,,ROUTE_66_WIND1_act,
ScnRT,ROW_UNIT1,,,,ROW_UNIT1_act,
ScnRT,ROW_UNIT2,,,,ROW_UNIT2_act,
ScnRT,RRC_WIND_UNIT1,,,,RRC_WIND_UNIT1_act,
ScnRT,RRC_WIND_UNIT2,,,,RRC_WIND_UNIT2_act,
ScnRT,RRC_WIND_UNIT3,,,,RRC_WIND_UNIT3_act,
ScnRT,RSNAKE_G1,,,,RSNAKE_G1_act,
ScnRT,RSNAKE_G2,,,,RSNAKE_G2_act,
ScnRT,RTS2_U1,,,,RTS2_U1_act,
ScnRT,RTS2_U2,,,,RTS2_U2_act,
ScnRT,RTS_U1,,,,RTS_U1_act,
ScnRT,SAGEDRAW_UNIT1,,,,SAGEDRAW_UNIT1_act,
ScnRT,SAGEDRAW_UNIT2,,,,SAGEDRAW_UNIT2_act,
ScnRT,SALTFORK_UNIT1,,,,SALTFORK_UNIT1_act,
ScnRT,SALTFORK_UNIT2,,,,SALTFORK_UNIT2_act,
ScnRT,SALVTION_UNIT1,,,,SALVTION_UNIT1_act,
ScnRT,SALVTION_UNIT2,,,,SALVTION_UNIT2_act,
ScnRT,SAMSON_1_G1,,,,SAMSON_1_G1_act,
ScnRT,SAMSON_1_G2,,,,SAMSON_1_G2_act,
ScnRT,SAMSON_1_G3,,,,SAMSON_1_G3_act,
ScnRT,SAMSON_1_G4,,,,SAMSON_1_G4_act,
ScnRT,SAMSON_3_G1,,,,SAMSON_3_G1_act,
ScnRT,SAMSON_3_G2,,,,SAMSON_3_G2_act,
ScnRT,SANROMAN_WIND_1,,,,SANROMAN_WIND_1_act,
ScnRT,SANTACRU_UNIT1,,,,SANTACRU_UNIT1_act,
ScnRT,SANTACRU_UNIT2,,,,SANTACRU_UNIT2_act,
ScnRT,SBE_UNIT1,,,,SBE_UNIT1_act,
ScnRT,SENATEWD_UNIT1,,,,SENATEWD_UNIT1_act,
ScnRT,SGMTN_SIGNALMT,,,,SGMTN_SIGNALMT_act,
ScnRT,SHAFFER_UNIT1,,,,SHAFFER_UNIT1_act,
ScnRT,SHAMROCK_UNIT1,,,,SHAMROCK_UNIT1_act,
ScnRT,SHAMROCK_UNIT2,,,,SHAMROCK_UNIT2_act,
ScnRT,SHANNONW_UNIT_1,,,,SHANNONW_UNIT_1_act,
ScnRT,SHEEPCRK_UNIT1,,,,SHEEPCRK_UNIT1_act,
ScnRT,SIG_SLR_UNIT1,,,,SIG_SLR_UNIT1_act,
ScnRT,SIRIUS_UNIT1,,,,SIRIUS_UNIT1_act,
ScnRT,SIRIUS_UNIT2,,,,SIRIUS_UNIT2_act,
ScnRT,SOLARA_UNIT1,,,,SOLARA_UNIT1_act,
ScnRT,SOLC_SLR_UNIT1,,,,SOLC_SLR_UNIT1_act,
ScnRT,SOLC_SLR_UNIT2,,,,SOLC_SLR_UNIT2_act,
ScnRT,SPARTA_UNIT1,,,,SPARTA_UNIT1_act,
ScnRT,SPARTA_UNIT2,,,,SPARTA_UNIT2_act,
ScnRT,SPLAIN1_WIND1,,,,SPLAIN1_WIND1_act,
ScnRT,SPLAIN1_WIND2,,,,SPLAIN1_WIND2_act,
ScnRT,SPLAIN2_WIND21,,,,SPLAIN2_WIND21_act,
ScnRT,SPLAIN2_WIND22,,,,SPLAIN2_WIND22_act,
ScnRT,SPTX12B_UNIT1,,,,SPTX12B_UNIT1_act,
ScnRT,SRWE1_SRWE2,,,,SRWE1_SRWE2_act,
ScnRT,SRWE1_UNIT1,,,,SRWE1_UNIT1_act,
ScnRT,SSPURTWO_SS3WIND1,,,,SSPURTWO_SS3WIND1_act,
ScnRT,SSPURTWO_SS3WIND2,,,,SSPURTWO_SS3WIND2_act,
ScnRT,SSPURTWO_WIND_1,,,,SSPURTWO_WIND_1_act,
ScnRT,STAM_SLR_SOLAR1,,,,STAM_SLR_SOLAR1_act,
ScnRT,STAM_SLR_SOLAR2,,,,STAM_SLR_SOLAR2_act,
ScnRT,STAR_SLR_UNIT1,,,,STAR_SLR_UNIT1_act,
ScnRT,STAR_SLR_UNIT2,,,,STAR_SLR_UNIT2_act,
ScnRT,STELLA_UNIT1,,,,STELLA_UNIT1_act,
ScnRT,STLHS_SL_PV1,,,,STLHS_SL_PV1_act,
ScnRT,STRATEGC_UNIT1,,,,STRATEGC_UNIT1_act,
ScnRT,STRG_SLR_UNIT1,,,,STRG_SLR_UNIT1_act,
ScnRT,STRG_SLR_UNIT2,,,,STRG_SLR_UNIT2_act,
ScnRT,STWF_T1,,,,STWF_T1_act,
ScnRT,SUNVASLR_UNIT1,,,,SUNVASLR_UNIT1_act,
ScnRT,SUNVASLR_UNIT2,,,,SUNVASLR_UNIT2_act,
ScnRT,SUN_SLR_UNIT_1,,,,SUN_SLR_UNIT_1_act,
ScnRT,SWEC_G1,,,,SWEC_G1_act,
ScnRT,SWEETWN2_WND2,,,,SWEETWN2_WND2_act,
ScnRT,SWEETWN2_WND24,,,,SWEETWN2_WND24_act,
ScnRT,SWEETWN3_WND3A,,,,SWEETWN3_WND3A_act,
ScnRT,SWEETWN3_WND3B,,,,SWEETWN3_WND3B_act,
ScnRT,SWEETWN4_WND4A,,,,SWEETWN4_WND4A_act,
ScnRT,SWEETWN4_WND4B,,,,SWEETWN4_WND4B_act,
ScnRT,SWEETWN5_WND5,,,,SWEETWN5_WND5_act,
ScnRT,SWEETWND_WND1,,,,SWEETWND_WND1_act,
ScnRT,SWFT_SLR_UNIT1,,,,SWFT_SLR_UNIT1_act,
ScnRT,SYBR_SLR_UNIT1,,,,SYBR_SLR_UNIT1_act,
ScnRT,SYBR_SLR_UNIT2,,,,SYBR_SLR_UNIT2_act,
ScnRT,S_HILLS_UNIT1,,,,S_HILLS_UNIT1_act,
ScnRT,TAHOKA_UNIT_1,,,,TAHOKA_UNIT_1_act,
ScnRT,TAHOKA_UNIT_2,,,,TAHOKA_UNIT_2_act,
ScnRT,TAV_UNIT1,,,,TAV_UNIT1_act,
ScnRT,TAV_UNIT2,,,,TAV_UNIT2_act,
ScnRT,TAYGETE2_UNIT1,,,,TAYGETE2_UNIT1_act,
ScnRT,TAYGETE2_UNIT2,,,,TAYGETE2_UNIT2_act,
ScnRT,TAYGETE_UNIT1,,,,TAYGETE_UNIT1_act,
ScnRT,TAYGETE_UNIT2,,,,TAYGETE_UNIT2_act,
ScnRT,TGW_T1,,,,TGW_T1_act,
ScnRT,TGW_T2,,,,TGW_T2_act,
ScnRT,THREEW_S_SOLAR1,,,,THREEW_S_SOLAR1_act,
ScnRT,TI_SOLAR_UNIT1,,,,TI_SOLAR_UNIT1_act,
ScnRT,TI_SOLAR_UNIT2,,,,TI_SOLAR_UNIT2_act,
ScnRT,TKWSW1_ROSCOE,,,,TKWSW1_ROSCOE_act,
ScnRT,TKWSW1_ROSCOE2A,,,,TKWSW1_ROSCOE2A_act,
ScnRT,TNG_SOLAR1,,,,TNG_SOLAR1_act,
ScnRT,TNG_SOLAR2,,,,TNG_SOLAR2_act,
ScnRT,TNS_SLR_UNIT1,,,,TNS_SLR_UNIT1_act,
ScnRT,TNS_SLR_UNIT2,,,,TNS_SLR_UNIT2_act,
ScnRT,TORR_UNIT1_25,,,,TORR_UNIT1_25_act,
ScnRT,TORR_UNIT2_23,,,,TORR_UNIT2_23_act,
ScnRT,TORR_UNIT2_25,,,,TORR_UNIT2_25_act,
ScnRT,TRBT_SLR_PV1,,,,TRBT_SLR_PV1_act,
ScnRT,TRBT_SLR_PV2,,,,TRBT_SLR_PV2_act,
ScnRT,TREB_SLR_SOLAR1,,,,TREB_SLR_SOLAR1_act,
ScnRT,TRENT_TRENT,,,,TRENT_TRENT_act,
ScnRT,TRENT_UNIT_1B,,,,TRENT_UNIT_1B_act,
ScnRT,TRENT_UNIT_2,,,,TRENT_UNIT_2_act,
ScnRT,TRENT_UNIT_3A,,,,TRENT_UNIT_3A_act,
ScnRT,TRENT_UNIT_3B,,,,TRENT_UNIT_3B_act,
ScnRT,TRINITY_TH1_BUS1,,,,TRINITY_TH1_BUS1_act,
ScnRT,TRINITY_TH1_BUS2,,,,TRINITY_TH1_BUS2_act,
ScnRT,TROJ_SLR_PV1,,,,TROJ_SLR_PV1_act,
ScnRT,TROJ_SLR_PV2,,,,TROJ_SLR_PV2_act,
ScnRT,TRUENO_UNIT1,,,,TRUENO_UNIT1_act,
ScnRT,TRUENO_UNIT2,,,,TRUENO_UNIT2_act,
ScnRT,TRUSGILL_UNIT1,,,,TRUSGILL_UNIT1_act,
ScnRT,TRUSGILL_UNIT2,,,,TRUSGILL_UNIT2_act,
ScnRT,TRUSGILL_UNIT3,,,,TRUSGILL_UNIT3_act,
ScnRT,TRUSGILL_UNIT4,,,,TRUSGILL_UNIT4_act,
ScnRT,TTWEC_G1,,,,TTWEC_G1_act,
ScnRT,TUL_SLR_UNIT1,,,,TUL_SLR_UNIT1_act,
ScnRT,TUL_SLR_UNIT2,,,,TUL_SLR_UNIT2_act,
ScnRT,TYLRWIND_UNIT1,,,,TYLRWIND_UNIT1_act,
ScnRT,TYSN_SLR_UNIT1,,,,TYSN_SLR_UNIT1_act,
ScnRT,VANCOURT_UNIT1,,,,VANCOURT_UNIT1_act,
ScnRT,VENADO_UNIT1,,,,VENADO_UNIT1_act,
ScnRT,VENADO_UNIT2,,,,VENADO_UNIT2_act,
ScnRT,VERAWIND_UNIT1,,,,VERAWIND_UNIT1_act,
ScnRT,VERAWIND_UNIT2,,,,VERAWIND_UNIT2_act,
ScnRT,VERAWIND_UNIT3,,,,VERAWIND_UNIT3_act,
ScnRT,VERAWIND_UNIT4,,,,VERAWIND_UNIT4_act,
ScnRT,VERAWIND_UNIT5,,,,VERAWIND_UNIT5_act,
ScnRT,VERTIGO_WIND_I,,,,VERTIGO_WIND_I_act,
ScnRT,VISION_UNIT1,,,,VISION_UNIT1_act,
ScnRT,VORTEX_WIND1,,,,VORTEX_WIND1_act,
ScnRT,VORTEX_WIND2,,,,VORTEX_WIND2_act,
ScnRT,VORTEX_WIND3,,,,VORTEX_WIND3_act,
ScnRT,VORTEX_WIND4,,,,VORTEX_WIND4_act,
ScnRT,WAKEWE_G1_J01,,,,WAKEWE_G1_J01_act,
ScnRT,WAKEWE_G1_J02,,,,WAKEWE_G1_J02_act,
ScnRT,WAKEWE_G2_J01,,,,WAKEWE_G2_J01_act,
ScnRT,WAKEWE_G2_J02,,,,WAKEWE_G2_J02_act,
ScnRT,WAYMARK_UNIT1,,,,WAYMARK_UNIT1_act,
ScnRT,WEBBER_S_WSP1,,,,WEBBER_S_WSP1_act,
ScnRT,WEC_WECG1,,,,WEC_WECG1_act,
ScnRT,WES_UNIT1,,,,WES_UNIT1_act,
ScnRT,WES_UNIT2,,,,WES_UNIT2_act,
ScnRT,WGU_UNIT1,,,,WGU_UNIT1_act,
ScnRT,WHMESA_UNIT1,,,,WHMESA_UNIT1_act,
ScnRT,WHMESA_UNIT2_23,,,,WHMESA_UNIT2_23_act,
ScnRT,WHMESA_UNIT2_28,,,,WHMESA_UNIT2_28_act,
ScnRT,WHMESA_UNIT3_23,,,,WHMESA_UNIT3_23_act,
ScnRT,WHMESA_UNIT3_28,,,,WHMESA_UNIT3_28_act,
ScnRT,WHTTAIL_WR1,,,,WHTTAIL_WR1_act,
ScnRT,WH_WIND_UNIT1,,,,WH_WIND_UNIT1_act,
ScnRT,WH_WIND_UNIT2,,,,WH_WIND_UNIT2_act,
ScnRT,WILDWIND_UNIT1,,,,WILDWIND_UNIT1_act,
ScnRT,WILDWIND_UNIT2,,,,WILDWIND_UNIT2_act,
ScnRT,WILDWIND_UNIT3,,,,WILDWIND_UNIT3_act,
ScnRT,WILDWIND_UNIT4,,,,WILDWIND_UNIT4_act,
ScnRT,WILDWIND_UNIT5,,,,WILDWIND_UNIT5_act,
ScnRT,WL_RANCH_UNIT1,,,,WL_RANCH_UNIT1_act,
ScnRT,WNDTHST2_UNIT1,,,,WNDTHST2_UNIT1_act,
ScnRT,WOODWRD1_WOODWRD1,,,,WOODWRD1_WOODWRD1_act,
ScnRT,WOODWRD2_WOODWRD2,,,,WOODWRD2_WOODWRD2_act,
ScnRT,W_PECOS_UNIT1,,,,W_PECOS_UNIT1_act,
ScnRT,YNG_WND_UNIT1,,,,YNG_WND_UNIT1_act,
ScnRT,YNG_WND_UNIT2,,,,YNG_WND_UNIT2_act,
ScnRT,YNG_WND_UNIT3,,,,YNG_WND_UNIT3_act,
ScnRT,ZIER_SLR_PV1,,,,ZIER_SLR_PV1_act,
