Injector,Name,Area,LoadFlag,Link,MaxMw,MinMw,RaiseRR,LowerRR,MinTime,RampSuSd,EnergyCost,CostAdder,RampUpCost,RampDnCost
AMOCOOIL_CC2,AMOCOOIL_CC2,,0,0,295.000,0.000,8.850,8.850,0.000,0,31.915,0.000,0.000,0.000
BASTEN_CC1,BASTEN_CC1,,0,0,558.000,0.000,16.740,16.740,0.000,0,31.915,0.000,0.000,0.000
BOSQUESW_CC1,BOSQUESW_CC1,,0,0,246.000,0.000,7.380,7.380,0.000,0,0.000,0.000,0.000,0.000
BOSQUESW_CC2,BOSQUESW_CC2,,0,0,542.000,0.000,16.260,16.260,0.000,0,0.000,0.000,0.000,0.000
BRAUNIG_CC1,BRAUNIG_CC1,,0,0,505.000,0.000,15.150,15.150,0.000,0,0.000,0.000,0.000,0.000
BTE_CC1,BTE_CC1,,0,0,594.000,0.000,17.820,17.820,0.000,0,0.000,0.000,0.000,0.000
BVE_CC1,BVE_CC1,,0,0,599.000,0.000,17.970,17.970,0.000,0,0.000,0.000,0.000,0.000
BYU_CC1,BYU_CC1,,0,0,201.000,0.000,6.030,6.030,0.000,0,31.915,0.000,0.000,0.000
B_DAVIS_CC1,B_DAVIS_CC1,,0,0,632.000,0.000,18.960,18.960,0.000,0,0.000,0.000,0.000,0.000
CAL_CC1,CAL_CC1,,0,0,176.000,0.000,5.280,5.280,0.000,0,0.000,0.000,0.000,0.000
CBECII_CC3,CBECII_CC3,,0,0,1102.700,0.000,33.081,33.081,0.000,0,0.000,0.000,0.000,0.000
CBEC_CC1,CBEC_CC1,,0,0,248.000,0.000,7.440,7.440,0.000,0,0.000,0.000,0.000,0.000
CBEC_CC2,CBEC_CC2,,0,0,248.000,0.000,7.440,7.440,0.000,0,0.000,0.000,0.000,0.000
CBY4_CC1,CBY4_CC1,,0,0,479.000,0.000,14.370,14.370,0.000,0,0.000,0.000,0.000,0.000
CCEC_CC1,CCEC_CC1,,0,0,437.000,0.000,13.110,13.110,0.000,0,0.000,0.000,0.000,0.000
CHE_CC1,CHE_CC1,,0,0,756.000,0.000,22.680,22.680,0.000,0,0.000,0.000,0.000,0.000
CVC_CC1,CVC_CC1,,0,0,630.000,0.000,18.900,18.900,0.000,0,31.915,0.000,0.000,0.000
DDPEC_CC1,DDPEC_CC1,,0,0,1175.000,0.000,35.250,35.250,0.000,0,0.000,0.000,0.000,0.000
DIB_CC1,DIB_CC1,,0,0,49.000,0.000,2.000,2.000,0.000,0,31.915,0.000,0.000,0.000
DUKE_CC1,DUKE_CC1,,0,0,496.000,0.000,14.880,14.880,0.000,0,0.000,0.000,0.000,0.000
ETCCS_CC1,ETCCS_CC1,,0,0,318.000,0.000,9.540,9.540,0.000,0,31.915,0.000,0.000,0.000
FERGCC_CC1,FERGCC_CC1,,0,0,524.000,0.000,15.720,15.720,0.000,0,0.000,0.000,0.000,0.000
FREC_CC1,FREC_CC1,,0,0,496.000,0.000,14.880,14.880,0.000,0,0.000,0.000,0.000,0.000
FREC_CC2,FREC_CC2,,0,0,494.000,0.000,14.820,14.820,0.000,0,0.000,0.000,0.000,0.000
FRNYPP_CC1,FRNYPP_CC1,,0,0,884.000,0.000,26.520,26.520,0.000,0,0.000,0.000,0.000,0.000
FRNYPP_CC2,FRNYPP_CC2,,0,0,884.000,0.000,26.520,26.520,0.000,0,0.000,0.000,0.000,0.000
FTR_CC1,FTR_CC1,,0,0,840.000,0.000,25.200,25.200,0.000,0,0.000,0.000,0.000,0.000
GUADG_CC1,GUADG_CC1,,0,0,501.000,0.000,15.030,15.030,0.000,0,0.000,0.000,0.000,0.000
GUADG_CC2,GUADG_CC2,,0,0,501.000,0.000,15.030,15.030,0.000,0,0.000,0.000,0.000,0.000
INGLCOSW_CC1,INGLCOSW_CC1,,0,0,152.800,0.000,4.584,4.584,0.000,0,0.000,0.000,0.000,0.000
JACKCNTY_CC1,JACKCNTY_CC1,,0,0,558.000,0.000,16.740,16.740,0.000,0,31.915,0.000,0.000,0.000
JCKCNTY2_CC1,JCKCNTY2_CC1,,0,0,570.000,0.000,17.100,17.100,0.000,0,31.915,0.000,0.000,0.000
KMCHI_CC1,KMCHI_CC1,,0,0,638.900,0.000,19.167,19.167,0.000,0,0.000,0.000,0.000,0.000
KMCHI_CC2,KMCHI_CC2,,0,0,641.800,0.000,19.254,19.254,0.000,0,0.000,0.000,0.000,0.000
LGE_CC1,LGE_CC1,,0,0,418.000,0.000,12.540,12.540,0.000,0,0.000,0.000,0.000,0.000
LOSTPI_CC1,LOSTPI_CC1,,0,0,512.000,0.000,15.360,15.360,0.000,0,0.000,0.000,0.000,0.000
LPCCS_CC1,LPCCS_CC1,,0,0,549.000,0.000,16.470,16.470,0.000,0,0.000,0.000,0.000,0.000
LPCCS_CC2,LPCCS_CC2,,0,0,584.000,0.000,17.520,17.520,0.000,0,0.000,0.000,0.000,0.000
NEDIN_CC1,NEDIN_CC1,,0,0,640.000,0.000,19.200,19.200,0.000,0,0.000,0.000,0.000,0.000
NUECES_B_CC1,NUECES_B_CC1,,0,0,635.000,0.000,19.050,19.050,0.000,0,0.000,0.000,0.000,0.000
OECCS_CC1,OECCS_CC1,,0,0,575.000,0.000,17.250,17.250,0.000,0,0.000,0.000,0.000,0.000
OECCS_CC2,OECCS_CC2,,0,0,378.000,0.000,11.340,11.340,0.000,0,0.000,0.000,0.000,0.000
PSA_CC1,PSA_CC1,,0,0,490.000,0.000,14.700,14.700,0.000,0,31.915,0.000,0.000,0.000
PSG_CC1,PSG_CC1,,0,0,497.000,0.000,14.910,14.910,0.000,0,0.000,0.000,0.000,0.000
QALSW_CC1,QALSW_CC1,,0,0,232.000,0.000,6.960,6.960,0.000,0,0.000,0.000,0.000,0.000
QALSW_CC2,QALSW_CC2,,0,0,221.000,0.000,6.630,6.630,0.000,0,0.000,0.000,0.000,0.000
RAYBURN_CC1,RAYBURN_CC1,,0,0,155.000,0.000,4.650,4.650,0.000,0,0.000,0.000,0.000,0.000
RIONOG_CC1,RIONOG_CC1,,0,0,814.000,0.000,24.420,24.420,0.000,0,0.000,0.000,0.000,0.000
SANDHSYD_CC1,SANDHSYD_CC1,,0,0,293.000,0.000,8.790,8.790,0.000,0,31.915,0.000,0.000,0.000
SILASRAY_CC1,SILASRAY_CC1,,0,0,53.000,0.000,2.000,2.000,0.000,0,31.915,0.000,0.000,0.000
TEN_CC1,TEN_CC1,,0,0,269.000,0.000,8.070,8.070,0.000,0,31.915,0.000,0.000,0.000
TGCCS_CC1,TGCCS_CC1,,0,0,890.000,0.000,26.700,26.700,0.000,0,0.000,0.000,0.000,0.000
THW_CC1,THW_CC1,,0,0,339.000,0.000,10.170,10.170,0.000,0,31.915,0.000,0.000,0.000
THW_CC2,THW_CC2,,0,0,328.000,0.000,9.840,9.840,0.000,0,31.915,0.000,0.000,0.000
TNSKA_CC1,TNSKA_CC1,,0,0,229.000,0.000,6.870,6.870,0.000,0,31.915,0.000,0.000,0.000
TXCTY_CC1,TXCTY_CC1,,0,0,361.000,0.000,10.830,10.830,0.000,0,0.000,0.000,0.000,0.000
VICTORIA_CC1,VICTORIA_CC1,,0,0,288.000,0.000,8.640,8.640,0.000,0,31.915,0.000,0.000,0.000
WCPP_CC1,WCPP_CC1,,0,0,726.000,0.000,21.780,21.780,0.000,0,0.000,0.000,0.000,0.000
WFCOGEN_CC1,WFCOGEN_CC1,,0,0,75.000,0.000,2.250,2.250,0.000,0,31.915,0.000,0.000,0.000
WHCCS2_CC2,WHCCS2_CC2,,0,0,1091.400,0.000,32.742,32.742,0.000,0,0.000,0.000,0.000,0.000
WHCCS_CC1,WHCCS_CC1,,0,0,729.000,0.000,21.870,21.870,0.000,0,0.000,0.000,0.000,0.000
7RNCHSLR_UNIT1,7RNCHSLR_ALL,,0,0,139.200,0.000,0.000,0.000,0.000,0,0.000,0.000,0.000,0.000
7RNCHSLR_UNIT2,7RNCHSLR_ALL,,0,0,95.200,0.000,0.000,0.000,0.000,0,0.000,0.000,0.000,0.000
7RNCHSLR_UNIT3,7RNCHSLR_ALL,,0,0,5.600,0.000,0.000,0.000,0.000,0,0.000,0.000,0.000,0.000
A4_DGR1,A4_DGR1_RN,,0,0,27.800,0.000,2.000,2.000,0.000,0,42.259,0.000,0.000,0.000
A4_DGR2,A4_DGR2_RN,,0,0,12.700,0.000,2.000,2.000,0.000,0,42.259,0.000,0.000,0.000
ADL_SOLAR1,ADL_RN,,0,0,46.200,0.000,0.000,0.000,0.000,0,0.000,0.000,0.000,0.000
AEEC_ANTLP_1,AEEC,,0,0,54.000,0.000,4.498,4.498,0.000,0,0.000,0.000,0.000,0.000
AEEC_ANTLP_2,AEEC,,0,0,54.000,0.000,4.498,4.498,0.000,0,0.000,0.000,0.000,0.000
AEEC_ANTLP_3,AEEC,,0,0,54.000,0.000,4.498,4.498,0.000,0,0.000,0.000,0.000,0.000
AEEC_ELK_1,AEEC,,0,0,189.100,0.000,12.726,12.726,0.000,0,0.000,0.000,0.000,0.000
AEEC_ELK_2,AEEC,,0,0,192.000,0.000,12.922,12.922,0.000,0,42.259,0.000,0.000,0.000
AEEC_ELK_3,AEEC,,0,0,192.000,0.000,12.922,12.922,0.000,0,0.000,0.000,0.000,0.000
AGUAYO_UNIT1,AGUAYO_UNIT1,,0,0,176.000,0.000,0.000,0.000,0.000,0,0.000,0.000,0.000,0.000
AJAXWIND_UNIT1,AJAXWIND_RN,,0,0,216.400,0.000,0.000,0.000,0.000,0,0.000,0.000,0.000,0.000
AJAXWIND_UNIT2,AJAXWIND_RN,,0,0,131.200,0.000,0.000,0.000,0.000,0,0.000,0.000,0.000,0.000
ALGODON_UNIT1,ALGOD_ALL_RN,,0,0,161.300,0.000,0.000,0.000,0.000,0,0.000,0.000,0.000,0.000
ALGODON_UNIT2,ALGOD_ALL_RN,,0,0,26.600,0.000,0.000,0.000,0.000,0,0.000,0.000,0.000,0.000
AMADEUS1_UNIT1,AMADEUS_ALL,,0,0,30.900,0.000,0.000,0.000,0.000,0,0.000,0.000,0.000,0.000
AMADEUS1_UNIT2,AMADEUS_ALL,,0,0,26.700,0.000,0.000,0.000,0.000,0,0.000,0.000,0.000,0.000
AMADEUS2_UNIT3,AMADEUS_ALL,,0,0,124.900,0.000,0.000,0.000,0.000,0,0.000,0.000,0.000,0.000
AMISTAD_AMISTAG1,AMISTAD_ALL,,0,0,21.000,0.000,0.000,0.000,0.000,0,1999.910,0.000,0.000,0.000
AMISTAD_AMISTAG2,AMISTAD_ALL,,0,0,21.000,0.000,0.000,0.000,0.000,0,1999.910,0.000,0.000,0.000
ANACACHO_ANA,ANACACHO_ANA,,0,0,91.900,0.000,0.000,0.000,0.000,0,0.000,0.000,0.000,0.000
ANCHOR_WIND1,ANCHOR_ALL,,0,0,14.500,0.000,0.000,0.000,0.000,0,0.000,0.000,0.000,0.000
ANCHOR_WIND2,ANCHOR_ALL,,0,0,98.900,0.000,0.000,0.000,0.000,0,0.000,0.000,0.000,0.000
ANCHOR_WIND3,ANCHOR_ALL,,0,0,86.000,0.000,0.000,0.000,0.000,0,0.000,0.000,0.000,0.000
ANCHOR_WIND4,ANCHOR_ALL,,0,0,38.700,0.000,0.000,0.000,0.000,0,0.000,0.000,0.000,0.000
ANCHOR_WIND5,ANCHOR_ALL,,0,0,18.000,0.000,0.000,0.000,0.000,0,0.000,0.000,0.000,0.000
ANDMDSLR_UNIT1,ANDMDSLR_ALL,,0,0,158.000,0.000,0.000,0.000,0.000,0,0.000,0.000,0.000,0.000
ANDMDSLR_UNIT2,ANDMDSLR_ALL,,0,0,162.000,0.000,0.000,0.000,0.000,0,0.000,0.000,0.000,0.000
ANG_SLR_UNIT1,ANG_ALL,,0,0,195.000,0.000,0.000,0.000,0.000,0,0.000,0.000,0.000,0.000
ANSON1_UNIT1,ANSON1_ALL,,0,0,100.000,0.000,0.000,0.000,0.000,0,0.000,0.000,0.000,0.000
ANSON1_UNIT2,ANSON1_ALL,,0,0,100.000,0.000,0.000,0.000,0.000,0,0.000,0.000,0.000,0.000
ANSON2_UNIT1,ANSON1_ALL,,0,0,200.000,0.000,0.000,0.000,0.000,0,0.000,0.000,0.000,0.000
APOGEE_UNIT1,RN_APOGEE,,0,0,23.800,0.000,0.000,0.000,0.000,0,0.000,0.000,0.000,0.000
APOGEE_UNIT2,RN_APOGEE,,0,0,13.900,0.000,0.000,0.000,0.000,0,0.000,0.000,0.000,0.000
APOGEE_UNIT3,RN_APOGEE,,0,0,30.200,0.000,0.000,0.000,0.000,0,0.000,0.000,0.000,0.000
APOGEE_UNIT4,RN_APOGEE,,0,0,97.800,0.000,0.000,0.000,0.000,0,0.000,0.000,0.000,0.000
APOGEE_UNIT5,RN_APOGEE,,0,0,95.600,0.000,0.000,0.000,0.000,0,0.000,0.000,0.000,0.000
APOGEE_UNIT6,RN_APOGEE,,0,0,24.000,0.000,0.000,0.000,0.000,0,0.000,0.000,0.000,0.000
APOGEE_UNIT7,RN_APOGEE,,0,0,69.800,0.000,0.000,0.000,0.000,0,0.000,0.000,0.000,0.000
APPALOSA_UNIT1,APPALOSA_ALL,,0,0,155.000,0.000,0.000,0.000,0.000,0,0.000,0.000,0.000,0.000
APPALOSA_UNIT2,APPALOSA_ALL,,0,0,13.600,0.000,0.000,0.000,0.000,0,0.000,0.000,0.000,0.000
AQUILLA_U1_23,AQUI_ALL,,0,0,12.500,0.000,0.000,0.000,0.000,0,0.000,0.000,0.000,0.000
AQUILLA_U1_28,AQUI_ALL,,0,0,96.500,0.000,0.000,0.000,0.000,0,0.000,0.000,0.000,0.000
AQUILLA_U2_23,AQUI_ALL,,0,0,6.800,0.000,0.000,0.000,0.000,0,0.000,0.000,0.000,0.000
AQUILLA_U2_28,AQUI_ALL,,0,0,116.000,0.000,0.000,0.000,0.000,0,0.000,0.000,0.000,0.000
ARAGORN_UNIT1,ARAGORN_RN,,0,0,163.900,0.000,0.000,0.000,0.000,0,0.000,0.000,0.000,0.000
ASCK_SLR_SOLAR1,ASCK_SLR_RN,,0,0,203.300,0.000,0.000,0.000,0.000,0,0.000,0.000,0.000,0.000
ASCK_SLR_SOLAR2,ASCK_SLR_RN,,0,0,207.300,0.000,0.000,0.000,0.000,0,0.000,0.000,0.000,0.000
ASTRA_UNIT1,ASTRA_RN,,0,0,142.500,0.000,0.000,0.000,0.000,0,0.000,0.000,0.000,0.000
ATKINS_ATKINSG7,ATK_ATKINSG7,,0,0,18.000,0.000,2.000,2.000,0.000,0,0.000,0.000,0.000,0.000
AURO_SLR_UNIT1,AURO_SLR_RN,,0,0,192.900,0.000,0.000,0.000,0.000,0,0.000,0.000,0.000,0.000
AUSTPL_AUSTING1,AUSTPL_ALL,,0,0,8.000,0.000,0.000,0.000,0.000,0,1999.910,0.000,0.000,0.000
AUSTPL_AUSTING2,AUSTPL_ALL,,0,0,8.000,0.000,0.000,0.000,0.000,0,0.000,0.000,0.000,0.000
AVIATOR_UNIT1,AVIAT_ALL,,0,0,164.900,0.000,0.000,0.000,0.000,0,0.000,0.000,0.000,0.000
AVIATOR_UNIT2,AVIAT_ALL,,0,0,138.500,0.000,0.000,0.000,0.000,0,0.000,0.000,0.000,0.000
AZSP_SLR_SOLAR1,AZSP_SLR_RN,,0,0,180.000,0.000,0.000,0.000,0.000,0,0.000,0.000,0.000,0.000
AZURE_SOLAR1,AZURE_RN,,0,0,73.000,0.000,0.000,0.000,0.000,0,0.000,0.000,0.000,0.000
AZURE_SOLAR2,AZURE_RN,,0,0,153.500,0.000,0.000,0.000,0.000,0,0.000,0.000,0.000,0.000
AZ_AZ_G1,AZ_ALL,,0,0,35.000,0.000,2.356,2.356,0.000,0,42.259,0.000,0.000,0.000
AZ_AZ_G2,AZ_ALL,,0,0,36.000,0.000,2.423,2.423,0.000,0,42.259,0.000,0.000,0.000
AZ_AZ_G3,AZ_ALL,,0,0,36.000,0.000,2.423,2.423,0.000,0,42.259,0.000,0.000,0.000
AZ_AZ_G4,AZ_ALL,,0,0,33.000,0.000,2.221,2.221,0.000,0,42.259,0.000,0.000,0.000
BAC_CTG1,BAC_RN_ALL,,0,0,56.800,0.000,3.823,3.823,0.000,0,0.000,0.000,0.000,0.000
BAC_CTG2,BAC_RN_ALL,,0,0,58.300,0.000,3.924,3.924,0.000,0,0.000,0.000,0.000,0.000
BAC_CTG3,BAC_RN_ALL,,0,0,57.500,0.000,3.870,3.870,0.000,0,0.000,0.000,0.000,0.000
BAC_CTG4,BAC_RN_ALL,,0,0,58.200,0.000,3.917,3.917,0.000,0,0.000,0.000,0.000,0.000
BAC_CTG5,BAC_RN_ALL,,0,0,58.400,0.000,3.930,3.930,0.000,0,0.000,0.000,0.000,0.000
BAC_CTG6,BAC_RN_ALL,,0,0,58.300,0.000,3.924,3.924,0.000,0,42.259,0.000,0.000,0.000
BAFFIN_UNIT1,BAFFIN_ALL,,0,0,75.700,0.000,0.000,0.000,0.000,0,0.000,0.000,0.000,0.000
BAFFIN_UNIT2,BAFFIN_ALL,,0,0,28.200,0.000,0.000,0.000,0.000,0,0.000,0.000,0.000,0.000
BAIRDWND_UNIT1,BAIRDWND_ALL,,0,0,166.700,0.000,0.000,0.000,0.000,0,0.000,0.000,0.000,0.000
BAIRDWND_UNIT2,BAIRDWND_ALL,,0,0,115.000,0.000,0.000,0.000,0.000,0,0.000,0.000,0.000,0.000
BAKE_SLR_UNIT1,BAKE_RN_ALL,,0,0,216.900,0.000,0.000,0.000,0.000,0,0.000,0.000,0.000,0.000
BAKE_SLR_UNIT2,BAKE_RN_ALL,,0,0,218.600,0.000,0.000,0.000,0.000,0,0.000,0.000,0.000,0.000
BARROW_UNIT1,BARROW_ALL,,0,0,81.300,0.000,0.000,0.000,0.000,0,0.000,0.000,0.000,0.000
BARROW_UNIT2,BARROW_ALL,,0,0,62.600,0.000,0.000,0.000,0.000,0,0.000,0.000,0.000,0.000
BART_SLR_SOLAR1,BART_SLR_RN,,0,0,123.600,0.000,0.000,0.000,0.000,0,0.000,0.000,0.000,0.000
BBREEZE_UNIT1,BBREEZE_1_2,,0,0,108.700,0.000,0.000,0.000,0.000,0,0.000,0.000,0.000,0.000
BBREEZE_UNIT2,BBREEZE_1_2,,0,0,83.900,0.000,0.000,0.000,0.000,0,0.000,0.000,0.000,0.000
BCATWIND_WIND_1,BCATWD_WD_1,,0,0,142.200,0.000,0.000,0.000,0.000,0,0.000,0.000,0.000,0.000
BCH_UNIT1,BCH_RN,,0,0,42.800,0.000,2.880,2.880,0.000,0,0.000,0.000,0.000,0.000
BCH_UNIT2,BCH_RN,,0,0,48.800,0.000,3.284,3.284,0.000,0,0.000,0.000,0.000,0.000
BCH_UNIT3,BCH_RN,,0,0,43.800,0.000,2.948,2.948,0.000,0,0.000,0.000,0.000,0.000
BCH_UNIT4,BCH_RN,,0,0,43.300,0.000,2.914,2.914,0.000,0,0.000,0.000,0.000,0.000
BCH_UNIT5,BCH_RN,,0,0,46.800,0.000,3.150,3.150,0.000,0,0.000,0.000,0.000,0.000
BCH_UNIT6,BCH_RN,,0,0,39.800,0.000,2.679,2.679,0.000,0,0.000,0.000,0.000,0.000
BCH_UNIT7,BCH_RN,,0,0,40.800,0.000,2.746,2.746,0.000,0,0.000,0.000,0.000,0.000
BCH_UNIT8,BCH_RN,,0,0,42.800,0.000,2.880,2.880,0.000,0,0.000,0.000,0.000,0.000
BCK_UNIT1,BCK_RN,,0,0,217.500,0.000,0.000,0.000,0.000,0,0.000,0.000,0.000,0.000
BCK_UNIT2,BCK_RN,,0,0,217.700,0.000,0.000,0.000,0.000,0,0.000,0.000,0.000,0.000
BELM_SLR_UNIT1,BELM_SLR_RN,,0,0,199.600,0.000,0.000,0.000,0.000,0,0.000,0.000,0.000,0.000
BIGSAMWD_UNIT1,BIGSAMWD_RN,,0,0,114.600,0.000,0.000,0.000,0.000,0,0.000,0.000,0.000,0.000
BIGSAMWD_UNIT2,BIGSAMWD_RN,,0,0,110.100,0.000,0.000,0.000,0.000,0,0.000,0.000,0.000,0.000
BIG_STAR_UNIT1,BIGSTAR_ALL,,0,0,122.900,0.000,0.000,0.000,0.000,0,0.000,0.000,0.000,0.000
BIG_STAR_UNIT2,BIGSTAR_ALL,,0,0,65.600,0.000,0.000,0.000,0.000,0,0.000,0.000,0.000,0.000
BLACKJAK_UNIT1,BLACKJAK_RN,,0,0,88.500,0.000,0.000,0.000,0.000,0,0.000,0.000,0.000,0.000
BLACKJAK_UNIT2,BLACKJAK_RN,,0,0,81.700,0.000,0.000,0.000,0.000,0,0.000,0.000,0.000,0.000
BLSUMIT3_UNIT_17,BLSMT1_5_A_6,,0,0,13.100,0.000,0.000,0.000,0.000,0,0.000,0.000,0.000,0.000
BLSUMIT3_UNIT_25,BLSMT1_5_A_6,,0,0,176.000,0.000,0.000,0.000,0.000,0,0.000,0.000,0.000,0.000
BLSUMMIT_BLSMT1_5,BLSMT1_5_A_6,,0,0,128.500,0.000,0.000,0.000,0.000,0,0.000,0.000,0.000,0.000
BLSUMMIT_BLSMT1_6,BLSMT1_5_A_6,,0,0,6.800,0.000,0.000,0.000,0.000,0,0.000,0.000,0.000,0.000
BLSUMMIT_UNIT2_17,BLSMT1_5_A_6,,0,0,6.200,0.000,0.000,0.000,0.000,0,0.000,0.000,0.000,0.000
BLSUMMIT_UNIT2_25,BLSMT1_5_A_6,,0,0,87.700,0.000,0.000,0.000,0.000,0,0.000,0.000,0.000,0.000
BLUEJAY_UNIT1,BLUEJAY_RN,,0,0,66.500,0.000,0.000,0.000,0.000,0,0.000,0.000,0.000,0.000
BLUEJAY_UNIT2,BLUEJAY_RN,,0,0,135.600,0.000,0.000,0.000,0.000,0,0.000,0.000,0.000,0.000
BLVN_SLR_SOLAR2,BLVN_RN,,0,0,132.000,0.000,0.000,0.000,0.000,0,0.000,0.000,0.000,0.000
BLVN_SLR_SOLAR3,BLVN_RN,,0,0,138.000,0.000,0.000,0.000,0.000,0,0.000,0.000,0.000,0.000
BOARDCRK_UNIT1,BOARDCRK_ALL,,0,0,108.800,0.000,0.000,0.000,0.000,0,0.000,0.000,0.000,0.000
BOARDCRK_UNIT2,BOARDCRK_ALL,,0,0,190.400,0.000,0.000,0.000,0.000,0,0.000,0.000,0.000,0.000
BOOTLEG_UNIT1,BOOTLEG_UN1,,0,0,99.000,0.000,0.000,0.000,0.000,0,0.000,0.000,0.000,0.000
BORDAS2_JAVEL2_A,BORDAS_345,,0,0,94.500,0.000,0.000,0.000,0.000,0,0.000,0.000,0.000,0.000
BORDAS2_JAVEL2_B,BORDAS_345,,0,0,66.500,0.000,0.000,0.000,0.000,0,0.000,0.000,0.000,0.000
BORDAS2_JAVEL2_C,BORDAS_345,,0,0,28.600,0.000,0.000,0.000,0.000,0,0.000,0.000,0.000,0.000
BORDAS_JAVEL18,BORDAS_345,,0,0,15.500,0.000,0.000,0.000,0.000,0,0.000,0.000,0.000,0.000
BORDAS_JAVEL20,BORDAS_345,,0,0,217.900,0.000,0.000,0.000,0.000,0,0.000,0.000,0.000,0.000
BRAUNIG_VHB3,BRAUNIG_VHB3,,0,0,400.000,0.000,16.000,16.000,0.000,0,38.082,0.000,0.000,0.000
BRAUNIG_VHB6CT5,BR_VHB6CT5_6,,0,0,47.000,0.000,3.163,3.163,0.000,0,0.000,0.000,0.000,0.000
BRAUNIG_VHB6CT6,BR_VHB6CT5_6,,0,0,47.000,0.000,3.163,3.163,0.000,0,0.000,0.000,0.000,0.000
BRAUNIG_VHB6CT7,BR_VHB6CT7_8,,0,0,47.000,0.000,3.163,3.163,0.000,0,42.259,0.000,0.000,0.000
BRAUNIG_VHB6CT8,BR_VHB6CT7_8,,0,0,46.000,0.000,3.096,3.096,0.000,0,0.000,0.000,0.000,0.000
BRAZ_WND_WND1,BRAZ_WND_ALL,,0,0,107.900,0.000,0.000,0.000,0.000,0,0.000,0.000,0.000,0.000
BRAZ_WND_WND2,BRAZ_WND_ALL,,0,0,59.500,0.000,0.000,0.000,0.000,0,0.000,0.000,0.000,0.000
BRIGHTSD_UNIT1,BRIGHTSD_U1,,0,0,48.600,0.000,0.000,0.000,0.000,0,0.000,0.000,0.000,0.000
BRISCOE_WIND,BRISCOE_WIND,,0,0,65.400,0.000,0.000,0.000,0.000,0,0.000,0.000,0.000,0.000
BRTSW_BCW1,BRTSW_BCW1,,0,0,62.000,0.000,0.000,0.000,0.000,0,0.000,0.000,0.000,0.000
BR_ARROW_UNIT1,BR_ARROW_ALL,,0,0,124.200,0.000,0.000,0.000,0.000,0,0.000,0.000,0.000,0.000
BR_ARROW_UNIT2,BR_ARROW_ALL,,0,0,168.700,0.000,0.000,0.000,0.000,0,0.000,0.000,0.000,0.000
BTM_UNIT1,BTM_ALL,,0,0,47.600,0.000,3.203,3.203,0.000,0,42.259,0.000,0.000,0.000
BTM_UNIT2,BTM_ALL,,0,0,46.100,0.000,3.103,3.103,0.000,0,0.000,0.000,0.000,0.000
BTM_UNIT3,BTM_ALL,,0,0,45.100,0.000,3.035,3.035,0.000,0,0.000,0.000,0.000,0.000
BTM_UNIT4,BTM_ALL,,0,0,44.100,0.000,2.968,2.968,0.000,0,0.000,0.000,0.000,0.000
BTM_UNIT5,BTM_ALL,,0,0,44.100,0.000,2.968,2.968,0.000,0,0.000,0.000,0.000,0.000
BTM_UNIT6,BTM_ALL,,0,0,44.100,0.000,2.968,2.968,0.000,0,0.000,0.000,0.000,0.000
BTM_UNIT7,BTM_ALL,,0,0,45.100,0.000,3.035,3.035,0.000,0,0.000,0.000,0.000,0.000
BTM_UNIT8,BTM_ALL,,0,0,49.100,0.000,3.304,3.304,0.000,0,0.000,0.000,0.000,0.000
BUCHAN_BUCHANG1,BUCHAN_ALL,,0,0,17.000,0.000,0.000,0.000,0.000,0,1999.910,0.000,0.000,0.000
BUCHAN_BUCHANG2,BUCHAN_ALL,,0,0,17.000,0.000,0.000,0.000,0.000,0,0.000,0.000,0.000,0.000
BUCHAN_BUCHANG3,BUCHAN_ALL,,0,0,17.000,0.000,0.000,0.000,0.000,0,0.000,0.000,0.000,0.000
BUCKTHRN_UNIT1,BUCKTHRN_RN,,0,0,42.000,0.000,0.000,0.000,0.000,0,0.000,0.000,0.000,0.000
BUCKTHRN_UNIT2,BUCKTHRN_RN,,0,0,52.800,0.000,0.000,0.000,0.000,0,0.000,0.000,0.000,0.000
BULLCRK_WND1,BULLCRK_1_2,,0,0,70.000,0.000,0.000,0.000,0.000,0,0.000,0.000,0.000,0.000
BULLCRK_WND2,BULLCRK_1_2,,0,0,72.100,0.000,0.000,0.000,0.000,0,0.000,0.000,0.000,0.000
BUZI_SLR_UNIT1,BUZI_SLR_RN,,0,0,6.300,0.000,0.000,0.000,0.000,0,0.000,0.000,0.000,0.000
BUZI_SLR_UNIT2,BUZI_SLR_RN,,0,0,118.700,0.000,0.000,0.000,0.000,0,0.000,0.000,0.000,0.000
BUZI_SLR_UNIT3,BUZI_SLR_RN,,0,0,106.500,0.000,0.000,0.000,0.000,0,0.000,0.000,0.000,0.000
BUZI_SLR_UNIT4,BUZI_SLR_RN,,0,0,18.500,0.000,0.000,0.000,0.000,0,0.000,0.000,0.000,0.000
BYNM_SLR_SOLAR1,BYNM_SLR_RN,,0,0,56.000,0.000,0.000,0.000,0.000,0,0.000,0.000,0.000,0.000
B_DAVIS_B_DAVIG1,B_D_B_DAVIG1,,0,0,290.000,0.000,11.600,11.600,0.000,0,38.082,0.000,0.000,0.000
CABEZON_WIND1,CABEZON_ALL,,0,0,108.600,0.000,0.000,0.000,0.000,0,0.000,0.000,0.000,0.000
CABEZON_WIND2,CABEZON_ALL,,0,0,116.900,0.000,0.000,0.000,0.000,0,0.000,0.000,0.000,0.000
CALAVERS_JKS1,CALAVER_JKS1,,0,0,549.000,0.000,10.651,10.651,0.000,0,0.000,0.000,0.000,0.000
CALAVERS_JKS2,CALAVER_JKS2,,0,0,785.000,0.000,15.229,15.229,0.000,0,24.836,0.000,0.000,0.000
CALAVERS_OWS1,CALAVER_OWS1,,0,0,412.000,0.000,16.480,16.480,0.000,0,0.000,0.000,0.000,0.000
CALAVERS_OWS2,CALAVER_OWS2,,0,0,402.000,0.000,16.080,16.080,0.000,0,38.082,0.000,0.000,0.000
CALHOUN_UNIT1,CALHOUN_ALL,,0,0,34.000,0.000,2.288,2.288,0.000,0,42.259,0.000,0.000,0.000
CALHOUN_UNIT2,CALHOUN_ALL,,0,0,39.000,0.000,2.625,2.625,0.000,0,42.259,0.000,0.000,0.000
CAMWIND_UNIT1,CAMWIND_RN,,0,0,94.300,0.000,0.000,0.000,0.000,0,0.000,0.000,0.000,0.000
CANYONWD_UNIT1,CANYONWD_ALL,,0,0,144.000,0.000,0.000,0.000,0.000,0,0.000,0.000,0.000,0.000
CANYONWD_UNIT2,CANYONWD_ALL,,0,0,2.400,0.000,0.000,0.000,0.000,0,0.000,0.000,0.000,0.000
CANYONWD_UNIT3,CANYONWD_ALL,,0,0,56.800,0.000,0.000,0.000,0.000,0,0.000,0.000,0.000,0.000
CANYONWD_UNIT4,CANYONWD_ALL,,0,0,18.600,0.000,0.000,0.000,0.000,0,0.000,0.000,0.000,0.000
CANYONWD_UNIT5,CANYONWD_ALL,,0,0,66.200,0.000,0.000,0.000,0.000,0,0.000,0.000,0.000,0.000
CANYONWD_UNIT6,CANYONWD_ALL,,0,0,11.600,0.000,0.000,0.000,0.000,0,0.000,0.000,0.000,0.000
CAPRIDG4_BB2_PV1,CAPRIDG4_CR4,,0,0,100.000,0.000,0.000,0.000,0.000,0,0.000,0.000,0.000,0.000
CAPRIDG4_BB2_PV2,CAPRIDG4_CR4,,0,0,15.000,0.000,0.000,0.000,0.000,0,0.000,0.000,0.000,0.000
CAPRIDG4_BB_PV,CAPRIDG4_CR4,,0,0,30.000,0.000,0.000,0.000,0.000,0,0.000,0.000,0.000,0.000
CAPRIDG4_CR4,CAPRIDG4_CR4,,0,0,108.600,0.000,0.000,0.000,0.000,0,0.000,0.000,0.000,0.000
CAPRIDGE_CR1,CAPRIDGE_ALL,,0,0,214.500,0.000,0.000,0.000,0.000,0,0.000,0.000,0.000,0.000
CAPRIDGE_CR2,CAPRIDGE_ALL,,0,0,133.900,0.000,0.000,0.000,0.000,0,0.000,0.000,0.000,0.000
CAPRIDGE_CR3,CAPRIDGE_ALL,,0,0,179.800,0.000,0.000,0.000,0.000,0,0.000,0.000,0.000,0.000
CARBN_BSP_1,CARBN_BSP_1,,0,0,17.000,0.000,2.000,2.000,0.000,0,42.259,0.000,0.000,0.000
CASL_GAP_UNIT1,CASL_GAP_UN1,,0,0,173.200,0.000,0.000,0.000,0.000,0,0.000,0.000,0.000,0.000
CBEC_GT11,CBEC_ALL,,0,0,39.000,0.000,2.625,2.625,0.000,0,42.259,0.000,0.000,0.000
CBEC_GT12,CBEC_ALL,,0,0,30.000,0.000,2.019,2.019,0.000,0,42.259,0.000,0.000,0.000
CBY_CBY_G1,CBY_CBY_G1,,0,0,708.000,0.000,21.240,21.240,0.000,0,51.493,0.000,0.000,0.000
CBY_CBY_G2,CBY_CBY_G2,,0,0,714.000,0.000,21.420,21.420,0.000,0,51.493,0.000,0.000,0.000
CEDROHIL_CHW1,CEDROHI_CHW1,,0,0,74.000,0.000,0.000,0.000,0.000,0,0.000,0.000,0.000,0.000
CEDROHIL_CHW2,CEDROHI_CHW1,,0,0,72.300,0.000,0.000,0.000,0.000,0,0.000,0.000,0.000,0.000
CEDRVALE_UNIT1,CDRVLE_U1_RN,,0,0,9.600,0.000,2.000,2.000,0.000,0,0.000,0.000,0.000,0.000
CFLATS_U1,CFLATS_UNIT,,0,0,138.100,0.000,0.000,0.000,0.000,0,0.000,0.000,0.000,0.000
CHALUPA_UNIT1,CHALUP_ALL,,0,0,142.200,0.000,0.000,0.000,0.000,0,0.000,0.000,0.000,0.000
CHALUPA_UNIT2,CHALUP_ALL,,0,0,19.700,0.000,0.000,0.000,0.000,0,0.000,0.000,0.000,0.000
CHAL_SLR_SOLAR1,CHAL_SLR_RN,,0,0,2.800,0.000,0.000,0.000,0.000,0,0.000,0.000,0.000,0.000
CHAMON_CTG_0101,CHAMON_UN1,,0,0,38.000,0.000,2.557,2.557,0.000,0,42.259,0.000,0.000,0.000
CHAMON_CTG_0301,CHAMON_UN2,,0,0,39.000,0.000,2.625,2.625,0.000,0,42.259,0.000,0.000,0.000
CHAMPION_UNIT1,TKWSW_CHAMP,,0,0,95.400,0.000,0.000,0.000,0.000,0,0.000,0.000,0.000,0.000
CHAMPION_UNIT2,TKWSW_CHAMP,,0,0,16.900,0.000,0.000,0.000,0.000,0,0.000,0.000,0.000,0.000
CHAMPION_UNIT3,TKWSW_CHAMP,,0,0,7.600,0.000,0.000,0.000,0.000,0,0.000,0.000,0.000,0.000
CHIL_SLR_SOLAR1,CHIL_SLR,,0,0,173.000,0.000,0.000,0.000,0.000,0,0.000,0.000,0.000,0.000
CHIL_SLR_SOLAR2,CHIL_SLR,,0,0,177.000,0.000,0.000,0.000,0.000,0,0.000,0.000,0.000,0.000
CITYVICT_CTG01,CITYVICT_ALL,,0,0,36.000,0.000,2.423,2.423,0.000,0,42.259,0.000,0.000,0.000
CITYVICT_CTG02,CITYVICT_ALL,,0,0,45.000,0.000,3.028,3.028,0.000,0,42.259,0.000,0.000,0.000
CMPD_SLR_SOLAR1,CMPD_SLR_RN,,0,0,194.500,0.000,0.000,0.000,0.000,0,0.000,0.000,0.000,0.000
CMPD_SLR_SOLAR2,CMPD_SLR_RN,,0,0,211.200,0.000,0.000,0.000,0.000,0,0.000,0.000,0.000,0.000
CN_BRKS_UNIT_1,CN_BRKS_UNT1,,0,0,210.100,0.000,0.000,0.000,0.000,0,0.000,0.000,0.000,0.000
COLETO_COLETOG1,COL_COLETOG1,,0,0,655.000,0.000,12.707,12.707,0.000,0,0.000,0.000,0.000,0.000
CONIGLIO_UNIT1,CONIGLIO_RN,,0,0,96.300,0.000,0.000,0.000,0.000,0,0.000,0.000,0.000,0.000
CORALSLR_SOLAR1,CORALSLR_ALL,,0,0,71.800,0.000,0.000,0.000,0.000,0,0.000,0.000,0.000,0.000
CORALSLR_SOLAR2,CORALSLR_ALL,,0,0,41.700,0.000,0.000,0.000,0.000,0,0.000,0.000,0.000,0.000
CORAZON_UNIT1,CORAZON_RN,,0,0,184.100,0.000,0.000,0.000,0.000,0,0.000,0.000,0.000,0.000
COTPLNS_COTTONPL,COTPLNS_RN,,0,0,48.300,0.000,0.000,0.000,0.000,0,0.000,0.000,0.000,0.000
COTPLNS_OLDSETLR,COTPLNS_RN,,0,0,139.000,0.000,0.000,0.000,0.000,0,0.000,0.000,0.000,0.000
COTTON_PAP2,COTTON_PAP2,,0,0,149.200,0.000,0.000,0.000,0.000,0,0.000,0.000,0.000,0.000
COYOTE_W_UNIT1,DERMOTT_ALL,,0,0,76.100,0.000,0.000,0.000,0.000,0,0.000,0.000,0.000,0.000
COYOTE_W_UNIT2,DERMOTT_ALL,,0,0,23.000,0.000,0.000,0.000,0.000,0,0.000,0.000,0.000,0.000
COYOTE_W_UNIT3,DERMOTT_ALL,,0,0,107.100,0.000,0.000,0.000,0.000,0,0.000,0.000,0.000,0.000
CPSES_UNIT1,CPSES_UNIT1,,0,0,1208.000,0.000,60.400,60.400,0.000,0,10.798,0.000,0.000,0.000
CPSES_UNIT2,CPSES_UNIT2,,0,0,1191.000,0.000,59.550,59.550,0.000,0,10.798,0.000,0.000,0.000
CRANELL_UNIT1,CRANELL_ALL,,0,0,144.200,0.000,0.000,0.000,0.000,0,0.000,0.000,0.000,0.000
CRAWFISH_UNIT1,CRAWFISH_RN,,0,0,124.000,0.000,0.000,0.000,0.000,0,0.000,0.000,0.000,0.000
CRWN_SLR_UNIT1,CRWN_SLR_UN1,,0,0,100.100,0.000,0.000,0.000,0.000,0,0.000,0.000,0.000,0.000
CSEC_CSECG1,CSC_CSECG1_2,,0,0,115.100,0.000,0.000,0.000,0.000,0,0.000,0.000,0.000,0.000
CSEC_CSECG2,CSC_CSECG1_2,,0,0,96.800,0.000,0.000,0.000,0.000,0,0.000,0.000,0.000,0.000
CST1_SLR_SOLAR1,CST1_SLR_RN,,0,0,150.500,0.000,0.000,0.000,0.000,0,0.000,0.000,0.000,0.000
CTW_SOLAR1,CTW_RN,,0,0,158.600,0.000,0.000,0.000,0.000,0,0.000,0.000,0.000,0.000
CTW_SOLAR2,CTW_RN,,0,0,158.300,0.000,0.000,0.000,0.000,0,0.000,0.000,0.000,0.000
DAG_UNIT1,DAG_ALL,,0,0,93.500,0.000,0.000,0.000,0.000,0,0.000,0.000,0.000,0.000
DAG_UNIT2,DAG_ALL,,0,0,72.100,0.000,0.000,0.000,0.000,0,0.000,0.000,0.000,0.000
DANSBY_DANSBYG1,DANSBY_ALL,,0,0,104.000,0.000,4.160,4.160,0.000,0,0.000,0.000,0.000,0.000
DANSBY_DANSBYG2,DANSBY_ALL,,0,0,46.000,0.000,3.096,3.096,0.000,0,0.000,0.000,0.000,0.000
DANSBY_DANSBYG3,DANSBY_ALL,,0,0,48.000,0.000,3.230,3.230,0.000,0,0.000,0.000,0.000,0.000
DAN_UNIT1,DAN_ALL,,0,0,284.600,0.000,0.000,0.000,0.000,0,0.000,0.000,0.000,0.000
DAN_UNIT2,DAN_ALL,,0,0,150.200,0.000,0.000,0.000,0.000,0,0.000,0.000,0.000,0.000
DAN_UNIT3,DAN_ALL,,0,0,135.800,0.000,0.000,0.000,0.000,0,0.000,0.000,0.000,0.000
DCSES_CT10,DC2SES_ALL,,0,0,71.000,0.000,4.778,4.778,0.000,0,42.259,0.000,0.000,0.000
DCSES_CT20,DC2SES_ALL,,0,0,71.000,0.000,4.778,4.778,0.000,0,42.259,0.000,0.000,0.000
DCSES_CT30,DC2SES_ALL,,0,0,71.000,0.000,4.778,4.778,0.000,0,42.259,0.000,0.000,0.000
DCSES_CT40,DC2SES_ALL,,0,0,74.000,0.000,4.980,4.980,0.000,0,42.259,0.000,0.000,0.000
DECKER_DPGT_1,DECKER_GT,,0,0,50.000,0.000,3.365,3.365,0.000,0,42.259,0.000,0.000,0.000
DECKER_DPGT_2,DECKER_GT,,0,0,50.000,0.000,3.365,3.365,0.000,0,42.259,0.000,0.000,0.000
DECKER_DPGT_3,DECKER_GT,,0,0,50.000,0.000,3.365,3.365,0.000,0,42.259,0.000,0.000,0.000
DECKER_DPGT_4,DECKER_GT,,0,0,50.000,0.000,3.365,3.365,0.000,0,42.259,0.000,0.000,0.000
DEC_AGR_A,RN_DEC_AGR_A,,0,0,56.500,0.000,4.706,4.706,0.000,0,150.712,0.000,0.000,0.000
DEC_AGR_B,RN_DEC_AGR_B,,0,0,56.500,0.000,4.706,4.706,0.000,0,150.712,0.000,0.000,0.000
DEC_AGR_C,RN_DEC_AGR_C,,0,0,56.500,0.000,4.706,4.706,0.000,0,150.712,0.000,0.000,0.000
DEC_AGR_D,RN_DEC_AGR_D,,0,0,56.500,0.000,4.706,4.706,0.000,0,150.712,0.000,0.000,0.000
DELILA_1_G1,TTRSW_RN,,0,0,111.300,0.000,0.000,0.000,0.000,0,0.000,0.000,0.000,0.000
DELILA_1_G2,TTRSW_RN,,0,0,105.800,0.000,0.000,0.000,0.000,0,0.000,0.000,0.000,0.000
DELILA_2_G1,TTRSW_RN,,0,0,105.000,0.000,0.000,0.000,0.000,0,0.000,0.000,0.000,0.000
DELILA_2_G2,TTRSW_RN,,0,0,98.300,0.000,0.000,0.000,0.000,0,0.000,0.000,0.000,0.000
DELILA_2_G3,TTRSW_RN,,0,0,105.000,0.000,0.000,0.000,0.000,0,0.000,0.000,0.000,0.000
DERMOTT_UNIT1,DERMOTT_ALL,,0,0,92.000,0.000,0.000,0.000,0.000,0,0.000,0.000,0.000,0.000
DERMOTT_UNIT2,DERMOTT_ALL,,0,0,115.800,0.000,0.000,0.000,0.000,0,0.000,0.000,0.000,0.000
DEWOLF_UNIT1,AVIAT_ALL,,0,0,186.200,0.000,0.000,0.000,0.000,0,0.000,0.000,0.000,0.000
DIGBY_UNIT1,ELECTRAW_1_2,,0,0,93.500,0.000,0.000,0.000,0.000,0,0.000,0.000,0.000,0.000
DIGBY_UNIT2,ELECTRAW_1_2,,0,0,108.700,0.000,0.000,0.000,0.000,0,0.000,0.000,0.000,0.000
DILEOSLR_UNIT1,DILEOS_UNIT1,,0,0,71.400,0.000,0.000,0.000,0.000,0,0.000,0.000,0.000,0.000
DIVR_SLR_SOLAR1,DIVR_SLR_RN,,0,0,69.800,0.000,0.000,0.000,0.000,0,0.000,0.000,0.000,0.000
DIVR_SLR_SOLAR2,DIVR_SLR_RN,,0,0,155.200,0.000,0.000,0.000,0.000,0,0.000,0.000,0.000,0.000
DMA_SOLAR1,DMA_RN,,0,0,91.800,0.000,0.000,0.000,0.000,0,0.000,0.000,0.000,0.000
DNDAM_DENISOG1,DENISON_G1_2,,0,0,45.000,0.000,0.000,0.000,0.000,0,1999.910,0.000,0.000,0.000
DNDAM_DENISOG2,DENISON_G1_2,,0,0,45.000,0.000,0.000,0.000,0.000,0,1999.910,0.000,0.000,0.000
DORA_SLR_SOLAR1,DORA_SLR_RN,,0,0,188.200,0.000,0.000,0.000,0.000,0,0.000,0.000,0.000,0.000
DORA_SLR_SOLAR2,DORA_SLR_RN,,0,0,179.500,0.000,0.000,0.000,0.000,0,0.000,0.000,0.000,0.000
DRCK_SLR_SOLAR1,DRCK_SLR_RN,,0,0,198.500,0.000,0.000,0.000,0.000,0,0.000,0.000,0.000,0.000
DSKYWND1_UNIT_1A,INDNENR_1_RN,,0,0,21.800,0.000,0.000,0.000,0.000,0,0.000,0.000,0.000,0.000
DSKYWND1_UNIT_1B,INDNENR_1_RN,,0,0,15.500,0.000,0.000,0.000,0.000,0,0.000,0.000,0.000,0.000
DSKYWND2_UNIT_2A,INDNENR_2_RN,,0,0,20.400,0.000,0.000,0.000,0.000,0,0.000,0.000,0.000,0.000
DSKYWND2_UNIT_2B,INDNENR_2_RN,,0,0,8.000,0.000,0.000,0.000,0.000,0,0.000,0.000,0.000,0.000
EBELLSL2_UNIT1,EBELLS_UNIT1,,0,0,144.000,0.000,0.000,0.000,0.000,0,0.000,0.000,0.000,0.000
EBELLSLR_UNIT1,EBELLS_UNIT1,,0,0,240.000,0.000,0.000,0.000,0.000,0,0.000,0.000,0.000,0.000
ECEC_G1,RN_ECEC_HOLT,,0,0,153.400,0.000,10.324,10.324,0.000,0,42.259,0.000,0.000,0.000
ECEC_G2,RN_ECEC_HOLT,,0,0,152.600,0.000,10.270,10.270,0.000,0,42.259,0.000,0.000,0.000
ECLIPSE_UNIT1,ECLIPSE_UN1,,0,0,35.300,0.000,0.000,0.000,0.000,0,0.000,0.000,0.000,0.000
EGROVESL_UNIT1,HORSCR_RN,,0,0,88.500,0.000,0.000,0.000,0.000,0,0.000,0.000,0.000,0.000
EIFSLR_UNIT1,EIFSLR_UNIT1,,0,0,224.000,0.000,0.000,0.000,0.000,0,0.000,0.000,0.000,0.000
ELARA_SL_UNIT1,ERSL_RN,,0,0,132.200,0.000,0.000,0.000,0.000,0,0.000,0.000,0.000,0.000
ELB_ELBCREEK,ELB_ELBCREEK,,0,0,69.300,0.000,0.000,0.000,0.000,0,0.000,0.000,0.000,0.000
ELLISSLR_UNIT1,ELS_RN_1,,0,0,71.700,0.000,0.000,0.000,0.000,0,0.000,0.000,0.000,0.000
ELSAUZ_UNIT1,ELSAUZ_ALL,,0,0,128.000,0.000,0.000,0.000,0.000,0,0.000,0.000,0.000,0.000
ELSAUZ_UNIT2,ELSAUZ_ALL,,0,0,133.500,0.000,0.000,0.000,0.000,0,0.000,0.000,0.000,0.000
ELZA_SLR_SOLAR1,ELZA_SLR_RN,,0,0,135.100,0.000,0.000,0.000,0.000,0,0.000,0.000,0.000,0.000
EL_RAYO_UNIT1,EL_RAYO_ALL,,0,0,64.000,0.000,0.000,0.000,0.000,0,0.000,0.000,0.000,0.000
EL_RAYO_UNIT2,EL_RAYO_ALL,,0,0,62.000,0.000,0.000,0.000,0.000,0,0.000,0.000,0.000,0.000
ESTONIAN_SOLAR1,ESTONIAN_ALL,,0,0,87.200,0.000,0.000,0.000,0.000,0,0.000,0.000,0.000,0.000
ESTONIAN_SOLAR2,ESTONIAN_ALL,,0,0,114.100,0.000,0.000,0.000,0.000,0,0.000,0.000,0.000,0.000
EUNICE_PV1,EUNICE_ALL,,0,0,189.600,0.000,0.000,0.000,0.000,0,0.000,0.000,0.000,0.000
EUNICE_PV2,EUNICE_ALL,,0,0,237.100,0.000,0.000,0.000,0.000,0,0.000,0.000,0.000,0.000
EXGNSND_WIND_1,EXGNSND_RN,,0,0,74.800,0.000,0.000,0.000,0.000,0,0.000,0.000,0.000,0.000
EXGNWTL_WIND_1,EXGNWTL_1,,0,0,65.500,0.000,0.000,0.000,0.000,0,0.000,0.000,0.000,0.000
E_BLACK_UNIT_1,E_BLACK_RN,,0,0,141.500,0.000,0.000,0.000,0.000,0,0.000,0.000,0.000,0.000
FAGUSSLR_UNIT2,FAGUSSLR_RN,,0,0,165.800,0.000,0.000,0.000,0.000,0,0.000,0.000,0.000,0.000
FAGUSSLR_UNIT3,FAGUSSLR_RN,,0,0,165.800,0.000,0.000,0.000,0.000,0,0.000,0.000,0.000,0.000
FALCON_FALCONG1,FAL_FALCONG1,,0,0,7.000,0.000,0.000,0.000,0.000,0,1999.910,0.000,0.000,0.000
FALCON_FALCONG2,FAL_FALCONG2,,0,0,7.000,0.000,0.000,0.000,0.000,0,1999.910,0.000,0.000,0.000
FALCON_FALCONG3,FAL_FALCONG3,,0,0,7.000,0.000,0.000,0.000,0.000,0,1999.910,0.000,0.000,0.000
FEGC_CTG2,FEGC_RN,,0,0,47.900,0.000,3.224,3.224,0.000,0,42.259,0.000,0.000,0.000
FEGC_CTG3,FEGC_RN,,0,0,47.000,0.000,3.163,3.163,0.000,0,42.259,0.000,0.000,0.000
FEGC_CTG4,FEGC_RN,,0,0,47.000,0.000,3.163,3.163,0.000,0,42.259,0.000,0.000,0.000
FEGC_UNIT1,FEGC_RN,,0,0,100.000,0.000,6.730,6.730,0.000,0,42.259,0.000,0.000,0.000
FENCESLR_SOLAR1,FENCESLR_ALL,,0,0,138.000,0.000,0.000,0.000,0.000,0,0.000,0.000,0.000,0.000
FENCESLR_SOLAR2,FENCESLR_ALL,,0,0,94.400,0.000,0.000,0.000,0.000,0,0.000,0.000,0.000,0.000
FERMI_WIND1,FERMI_ALL,,0,0,106.500,0.000,0.000,0.000,0.000,0,0.000,0.000,0.000,0.000
FERMI_WIND2,FERMI_ALL,,0,0,22.800,0.000,0.000,0.000,0.000,0,0.000,0.000,0.000,0.000
FILESSLR_PV1,FILESSLR_PV1,,0,0,127.300,0.000,0.000,0.000,0.000,0,0.000,0.000,0.000,0.000
FIVEWSLR_UNIT1,FIVEWSLR_ALL,,0,0,192.100,0.000,0.000,0.000,0.000,0,0.000,0.000,0.000,0.000
FIVEWSLR_UNIT2,FIVEWSLR_ALL,,0,0,127.000,0.000,0.000,0.000,0.000,0,0.000,0.000,0.000,0.000
FLCNS_UNIT1,FLCNS_UNIT1,,0,0,67.000,0.000,4.509,4.509,0.000,0,42.259,0.000,0.000,0.000
FLCNS_UNIT2,FLCNS_UNIT2,,0,0,67.000,0.000,4.509,4.509,0.000,0,42.259,0.000,0.000,0.000
FLTCK_SSI,FLTCK_SSI,,0,0,50.700,0.000,0.000,0.000,0.000,0,0.000,0.000,0.000,0.000
FLUVANNA_UNIT1,FLUVANNA_1_2,,0,0,79.800,0.000,0.000,0.000,0.000,0,0.000,0.000,0.000,0.000
FLUVANNA_UNIT2,FLUVANNA_1_2,,0,0,71.600,0.000,0.000,0.000,0.000,0,0.000,0.000,0.000,0.000
FOARDCTY_UNIT1,FOARDCTY_ALL,,0,0,168.700,0.000,0.000,0.000,0.000,0,0.000,0.000,0.000,0.000
FOARDCTY_UNIT2,FOARDCTY_ALL,,0,0,146.100,0.000,0.000,0.000,0.000,0,0.000,0.000,0.000,0.000
FOXTROT_UNIT1,FOXTROT_ALL,,0,0,97.000,0.000,0.000,0.000,0.000,0,0.000,0.000,0.000,0.000
FOXTROT_UNIT2,FOXTROT_ALL,,0,0,63.800,0.000,0.000,0.000,0.000,0,0.000,0.000,0.000,0.000
FOXTROT_UNIT3,FOXTROT_ALL,,0,0,37.900,0.000,0.000,0.000,0.000,0,0.000,0.000,0.000,0.000
FPPYD1_FPP_G1_J01,FPPYD_FPP_G1,,0,0,296.000,0.000,5.742,5.742,0.000,0,0.000,0.000,0.000,0.000
FPPYD1_FPP_G1_J02,FPPYD_FPP_G1,,0,0,285.000,0.000,5.529,5.529,0.000,0,24.836,0.000,0.000,0.000
FPPYD1_FPP_G2_J01,FPPYD_FPP_G2,,0,0,296.000,0.000,5.742,5.742,0.000,0,0.000,0.000,0.000,0.000
FPPYD1_FPP_G2_J02,FPPYD_FPP_G2,,0,0,291.000,0.000,5.645,5.645,0.000,0,24.836,0.000,0.000,0.000
FPPYD2_FPP_G3,FPPYD_FPP_G3,,0,0,431.000,0.000,8.361,8.361,0.000,0,0.000,0.000,0.000,0.000
FRYE_SLR_UNIT1,FRYE_SLR_ALL,,0,0,250.000,0.000,0.000,0.000,0.000,0,0.000,0.000,0.000,0.000
FRYE_SLR_UNIT2,FRYE_SLR_ALL,,0,0,250.000,0.000,0.000,0.000,0.000,0,0.000,0.000,0.000,0.000
FTWIND_UNIT_1,FTWIND_UNIT1,,0,0,191.300,0.000,0.000,0.000,0.000,0,0.000,0.000,0.000,0.000
FWLR_SLR_UNIT1,FWLR_SLR_1,,0,0,141.300,0.000,0.000,0.000,0.000,0,0.000,0.000,0.000,0.000
GAIA_SLR_SOLAR1,GAIA_SLR_RN,,0,0,133.900,0.000,0.000,0.000,0.000,0,0.000,0.000,0.000,0.000
GALLOWAY_SOLAR1,GALO_RN1,,0,0,246.000,0.000,0.000,0.000,0.000,0,0.000,0.000,0.000,0.000
GALLOWAY_SOLAR2,GALO_RN1,,0,0,110.000,0.000,0.000,0.000,0.000,0,0.000,0.000,0.000,0.000
GBY_GBYGT73,GBY_GT,,0,0,60.000,0.000,4.038,4.038,0.000,0,42.259,0.000,0.000,0.000
GBY_GBYGT74,GBY_GT,,0,0,57.000,0.000,3.836,3.836,0.000,0,42.259,0.000,0.000,0.000
GBY_GBYGT81,GBY_GT,,0,0,57.000,0.000,3.836,3.836,0.000,0,42.259,0.000,0.000,0.000
GBY_GBYGT82,GBY_GT,,0,0,49.000,0.000,3.298,3.298,0.000,0,42.259,0.000,0.000,0.000
GBY_GBYGT83,GBY_GT,,0,0,65.000,0.000,4.375,4.375,0.000,0,42.259,0.000,0.000,0.000
GBY_GBYGT84,GBY_GT,,0,0,59.000,0.000,3.971,3.971,0.000,0,42.259,0.000,0.000,0.000
GIDEON_GIDEONG1,GID_GIDEONG1,,0,0,109.000,0.000,4.360,4.360,0.000,0,38.082,0.000,0.000,0.000
GIDEON_GIDEONG2,GID_GIDEONG2,,0,0,117.000,0.000,4.680,4.680,0.000,0,0.000,0.000,0.000,0.000
GIDEON_GIDEONG3,GID_GIDEONG3,,0,0,316.000,0.000,12.640,12.640,0.000,0,0.000,0.000,0.000,0.000
GODY_SLR_SOLAR1,GODY_SLR_RN,,0,0,80.500,0.000,0.000,0.000,0.000,0,0.000,0.000,0.000,0.000
GODY_SLR_SOLAR2,GODY_SLR_RN,,0,0,61.200,0.000,0.000,0.000,0.000,0,0.000,0.000,0.000,0.000
GOLINDA_UNIT1,GOLINDA_UN1,,0,0,99.500,0.000,0.000,0.000,0.000,0,0.000,0.000,0.000,0.000
GOODNIT1_UNIT1,GOODNIT1_ALL,,0,0,103.500,0.000,0.000,0.000,0.000,0,0.000,0.000,0.000,0.000
GOODNIT1_UNIT2,GOODNIT1_ALL,,0,0,129.000,0.000,0.000,0.000,0.000,0,0.000,0.000,0.000,0.000
GOPHER_UNIT1,FLUVANNA_1_2,,0,0,82.000,0.000,0.000,0.000,0.000,0,0.000,0.000,0.000,0.000
GOPHER_UNIT2,FLUVANNA_1_2,,0,0,76.000,0.000,0.000,0.000,0.000,0,0.000,0.000,0.000,0.000
GPASTURE_WIND_I,GPASTURE_ALL,,0,0,125.000,0.000,0.000,0.000,0.000,0,0.000,0.000,0.000,0.000
GRANDVW1_COLA,GRANDVW1_A_B,,0,0,92.200,0.000,0.000,0.000,0.000,0,0.000,0.000,0.000,0.000
GRANDVW1_COLB,GRANDVW1_A_B,,0,0,94.500,0.000,0.000,0.000,0.000,0,0.000,0.000,0.000,0.000
GRANDVW1_GV1A,GRANDVW1_A_B,,0,0,98.400,0.000,0.000,0.000,0.000,0,0.000,0.000,0.000,0.000
GRANDVW1_GV1B,GRANDVW1_A_B,,0,0,96.300,0.000,0.000,0.000,0.000,0,0.000,0.000,0.000,0.000
GRAN_SLR_UNIT1,GRAN_SLR_RN,,0,0,50.000,0.000,0.000,0.000,0.000,0,0.000,0.000,0.000,0.000
GREASWOD_UNIT1,GREASWOD_ALL,,0,0,118.900,0.000,0.000,0.000,0.000,0,0.000,0.000,0.000,0.000
GREASWOD_UNIT2,GREASWOD_ALL,,0,0,130.400,0.000,0.000,0.000,0.000,0,0.000,0.000,0.000,0.000
GRIF_TRL_UNIT1,GRIF_TRL_RN,,0,0,92.800,0.000,0.000,0.000,0.000,0,0.000,0.000,0.000,0.000
GRIF_TRL_UNIT2,GRIF_TRL_RN,,0,0,123.300,0.000,0.000,0.000,0.000,0,0.000,0.000,0.000,0.000
GRIM_SLR_UNIT1,GRIM_SLR_RN,,0,0,103.600,0.000,0.000,0.000,0.000,0,0.000,0.000,0.000,0.000
GRIM_SLR_UNIT2,GRIM_SLR_RN,,0,0,79.100,0.000,0.000,0.000,0.000,0,0.000,0.000,0.000,0.000
GRIM_SLR_UNIT3,GRIM_SLR_RN,,0,0,26.800,0.000,0.000,0.000,0.000,0,0.000,0.000,0.000,0.000
GRSES_UNIT1,GRSES_UNIT1,,0,0,239.000,0.000,9.560,9.560,0.000,0,38.082,0.000,0.000,0.000
GRSES_UNIT2,GRSES_UNIT2,,0,0,395.000,0.000,15.800,15.800,0.000,0,38.082,0.000,0.000,0.000
GRYH_SLR_SOLAR1,GRYH_SLR_RN,,0,0,167.200,0.000,0.000,0.000,0.000,0,0.000,0.000,0.000,0.000
GRYH_SLR_SOLAR2,GRYH_SLR_RN,,0,0,34.200,0.000,0.000,0.000,0.000,0,0.000,0.000,0.000,0.000
GRYH_SLR_SOLAR3,GRYH_SLR_RN,,0,0,46.600,0.000,0.000,0.000,0.000,0,0.000,0.000,0.000,0.000
GRYH_SLR_SOLAR4,GRYH_SLR_RN,,0,0,20.600,0.000,0.000,0.000,0.000,0,0.000,0.000,0.000,0.000
GRYH_SLR_SOLAR5,GRYH_SLR_RN,,0,0,26.400,0.000,0.000,0.000,0.000,0,0.000,0.000,0.000,0.000
GRYH_SLR_SOLAR6,GRYH_SLR_RN,,0,0,27.700,0.000,0.000,0.000,0.000,0,0.000,0.000,0.000,0.000
GRYH_SLR_SOLAR7,GRYH_SLR_RN,,0,0,93.900,0.000,0.000,0.000,0.000,0,0.000,0.000,0.000,0.000
GRYH_SLR_SOLAR8,GRYH_SLR_RN,,0,0,100.800,0.000,0.000,0.000,0.000,0,0.000,0.000,0.000,0.000
GUNMTN_G1,GUNMTN_NODE,,0,0,105.900,0.000,0.000,0.000,0.000,0,0.000,0.000,0.000,0.000
GWEC_GWEC_G1,GWEC_G1,,0,0,121.900,0.000,0.000,0.000,0.000,0,0.000,0.000,0.000,0.000
HALO_SLR_UNIT1,HALO_RN1,,0,0,239.100,0.000,0.000,0.000,0.000,0,0.000,0.000,0.000,0.000
HARALD_UNIT1,NBOHR_RN,,0,0,152.900,0.000,0.000,0.000,0.000,0,0.000,0.000,0.000,0.000
HART_WND_UNIT1,HART_WND_RN,,0,0,162.900,0.000,0.000,0.000,0.000,0,0.000,0.000,0.000,0.000
HAYSEN_HAYSENG1,HAYSEN1_2,,0,0,265.000,0.000,17.834,17.834,0.000,0,0.000,0.000,0.000,0.000
HAYSEN_HAYSENG2,HAYSEN1_2,,0,0,265.000,0.000,17.834,17.834,0.000,0,0.000,0.000,0.000,0.000
HAYSEN_HAYSENG3,HAYSEN3_4,,0,0,271.000,0.000,18.238,18.238,0.000,0,0.000,0.000,0.000,0.000
HAYSEN_HAYSENG4,HAYSEN3_4,,0,0,264.000,0.000,17.767,17.767,0.000,0,0.000,0.000,0.000,0.000
HELIOS_UNIT1,HELIOS_RN,,0,0,85.000,0.000,0.000,0.000,0.000,0,0.000,0.000,0.000,0.000
HHGT_CALLAHAN,HHGT_KENDAL,,0,0,113.700,0.000,0.000,0.000,0.000,0,0.000,0.000,0.000,0.000
HHGT_HHOLLOW1,HHGT_KENDAL,,0,0,213.000,0.000,0.000,0.000,0.000,0,0.000,0.000,0.000,0.000
HHGT_HHOLLOW2,HHGT_KENDAL,,0,0,182.700,0.000,0.000,0.000,0.000,0,0.000,0.000,0.000,0.000
HHGT_HHOLLOW3,HHGT_KENDAL,,0,0,223.500,0.000,0.000,0.000,0.000,0,0.000,0.000,0.000,0.000
HHGT_HHOLLOW4,HHGT_KENDAL,,0,0,112.900,0.000,0.000,0.000,0.000,0,0.000,0.000,0.000,0.000
HICKMAN_G1_J01,HICK_G1_G2,,0,0,75.000,0.000,0.000,0.000,0.000,0,0.000,0.000,0.000,0.000
HICKMAN_G1_J02,HICK_G1_G2,,0,0,75.000,0.000,0.000,0.000,0.000,0,0.000,0.000,0.000,0.000
HICKMAN_G2_J01,HICK_G1_G2,,0,0,71.700,0.000,0.000,0.000,0.000,0,0.000,0.000,0.000,0.000
HICKMAN_G2_J02,HICK_G1_G2,,0,0,71.700,0.000,0.000,0.000,0.000,0,0.000,0.000,0.000,0.000
HI_LONE_WGR1A,HI_LONE_ALL,,0,0,43.800,0.000,0.000,0.000,0.000,0,0.000,0.000,0.000,0.000
HI_LONE_WGR1B,HI_LONE_ALL,,0,0,51.600,0.000,0.000,0.000,0.000,0,0.000,0.000,0.000,0.000
HI_LONE_WGR1C,HI_LONE_ALL,,0,0,24.700,0.000,0.000,0.000,0.000,0,0.000,0.000,0.000,0.000
HI_LONE_WGR2,HI_LONE_ALL,,0,0,99.600,0.000,0.000,0.000,0.000,0,0.000,0.000,0.000,0.000
HI_LONE_WGR2A,HI_LONE_ALL,,0,0,24.800,0.000,0.000,0.000,0.000,0,0.000,0.000,0.000,0.000
HI_LONE_WGR3,HI_LONE_ALL,,0,0,102.900,0.000,0.000,0.000,0.000,0,0.000,0.000,0.000,0.000
HI_LONE_WGR4,HI_LONE_ALL,,0,0,84.800,0.000,0.000,0.000,0.000,0,0.000,0.000,0.000,0.000
HKSN_SLR_UNIT1,HKSN_SLR_ALL,,0,0,149.700,0.000,0.000,0.000,0.000,0,0.000,0.000,0.000,0.000
HKSN_SLR_UNIT2,HKSN_SLR_ALL,,0,0,3.900,0.000,0.000,0.000,0.000,0,0.000,0.000,0.000,0.000
HKSN_SLR_UNIT3,HKSN_SLR_ALL,,0,0,157.500,0.000,0.000,0.000,0.000,0,0.000,0.000,0.000,0.000
HLSES_UNIT3,HLSES_UNIT3,,0,0,375.000,0.000,15.000,15.000,0.000,0,0.000,0.000,0.000,0.000
HLSES_UNIT4,HLSES_UNIT4,,0,0,435.000,0.000,17.400,17.400,0.000,0,0.000,0.000,0.000,0.000
HLSES_UNIT5,HLSES_UNIT5,,0,0,435.000,0.000,17.400,17.400,0.000,0,0.000,0.000,0.000,0.000
HOLSTEIN_SOLAR1,HOLSTEIN_ALL,,0,0,92.200,0.000,0.000,0.000,0.000,0,0.000,0.000,0.000,0.000
HOLSTEIN_SOLAR2,HOLSTEIN_ALL,,0,0,93.000,0.000,0.000,0.000,0.000,0,0.000,0.000,0.000,0.000
HOL_UNIT1,HOL_ALL,,0,0,172.000,0.000,0.000,0.000,0.000,0,0.000,0.000,0.000,0.000
HOL_UNIT2,HOL_ALL,,0,0,183.500,0.000,0.000,0.000,0.000,0,0.000,0.000,0.000,0.000
HOPKNSLR_UNIT1,HOPKNSLR_ALL,,0,0,147.300,0.000,0.000,0.000,0.000,0,0.000,0.000,0.000,0.000
HOPKNSLR_UNIT2,HOPKNSLR_ALL,,0,0,65.600,0.000,0.000,0.000,0.000,0,0.000,0.000,0.000,0.000
HORSECRK_UNIT1,HORSECRK_RN,,0,0,125.400,0.000,0.000,0.000,0.000,0,0.000,0.000,0.000,0.000
HORSECRK_UNIT2,HORSECRK_RN,,0,0,93.100,0.000,0.000,0.000,0.000,0,0.000,0.000,0.000,0.000
HOVEY_UNIT1,HOVEY_GEN,,0,0,17.900,0.000,0.000,0.000,0.000,0,0.000,0.000,0.000,0.000
HOVEY_UNIT2,HOVEY_GEN,,0,0,6.400,0.000,0.000,0.000,0.000,0,0.000,0.000,0.000,0.000
HRFDWIND_JRDWIND1,HRFDWIND_ALL,,0,0,124.600,0.000,0.000,0.000,0.000,0,0.000,0.000,0.000,0.000
HRFDWIND_JRDWIND2,HRFDWIND_ALL,,0,0,132.100,0.000,0.000,0.000,0.000,0,0.000,0.000,0.000,0.000
HRFDWIND_WIND_G,HRFDWIND_ALL,,0,0,87.600,0.000,0.000,0.000,0.000,0,0.000,0.000,0.000,0.000
HRFDWIND_WIND_V,HRFDWIND_ALL,,0,0,100.000,0.000,0.000,0.000,0.000,0,0.000,0.000,0.000,0.000
HRMS_SLR_UNIT1,HRMS_SLR_RN,,0,0,66.400,0.000,0.000,0.000,0.000,0,0.000,0.000,0.000,0.000
HRNT_SLR_UNIT1,HRNT_SLR_RN,,0,0,200.000,0.000,0.000,0.000,0.000,0,0.000,0.000,0.000,0.000
HRNT_SLR_UNIT2,HRNT_SLR_RN,,0,0,200.000,0.000,0.000,0.000,0.000,0,0.000,0.000,0.000,0.000
HRNT_SLR_UNIT3,HRNT_SLR_RN,,0,0,200.000,0.000,0.000,0.000,0.000,0,0.000,0.000,0.000,0.000
HRZN_SLR_UNIT1,HRZN_SLR_UN1,,0,0,200.000,0.000,0.000,0.000,0.000,0,0.000,0.000,0.000,0.000
HWF_HWFG1,HWF_HWFG1,,0,0,125.000,0.000,0.000,0.000,0.000,0,0.000,0.000,0.000,0.000
IMPACT_UNIT1,IMP_RN1,,0,0,185.300,0.000,0.000,0.000,0.000,0,0.000,0.000,0.000,0.000
INDL_INADALE1,IND_INADALE1,,0,0,93.400,0.000,0.000,0.000,0.000,0,0.000,0.000,0.000,0.000
INDL_INADALE2,IND_INADALE1,,0,0,102.000,0.000,0.000,0.000,0.000,0,0.000,0.000,0.000,0.000
INDNNWP_INDNNWP2,INDNNWP_RN,,0,0,63.700,0.000,0.000,0.000,0.000,0,0.000,0.000,0.000,0.000
INKSDA_INKS_G1,INKS_INKS_G1,,0,0,13.000,0.000,0.000,0.000,0.000,0,0.000,0.000,0.000,0.000
INRT_W_UNIT1,INRT_W_ALL,,0,0,67.700,0.000,0.000,0.000,0.000,0,0.000,0.000,0.000,0.000
INRT_W_UNIT2,INRT_W_ALL,,0,0,26.800,0.000,0.000,0.000,0.000,0,0.000,0.000,0.000,0.000
INRT_W_UNIT3,INRT_W_ALL,,0,0,205.900,0.000,0.000,0.000,0.000,0,0.000,0.000,0.000,0.000
JADE_SLR_UNIT1,JADE_SLR_ALL,,0,0,156.500,0.000,0.000,0.000,0.000,0,0.000,0.000,0.000,0.000
JADE_SLR_UNIT2,JADE_SLR_ALL,,0,0,162.000,0.000,0.000,0.000,0.000,0,0.000,0.000,0.000,0.000
JAD_UNIT1,JAD_RN,,0,0,43.400,0.000,2.921,2.921,0.000,0,0.000,0.000,0.000,0.000
JAD_UNIT2,JAD_RN,,0,0,45.000,0.000,3.028,3.028,0.000,0,0.000,0.000,0.000,0.000
JAD_UNIT3,JAD_RN,,0,0,47.600,0.000,3.203,3.203,0.000,0,0.000,0.000,0.000,0.000
JAD_UNIT4,JAD_RN,,0,0,45.500,0.000,3.062,3.062,0.000,0,0.000,0.000,0.000,0.000
JAD_UNIT5,JAD_RN,,0,0,46.500,0.000,3.129,3.129,0.000,0,0.000,0.000,0.000,0.000
JAD_UNIT6,JAD_RN,,0,0,43.600,0.000,2.934,2.934,0.000,0,42.259,0.000,0.000,0.000
JAD_UNIT7,JAD_RN,,0,0,46.600,0.000,3.136,3.136,0.000,0,0.000,0.000,0.000,0.000
JAD_UNIT8,JAD_RN,,0,0,46.600,0.000,3.136,3.136,0.000,0,42.259,0.000,0.000,0.000
JAY_UNIT1,JAY_RN_1,,0,0,83.200,0.000,0.000,0.000,0.000,0,0.000,0.000,0.000,0.000
JAY_UNIT2,JAY_RN_1,,0,0,144.900,0.000,0.000,0.000,0.000,0,0.000,0.000,0.000,0.000
JKLP_SLR_PV1,JKLP_SLR_RN,,0,0,67.300,0.000,0.000,0.000,0.000,0,0.000,0.000,0.000,0.000
JKLP_SLR_PV2,JKLP_SLR_RN,,0,0,62.600,0.000,0.000,0.000,0.000,0,0.000,0.000,0.000,0.000
JUNG_SLR_UNIT1,JUNG_SLR_RN,,0,0,40.000,0.000,0.000,0.000,0.000,0,0.000,0.000,0.000,0.000
JUNO_UNIT1,JUNO_ALL,,0,0,162.100,0.000,0.000,0.000,0.000,0,0.000,0.000,0.000,0.000
JUNO_UNIT2,JUNO_ALL,,0,0,143.500,0.000,0.000,0.000,0.000,0,0.000,0.000,0.000,0.000
K2_DGR1,K2_DGR1_RN,,0,0,22.700,0.000,2.000,2.000,0.000,0,42.259,0.000,0.000,0.000
K2_DGR2,K2_DGR2_RN,,0,0,24.700,0.000,2.000,2.000,0.000,0,42.259,0.000,0.000,0.000
KARAKAW1_UNIT1,KARAKAW1_1,,0,0,83.100,0.000,0.000,0.000,0.000,0,0.000,0.000,0.000,0.000
KARAKAW1_UNIT2,KARAKAW1_1,,0,0,90.100,0.000,0.000,0.000,0.000,0,0.000,0.000,0.000,0.000
KARAKAW2_UNIT3,KARAKAW2_1,,0,0,91.600,0.000,0.000,0.000,0.000,0,0.000,0.000,0.000,0.000
KEECHI_U1,KEECHI_U1,,0,0,106.800,0.000,0.000,0.000,0.000,0,0.000,0.000,0.000,0.000
KELAM_SL_UNIT1,KELAMSL_U1,,0,0,43.800,0.000,0.000,0.000,0.000,0,0.000,0.000,0.000,0.000
KEO_SHRBINO2,KEO_KEO_SM1,,0,0,127.600,0.000,0.000,0.000,0.000,0,0.000,0.000,0.000,0.000
KING_NE_KINGNE,KINGE_ALL,,0,0,24.700,0.000,0.000,0.000,0.000,0,0.000,0.000,0.000,0.000
KING_NW_KINGNW,KINGW_ALL,,0,0,1.600,0.000,0.000,0.000,0.000,0,0.000,0.000,0.000,0.000
LACASAWD_UNIT1,LACASAWD_RN,,0,0,11.500,0.000,0.000,0.000,0.000,0,0.000,0.000,0.000,0.000
LACASAWD_UNIT2,LACASAWD_RN,,0,0,125.700,0.000,0.000,0.000,0.000,0,0.000,0.000,0.000,0.000
LACASAWD_UNIT3,LACASAWD_RN,,0,0,2.700,0.000,0.000,0.000,0.000,0,0.000,0.000,0.000,0.000
LACY_CRK_UNIT1,LACY_CRK_ALL,,0,0,135.400,0.000,0.000,0.000,0.000,0,0.000,0.000,0.000,0.000
LACY_CRK_UNIT2,LACY_CRK_ALL,,0,0,15.100,0.000,0.000,0.000,0.000,0,0.000,0.000,0.000,0.000
LACY_CRK_UNIT3,LACY_CRK_ALL,,0,0,138.200,0.000,0.000,0.000,0.000,0,0.000,0.000,0.000,0.000
LACY_CRK_UNIT4,LACY_CRK_ALL,,0,0,12.400,0.000,0.000,0.000,0.000,0,0.000,0.000,0.000,0.000
LAPETUS_UNIT_1,LAPETUS_U1,,0,0,73.700,0.000,0.000,0.000,0.000,0,0.000,0.000,0.000,0.000
LARDVFTN_G4,LARDVFTN_G4,,0,0,91.000,0.000,6.124,6.124,0.000,0,0.000,0.000,0.000,0.000
LARDVFTN_G5,LARDVFTN_G5,,0,0,89.000,0.000,5.990,5.990,0.000,0,42.259,0.000,0.000,0.000
LASSO_UNIT1,LASSO_GEN,,0,0,19.200,0.000,0.000,0.000,0.000,0,0.000,0.000,0.000,0.000
LEG_LEG_G1,LEG_LEG_G1,,0,0,818.000,0.000,15.869,15.869,0.000,0,24.836,0.000,0.000,0.000
LEG_LEG_G2,LEG_LEG_G2,,0,0,857.000,0.000,16.626,16.626,0.000,0,24.836,0.000,0.000,0.000
LEON_CRK_LCPCT1,LEONLCPCT1_2,,0,0,45.000,0.000,3.028,3.028,0.000,0,0.000,0.000,0.000,0.000
LEON_CRK_LCPCT2,LEONLCPCT1_2,,0,0,45.000,0.000,3.028,3.028,0.000,0,42.259,0.000,0.000,0.000
LEON_CRK_LCPCT3,LEONLCPCT3_4,,0,0,45.000,0.000,3.028,3.028,0.000,0,0.000,0.000,0.000,0.000
LEON_CRK_LCPCT4,LEONLCPCT3_4,,0,0,45.000,0.000,3.028,3.028,0.000,0,0.000,0.000,0.000,0.000
LEON_SLR_UNIT1,LEON_SLR_RN,,0,0,77.700,0.000,0.000,0.000,0.000,0,0.000,0.000,0.000,0.000
LEON_SLR_UNIT2,LEON_SLR_RN,,0,0,76.400,0.000,0.000,0.000,0.000,0,0.000,0.000,0.000,0.000
LGDRAW_S_UNIT1_1,LGDRAW_S_ALL,,0,0,98.500,0.000,0.000,0.000,0.000,0,0.000,0.000,0.000,0.000
LGDRAW_S_UNIT1_2,LGDRAW_S_ALL,,0,0,124.400,0.000,0.000,0.000,0.000,0,0.000,0.000,0.000,0.000
LGD_LANGFORD,LGD_LANGFORD,,0,0,149.500,0.000,0.000,0.000,0.000,0,0.000,0.000,0.000,0.000
LGW_UNIT1,LGW_UNIT_ALL,,0,0,92.700,0.000,0.000,0.000,0.000,0,0.000,0.000,0.000,0.000
LGW_UNIT2,LGW_UNIT_ALL,,0,0,91.300,0.000,0.000,0.000,0.000,0,0.000,0.000,0.000,0.000
LHM_CVC_G4,LHM_CVC_G4,,0,0,93.500,0.000,6.293,6.293,0.000,0,42.259,0.000,0.000,0.000
LHORN_N_UNIT1,LHORN_N_U1_2,,0,0,94.300,0.000,0.000,0.000,0.000,0,0.000,0.000,0.000,0.000
LHORN_N_UNIT2,LHORN_N_U1_2,,0,0,94.400,0.000,0.000,0.000,0.000,0,0.000,0.000,0.000,0.000
LHSES_UNIT1,LHSES_UNIT1,,0,0,392.000,0.000,15.680,15.680,0.000,0,0.000,0.000,0.000,0.000
LHSES_UNIT2A,LHSES_UNIT2,,0,0,523.000,0.000,20.920,20.920,0.000,0,38.082,0.000,0.000,0.000
LIG_UNIT1,LIG_RN,,0,0,39.000,0.000,2.625,2.625,0.000,0,42.259,0.000,0.000,0.000
LIG_UNIT2,LIG_RN,,0,0,39.000,0.000,2.625,2.625,0.000,0,42.259,0.000,0.000,0.000
LILY_SOLAR1,LILY_RN,,0,0,139.500,0.000,0.000,0.000,0.000,0,0.000,0.000,0.000,0.000
LMAJADAS_UNIT1,LMAJADAS_ALL,,0,0,101.300,0.000,0.000,0.000,0.000,0,0.000,0.000,0.000,0.000
LMAJADAS_UNIT2,LMAJADAS_ALL,,0,0,21.500,0.000,0.000,0.000,0.000,0,0.000,0.000,0.000,0.000
LMAJADAS_UNIT3,LMAJADAS_ALL,,0,0,129.200,0.000,0.000,0.000,0.000,0,0.000,0.000,0.000,0.000
LMESASLR_IVORY,LAMESASLR_G,,0,0,48.600,0.000,0.000,0.000,0.000,0,0.000,0.000,0.000,0.000
LMESASLR_UNIT1,LAMESASLR_G,,0,0,93.800,0.000,0.000,0.000,0.000,0,0.000,0.000,0.000,0.000
LNCRK2_G871,LNCRK_ALL,,0,0,57.500,0.000,0.000,0.000,0.000,0,0.000,0.000,0.000,0.000
LNCRK2_G872,LNCRK_ALL,,0,0,62.700,0.000,0.000,0.000,0.000,0,0.000,0.000,0.000,0.000
LNCRK_G83,LNCRK_ALL,,0,0,110.700,0.000,0.000,0.000,0.000,0,0.000,0.000,0.000,0.000
LNP_SOLAR1,RN_LNP_SLR,,0,0,118.400,0.000,0.000,0.000,0.000,0,0.000,0.000,0.000,0.000
LOCKETT_UNIT1,ELECTRAW_1_2,,0,0,180.200,0.000,0.000,0.000,0.000,0,0.000,0.000,0.000,0.000
LONEWOLF_G1,LONEWOLF_ALL,,0,0,38.800,0.000,0.000,0.000,0.000,0,0.000,0.000,0.000,0.000
LONEWOLF_G2,LONEWOLF_ALL,,0,0,43.200,0.000,0.000,0.000,0.000,0,0.000,0.000,0.000,0.000
LONEWOLF_G3,LONEWOLF_ALL,,0,0,23.800,0.000,0.000,0.000,0.000,0,0.000,0.000,0.000,0.000
LONEWOLF_G4,LONEWOLF_ALL,,0,0,21.900,0.000,0.000,0.000,0.000,0,0.000,0.000,0.000,0.000
LON_SOLAR1,LON_RN1,,0,0,66.700,0.000,0.000,0.000,0.000,0,0.000,0.000,0.000,0.000
LV1_LV1A,LV1A_LV1B,,0,0,68.700,0.000,0.000,0.000,0.000,0,0.000,0.000,0.000,0.000
LV2_LV2,LV1A_LV1B,,0,0,151.500,0.000,0.000,0.000,0.000,0,0.000,0.000,0.000,0.000
LV3_UNIT_1,LV3_RN,,0,0,140.300,0.000,0.000,0.000,0.000,0,0.000,0.000,0.000,0.000
LV4_UNIT_1,LV4_UNIT_1,,0,0,128.500,0.000,0.000,0.000,0.000,0,0.000,0.000,0.000,0.000
LV5_UNIT_1,LV5_UNIT1,,0,0,26.900,0.000,0.000,0.000,0.000,0,0.000,0.000,0.000,0.000
MAG_UNIT1,MAG_RN,,0,0,66.800,0.000,0.000,0.000,0.000,0,0.000,0.000,0.000,0.000
MAG_UNIT2,MAG_RN,,0,0,70.600,0.000,0.000,0.000,0.000,0,0.000,0.000,0.000,0.000
MAND_SLR_UNIT1,MAND_SLR_RN,,0,0,244.900,0.000,0.000,0.000,0.000,0,0.000,0.000,0.000,0.000
MARBFA_MARBFAG1,MARBFA,,0,0,20.000,0.000,0.000,0.000,0.000,0,0.000,0.000,0.000,0.000
MARBFA_MARBFAG2,MARBFA,,0,0,19.000,0.000,0.000,0.000,0.000,0,0.000,0.000,0.000,0.000
MARIAH_NORTE1,MARIAH_ALL,,0,0,107.100,0.000,0.000,0.000,0.000,0,0.000,0.000,0.000,0.000
MARIAH_NORTE2,MARIAH_ALL,,0,0,115.200,0.000,0.000,0.000,0.000,0,0.000,0.000,0.000,0.000
MARSFO_MARSFOG1,MAR_MARSFOG1,,0,0,35.000,0.000,0.000,0.000,0.000,0,0.000,0.000,0.000,0.000
MARSFO_MARSFOG2,MAR_MARSFOG2,,0,0,35.000,0.000,0.000,0.000,0.000,0,1999.910,0.000,0.000,0.000
MARSFO_MARSFOG3,MAR_MARSFOG3,,0,0,35.000,0.000,0.000,0.000,0.000,0,0.000,0.000,0.000,0.000
MARYNEAL_UNIT1,SWTWN4_WND45,,0,0,140.200,0.000,0.000,0.000,0.000,0,0.000,0.000,0.000,0.000
MAVCRK_E_UNIT5,MAVCRK_W_ALL,,0,0,60.700,0.000,0.000,0.000,0.000,0,0.000,0.000,0.000,0.000
MAVCRK_E_UNIT6,MAVCRK_W_ALL,,0,0,30.500,0.000,0.000,0.000,0.000,0,0.000,0.000,0.000,0.000
MAVCRK_E_UNIT7,MAVCRK_W_ALL,,0,0,18.000,0.000,0.000,0.000,0.000,0,0.000,0.000,0.000,0.000
MAVCRK_E_UNIT8,MAVCRK_W_ALL,,0,0,16.900,0.000,0.000,0.000,0.000,0,0.000,0.000,0.000,0.000
MAVCRK_E_UNIT9,MAVCRK_W_ALL,,0,0,66.200,0.000,0.000,0.000,0.000,0,0.000,0.000,0.000,0.000
MAVCRK_W_UNIT1,MAVCRK_W_ALL,,0,0,172.100,0.000,0.000,0.000,0.000,0,0.000,0.000,0.000,0.000
MAVCRK_W_UNIT2,MAVCRK_W_ALL,,0,0,9.700,0.000,0.000,0.000,0.000,0,0.000,0.000,0.000,0.000
MAVCRK_W_UNIT3,MAVCRK_W_ALL,,0,0,28.000,0.000,0.000,0.000,0.000,0,0.000,0.000,0.000,0.000
MAVCRK_W_UNIT4,MAVCRK_W_ALL,,0,0,19.300,0.000,0.000,0.000,0.000,0,0.000,0.000,0.000,0.000
MCDLD_FCW1,MCDLD_FCSBW1,,0,0,123.200,0.000,0.000,0.000,0.000,0,0.000,0.000,0.000,0.000
MCDLD_SB1_2,MCDLD_FCSBW1,,0,0,69.300,0.000,0.000,0.000,0.000,0,0.000,0.000,0.000,0.000
MCDLD_SB3_282,MCDLD_FCSBW1,,0,0,14.100,0.000,0.000,0.000,0.000,0,0.000,0.000,0.000,0.000
MCDLD_SB4_G87,MCDLD_FCSBW1,,0,0,3.200,0.000,0.000,0.000,0.000,0,0.000,0.000,0.000,0.000
MCLNSLR_UNIT1,MCLNSLR_RN,,0,0,196.200,0.000,0.000,0.000,0.000,0,0.000,0.000,0.000,0.000
MCSES_UNIT6,MCSES_UNIT6,,0,0,122.000,0.000,4.880,4.880,0.000,0,38.082,0.000,0.000,0.000
MCSES_UNIT7,MCSES_UNIT7,,0,0,118.000,0.000,4.720,4.720,0.000,0,38.082,0.000,0.000,0.000
MCSES_UNIT8,MCSES_UNIT8,,0,0,568.000,0.000,17.040,17.040,0.000,0,51.493,0.000,0.000,0.000
MDANP_CT1,MDANP_CT1_2,,0,0,268.000,0.000,18.036,18.036,0.000,0,0.000,0.000,0.000,0.000
MDANP_CT2,MDANP_CT1_2,,0,0,268.000,0.000,18.036,18.036,0.000,0,0.000,0.000,0.000,0.000
MDANP_CT3,MDANP_CT3_4,,0,0,271.000,0.000,18.238,18.238,0.000,0,0.000,0.000,0.000,0.000
MDANP_CT4,MDANP_CT3_4,,0,0,266.000,0.000,17.902,17.902,0.000,0,0.000,0.000,0.000,0.000
MDANP_CT5,MDANP_CT5_6,,0,0,268.000,0.000,18.036,18.036,0.000,0,0.000,0.000,0.000,0.000
MDANP_CT6,MDANP_CT5_6,,0,0,265.000,0.000,17.834,17.834,0.000,0,0.000,0.000,0.000,0.000
MERCURY_PV1,MERCURY_ALL,,0,0,200.000,0.000,0.000,0.000,0.000,0,0.000,0.000,0.000,0.000
MERCURY_PV2,MERCURY_ALL,,0,0,200.000,0.000,0.000,0.000,0.000,0,0.000,0.000,0.000,0.000
MESQCRK_WND1,MESQCRK_ALL,,0,0,72.100,0.000,0.000,0.000,0.000,0,0.000,0.000,0.000,0.000
MESQCRK_WND2,MESQCRK_ALL,,0,0,75.600,0.000,0.000,0.000,0.000,0,0.000,0.000,0.000,0.000
MESTENO_UNIT_1,MESTENO_RN,,0,0,180.500,0.000,0.000,0.000,0.000,0,0.000,0.000,0.000,0.000
MGSES_CT1,MGSES_CT123,,0,0,68.000,0.000,4.576,4.576,0.000,0,42.259,0.000,0.000,0.000
MGSES_CT2,MGSES_CT123,,0,0,67.000,0.000,4.509,4.509,0.000,0,42.259,0.000,0.000,0.000
MGSES_CT3,MGSES_CT123,,0,0,66.000,0.000,4.442,4.442,0.000,0,42.259,0.000,0.000,0.000
MGSES_CT4,MGSES_CT456,,0,0,68.000,0.000,4.576,4.576,0.000,0,42.259,0.000,0.000,0.000
MGSES_CT5,MGSES_CT456,,0,0,68.000,0.000,4.576,4.576,0.000,0,42.259,0.000,0.000,0.000
MGSES_CT6,MGSES_CT456,,0,0,68.000,0.000,4.576,4.576,0.000,0,42.259,0.000,0.000,0.000
MIAM1_G1,MIAM1_G1_G2,,0,0,126.900,0.000,0.000,0.000,0.000,0,0.000,0.000,0.000,0.000
MIAM1_G2,MIAM1_G1_G2,,0,0,126.600,0.000,0.000,0.000,0.000,0,0.000,0.000,0.000,0.000
MIDP_SLR_SOLAR1,MIDP_SLR_RN,,0,0,98.000,0.000,0.000,0.000,0.000,0,0.000,0.000,0.000,0.000
MIDWIND_UNIT1,WHITE_PT_UN1,,0,0,125.100,0.000,0.000,0.000,0.000,0,0.000,0.000,0.000,0.000
MIL_MILLERG2,MIL_MILG1_2,,0,0,120.000,0.000,4.800,4.800,0.000,0,0.000,0.000,0.000,0.000
MIL_MILLERG3,MIL_MILG345,,0,0,200.000,0.000,8.000,8.000,0.000,0,0.000,0.000,0.000,0.000
MIL_MILLERG4,MIL_MILG345,,0,0,125.000,0.000,8.412,8.412,0.000,0,0.000,0.000,0.000,0.000
MIL_MILLERG5,MIL_MILG345,,0,0,125.000,0.000,8.412,8.412,0.000,0,0.000,0.000,0.000,0.000
MIRAGE_GEN_0001,MIRAGE_G1,,0,0,11.000,0.000,2.000,2.000,0.000,0,42.259,0.000,0.000,0.000
MIRASOLE_MIR11,MIRASOLE_GEN,,0,0,50.300,0.000,0.000,0.000,0.000,0,0.000,0.000,0.000,0.000
MIRASOLE_MIR12,MIRASOLE_GEN,,0,0,92.900,0.000,0.000,0.000,0.000,0,0.000,0.000,0.000,0.000
MIRASOLE_MIR13,MIRASOLE_GEN,,0,0,48.300,0.000,0.000,0.000,0.000,0,0.000,0.000,0.000,0.000
MIRASOLE_MIR21,MIRASOLE_GEN,,0,0,92.900,0.000,0.000,0.000,0.000,0,0.000,0.000,0.000,0.000
MISAE_UNIT1,MISAE_GEN_RN,,0,0,121.400,0.000,0.000,0.000,0.000,0,0.000,0.000,0.000,0.000
MISAE_UNIT2,MISAE_GEN_RN,,0,0,114.800,0.000,0.000,0.000,0.000,0,0.000,0.000,0.000,0.000
MLB_SLR_SOLAR1,MLB_SLR_RN,,0,0,200.000,0.000,0.000,0.000,0.000,0,0.000,0.000,0.000,0.000
MLB_SLR_SOLAR2,MLB_SLR_RN,,0,0,124.400,0.000,0.000,0.000,0.000,0,0.000,0.000,0.000,0.000
MLSES_UNIT1,MLSES_UNIT1,,0,0,815.000,0.000,15.811,15.811,0.000,0,0.000,0.000,0.000,0.000
MLSES_UNIT2,MLSES_UNIT2,,0,0,820.000,0.000,15.908,15.908,0.000,0,0.000,0.000,0.000,0.000
MLSES_UNIT3,MLSES_UNIT3,,0,0,820.000,0.000,15.908,15.908,0.000,0,0.000,0.000,0.000,0.000
MONTECR1_WIND1,MONTECR1_RN,,0,0,218.100,0.000,0.000,0.000,0.000,0,0.000,0.000,0.000,0.000
MONT_WND_UNIT1,MONT_WND_RN,,0,0,89.800,0.000,0.000,0.000,0.000,0,0.000,0.000,0.000,0.000
MONT_WND_UNIT2,MONT_WND_RN,,0,0,77.900,0.000,0.000,0.000,0.000,0,0.000,0.000,0.000,0.000
MOZART_WIND_1,MOZART_WIND1,,0,0,17.500,0.000,0.000,0.000,0.000,0,0.000,0.000,0.000,0.000
MRKM_SLR_PV1,MRKM_SLR_RN,,0,0,161.000,0.000,0.000,0.000,0.000,0,0.000,0.000,0.000,0.000
MROW_SLR_SOLAR1,MROW_SLR_RN,,0,0,200.000,0.000,0.000,0.000,0.000,0,0.000,0.000,0.000,0.000
MUSTNGCK_SOLAR1,MUSTNGCK_ALL,,0,0,58.500,0.000,0.000,0.000,0.000,0,0.000,0.000,0.000,0.000
MUSTNGCK_SOLAR2,MUSTNGCK_ALL,,0,0,86.300,0.000,0.000,0.000,0.000,0,0.000,0.000,0.000,0.000
MWEC_G1,MWEC_G1,,0,0,129.700,0.000,0.000,0.000,0.000,0,0.000,0.000,0.000,0.000
MYR_UNIT1,MYR_ALL,,0,0,111.900,0.000,0.000,0.000,0.000,0,0.000,0.000,0.000,0.000
MYR_UNIT2,MYR_ALL,,0,0,105.300,0.000,0.000,0.000,0.000,0,0.000,0.000,0.000,0.000
NBOHR_UNIT1,NBOHR_RN,,0,0,179.200,0.000,0.000,0.000,0.000,0,0.000,0.000,0.000,0.000
NEBULA_UNIT1,NEBULA_RN,,0,0,137.500,0.000,0.000,0.000,0.000,0,0.000,0.000,0.000,0.000
NOBLESLR_SOLAR1,NOBLESLR_ALL,,0,0,129.300,0.000,0.000,0.000,0.000,0,0.000,0.000,0.000,0.000
NOBLESLR_SOLAR2,NOBLESLR_ALL,,0,0,105.800,0.000,0.000,0.000,0.000,0,0.000,0.000,0.000,0.000
NOVA1SLR_UNIT1,NOVA1SLR_ALL,,0,0,126.000,0.000,0.000,0.000,0.000,0,0.000,0.000,0.000,0.000
NOVA1SLR_UNIT2,NOVA1SLR_ALL,,0,0,126.000,0.000,0.000,0.000,0.000,0,0.000,0.000,0.000,0.000
NOVA2SLR_UNIT1,NOVA2S_UNIT1,,0,0,200.000,0.000,0.000,0.000,0.000,0,0.000,0.000,0.000,0.000
NRTN_SLR_SOLAR1,NRTN_SLR_RN,,0,0,125.000,0.000,0.000,0.000,0.000,0,0.000,0.000,0.000,0.000
NWF_NWF1,NWF_NWF1,,0,0,48.200,0.000,0.000,0.000,0.000,0,0.000,0.000,0.000,0.000
NWF_NWF2,NWF_NWF1,,0,0,30.100,0.000,0.000,0.000,0.000,0,0.000,0.000,0.000,0.000
OBERON_UNIT_1_J01,OBERON_U1,,0,0,95.900,0.000,0.000,0.000,0.000,0,0.000,0.000,0.000,0.000
OBERON_UNIT_1_J02,OBERON_U1,,0,0,4.900,0.000,0.000,0.000,0.000,0,0.000,0.000,0.000,0.000
OCI_ALM1_UNIT1,RN_OCI_ALAMO,,0,0,35.500,0.000,0.000,0.000,0.000,0,0.000,0.000,0.000,0.000
OGSES_UNIT1A,OGSES_1,,0,0,855.000,0.000,16.587,16.587,0.000,0,24.836,0.000,0.000,0.000
OGSES_UNIT2,OGSES_2,,0,0,855.000,0.000,16.587,16.587,0.000,0,24.836,0.000,0.000,0.000
OGS_SLR_UNIT1,OGS_SLR_RN,,0,0,130.000,0.000,0.000,0.000,0.000,0,0.000,0.000,0.000,0.000
OLINGR_OLING_2,OLIN_OLING_2,,0,0,107.000,0.000,4.280,4.280,0.000,0,0.000,0.000,0.000,0.000
OLINGR_OLING_3,OLIN_OLING_3,,0,0,90.000,0.000,3.600,3.600,0.000,0,0.000,0.000,0.000,0.000
OLINGR_OLING_4,OLIN_OLING_4,,0,0,79.000,0.000,5.317,5.317,0.000,0,0.000,0.000,0.000,0.000
ORIANA_UNIT1,ORIANA_RN,,0,0,180.100,0.000,0.000,0.000,0.000,0,0.000,0.000,0.000,0.000
OUTP_SLR_UNIT1,OUTP_SLR_RN,,0,0,257.000,0.000,0.000,0.000,0.000,0,0.000,0.000,0.000,0.000
OUTP_SLR_UNIT2,OUTP_SLR_RN,,0,0,258.200,0.000,0.000,0.000,0.000,0,0.000,0.000,0.000,0.000
OVEJA_G1,HICK_G1_G2,,0,0,144.100,0.000,0.000,0.000,0.000,0,0.000,0.000,0.000,0.000
OVEJA_G2,HICK_G1_G2,,0,0,145.500,0.000,0.000,0.000,0.000,0,0.000,0.000,0.000,0.000
OWF_OWF,OWF_OWF,,0,0,37.300,0.000,0.000,0.000,0.000,0,0.000,0.000,0.000,0.000
OXY_CC_OXY_CCG1,OXY_OXY_CCG1,,0,0,11.000,0.000,2.000,2.000,0.000,0,42.259,0.000,0.000,0.000
P2_DGR1,P2_DGR1_RN,,0,0,28.600,0.000,2.000,2.000,0.000,0,42.259,0.000,0.000,0.000
P2_DGR2,P2_DGR2_RN,,0,0,33.300,0.000,2.241,2.241,0.000,0,42.259,0.000,0.000,0.000
PALMWIND_UNIT1,PALMWI_UNIT1,,0,0,121.800,0.000,0.000,0.000,0.000,0,0.000,0.000,0.000,0.000
PAP1_PAP1,PAP1_PAP1,,0,0,69.700,0.000,0.000,0.000,0.000,0,0.000,0.000,0.000,0.000
PAR_UNIT1,PAR_RN,,0,0,218.900,0.000,0.000,0.000,0.000,0,0.000,0.000,0.000,0.000
PAR_UNIT2,PAR_RN,,0,0,214.100,0.000,0.000,0.000,0.000,0,0.000,0.000,0.000,0.000
PB2SES_CT1,PB2SES_CT1,,0,0,75.000,0.000,5.048,5.048,0.000,0,42.259,0.000,0.000,0.000
PB2SES_CT2,PB2SES_CT2,,0,0,77.000,0.000,5.182,5.182,0.000,0,42.259,0.000,0.000,0.000
PB2SES_CT3,PB2SES_CT3,,0,0,76.000,0.000,5.115,5.115,0.000,0,42.259,0.000,0.000,0.000
PB2SES_CT4,PB2SES_CT4,,0,0,76.000,0.000,5.115,5.115,0.000,0,42.259,0.000,0.000,0.000
PB2SES_CT5,PB2SES_CT5,,0,0,78.000,0.000,5.249,5.249,0.000,0,42.259,0.000,0.000,0.000
PCT_UNIT1,PCT_RN,,0,0,180.000,0.000,0.000,0.000,0.000,0,0.000,0.000,0.000,0.000
PC_NORTH_PANTHER1,PC_NORTH_1,,0,0,137.900,0.000,0.000,0.000,0.000,0,0.000,0.000,0.000,0.000
PC_SOUTH_PANTH31,PC_SOUTH_ALL,,0,0,92.600,0.000,0.000,0.000,0.000,0,0.000,0.000,0.000,0.000
PC_SOUTH_PANTH32,PC_SOUTH_ALL,,0,0,106.700,0.000,0.000,0.000,0.000,0,0.000,0.000,0.000,0.000
PC_SOUTH_PANTHER2,PC_SOUTH_ALL,,0,0,110.500,0.000,0.000,0.000,0.000,0,0.000,0.000,0.000,0.000
PEARSAL2_AGR_A,PEARSA_1_24,,0,0,50.000,0.000,4.165,4.165,0.000,0,150.712,0.000,0.000,0.000
PEARSAL2_AGR_B,PEARSA_1_24,,0,0,50.000,0.000,4.165,4.165,0.000,0,0.000,0.000,0.000,0.000
PEARSAL2_AGR_C,PEARSA_1_24,,0,0,50.000,0.000,4.165,4.165,0.000,0,150.712,0.000,0.000,0.000
PEARSAL2_AGR_D,PEARSA_1_24,,0,0,50.000,0.000,4.165,4.165,0.000,0,0.000,0.000,0.000,0.000
PENA3_UNIT3_J01,PENA_ALL,,0,0,39.400,0.000,0.000,0.000,0.000,0,0.000,0.000,0.000,0.000
PENA3_UNIT3_J02,PENA_ALL,,0,0,42.000,0.000,0.000,0.000,0.000,0,0.000,0.000,0.000,0.000
PENA_UNIT1,PENA_ALL,,0,0,135.200,0.000,0.000,0.000,0.000,0,0.000,0.000,0.000,0.000
PENA_UNIT2_J01,PENA_ALL,,0,0,24.600,0.000,0.000,0.000,0.000,0,0.000,0.000,0.000,0.000
PENA_UNIT2_J02,PENA_ALL,,0,0,91.600,0.000,0.000,0.000,0.000,0,0.000,0.000,0.000,0.000
PERE_SLR_UNIT1,PERE_SLR_RN,,0,0,152.200,0.000,0.000,0.000,0.000,0,0.000,0.000,0.000,0.000
PERE_SLR_UNIT2,PERE_SLR_RN,,0,0,147.700,0.000,0.000,0.000,0.000,0,0.000,0.000,0.000,0.000
PEY_UNIT1,PEY_RN,,0,0,100.100,0.000,0.000,0.000,0.000,0,0.000,0.000,0.000,0.000
PH1_UNIT1,PH1_UNIT1_2,,0,0,97.800,0.000,0.000,0.000,0.000,0,0.000,0.000,0.000,0.000
PH1_UNIT2,PH1_UNIT1_2,,0,0,95.000,0.000,0.000,0.000,0.000,0,0.000,0.000,0.000,0.000
PH2_UNIT1,PH2_U1_U2,,0,0,89.700,0.000,0.000,0.000,0.000,0,0.000,0.000,0.000,0.000
PH2_UNIT2,PH2_U1_U2,,0,0,92.000,0.000,0.000,0.000,0.000,0,0.000,0.000,0.000,0.000
PHOEBE_UNIT1,PHOEBE_ALL,,0,0,114.700,0.000,0.000,0.000,0.000,0,0.000,0.000,0.000,0.000
PHOEBE_UNIT2,PHOEBE_ALL,,0,0,108.200,0.000,0.000,0.000,0.000,0,0.000,0.000,0.000,0.000
PHOENIX_UNIT1,PHOENIX_RN,,0,0,69.300,0.000,0.000,0.000,0.000,0,0.000,0.000,0.000,0.000
PHO_SOLAR1,PHO_ALL,,0,0,125.600,0.000,0.000,0.000,0.000,0,0.000,0.000,0.000,0.000
PHO_SOLAR2,PHO_ALL,,0,0,98.800,0.000,0.000,0.000,0.000,0,0.000,0.000,0.000,0.000
PHO_SOLAR3,PHO_ALL,,0,0,103.400,0.000,0.000,0.000,0.000,0,0.000,0.000,0.000,0.000
PHO_SOLAR4,PHO_ALL,,0,0,101.400,0.000,0.000,0.000,0.000,0,0.000,0.000,0.000,0.000
PINEFRST_UNIT1,PINEFRST_RN,,0,0,223.600,0.000,0.000,0.000,0.000,0,0.000,0.000,0.000,0.000
PINEFRST_UNIT2,PINEFRST_RN,,0,0,54.800,0.000,0.000,0.000,0.000,0,0.000,0.000,0.000,0.000
PINN_SLR_UNIT1,PINN_SLR_RN,,0,0,214.200,0.000,0.000,0.000,0.000,0,0.000,0.000,0.000,0.000
PINN_SLR_UNIT2,PINN_SLR_RN,,0,0,217.900,0.000,0.000,0.000,0.000,0,0.000,0.000,0.000,0.000
PINN_SLR_UNIT3,PINN_SLR_RN,,0,0,217.900,0.000,0.000,0.000,0.000,0,0.000,0.000,0.000,0.000
PIONR_DJ_UNIT1,PIONR_DJ_RN,,0,0,64.700,0.000,0.000,0.000,0.000,0,0.000,0.000,0.000,0.000
PISGAH_SOLAR1,PISG_RN_ALL,,0,0,97.000,0.000,0.000,0.000,0.000,0,0.000,0.000,0.000,0.000
PISGAH_SOLAR2,PISG_RN_ALL,,0,0,32.000,0.000,0.000,0.000,0.000,0,0.000,0.000,0.000,0.000
PITTSDDK_UNIT1,PITSDD_UNIT1,,0,0,47.400,0.000,0.000,0.000,0.000,0,0.000,0.000,0.000,0.000
PITTSDK2_UNIT1,PITSDD_UNIT1,,0,0,29.500,0.000,0.000,0.000,0.000,0,0.000,0.000,0.000,0.000
PLN_UNIT1,PLN_ALL,,0,0,253.900,0.000,0.000,0.000,0.000,0,0.000,0.000,0.000,0.000
PLN_UNIT2,PLN_ALL,,0,0,244.400,0.000,0.000,0.000,0.000,0,0.000,0.000,0.000,0.000
PNPI_GT2,PNPI_GT2_RN,,0,0,48.000,0.000,3.230,3.230,0.000,0,42.259,0.000,0.000,0.000
PORT_SLR_UNIT1,PORTSL_UNIT1,,0,0,239.400,0.000,0.000,0.000,0.000,0,0.000,0.000,0.000,0.000
PPEC_GT7,PPEC_RN,,0,0,216.000,0.000,14.537,14.537,0.000,0,0.000,0.000,0.000,0.000
PPEC_GT8,PPEC_RN,,0,0,214.000,0.000,14.402,14.402,0.000,0,0.000,0.000,0.000,0.000
PRIDDY_UNIT1,PRID_RN,,0,0,180.500,0.000,0.000,0.000,0.000,0,0.000,0.000,0.000,0.000
PRIDDY_UNIT2,PRID_RN,,0,0,101.300,0.000,0.000,0.000,0.000,0,0.000,0.000,0.000,0.000
PROSPERO_UNIT1,PROSPERO_ALL,,0,0,153.400,0.000,0.000,0.000,0.000,0,0.000,0.000,0.000,0.000
PROSPERO_UNIT2,PROSPERO_ALL,,0,0,150.000,0.000,0.000,0.000,0.000,0,0.000,0.000,0.000,0.000
PRO_UNIT1,PRO_RN,,0,0,43.800,0.000,2.948,2.948,0.000,0,0.000,0.000,0.000,0.000
PRO_UNIT2,PRO_RN,,0,0,42.800,0.000,2.880,2.880,0.000,0,0.000,0.000,0.000,0.000
PRO_UNIT3,PRO_RN,,0,0,44.800,0.000,3.015,3.015,0.000,0,0.000,0.000,0.000,0.000
PRO_UNIT4,PRO_RN,,0,0,45.800,0.000,3.082,3.082,0.000,0,0.000,0.000,0.000,0.000
PRO_UNIT5,PRO_RN,,0,0,44.800,0.000,3.015,3.015,0.000,0,0.000,0.000,0.000,0.000
PRO_UNIT6,PRO_RN,,0,0,45.800,0.000,3.082,3.082,0.000,0,0.000,0.000,0.000,0.000
PRO_UNIT7,PRO_RN,,0,0,47.300,0.000,3.183,3.183,0.000,0,0.000,0.000,0.000,0.000
PRO_UNIT8,PRO_RN,,0,0,45.800,0.000,3.082,3.082,0.000,0,42.259,0.000,0.000,0.000
PRSPERO2_UNIT1,PRSPERO2_ALL,,0,0,125.400,0.000,0.000,0.000,0.000,0,0.000,0.000,0.000,0.000
PRSPERO2_UNIT2,PRSPERO2_ALL,,0,0,123.500,0.000,0.000,0.000,0.000,0,0.000,0.000,0.000,0.000
PR_PR_G2,PR_PR_ALL,,0,0,35.000,0.000,2.000,2.000,0.000,0,38.082,0.000,0.000,0.000
PYOTE_UNIT1,PYOTE_RN,,0,0,9.900,0.000,2.000,2.000,0.000,0,150.712,0.000,0.000,0.000
PYR_PYRON1,PYR_PYRON1,,0,0,121.500,0.000,0.000,0.000,0.000,0,0.000,0.000,0.000,0.000
PYR_PYRON2,PYR_PYRON1,,0,0,128.600,0.000,0.000,0.000,0.000,0,0.000,0.000,0.000,0.000
Q1_DGR1,Q1_DGR1_RN,,0,0,27.500,0.000,2.000,2.000,0.000,0,42.259,0.000,0.000,0.000
QTUM_SLR_UNIT1,RN_QTUM_SLR,,0,0,160.000,0.000,0.000,0.000,0.000,0,0.000,0.000,0.000,0.000
QTUM_SLR_UNIT2,RN_QTUM_SLR,,0,0,160.000,0.000,0.000,0.000,0.000,0,0.000,0.000,0.000,0.000
QUEEN_SL_SOLAR1,QUEEN_SL_RN,,0,0,102.500,0.000,0.000,0.000,0.000,0,0.000,0.000,0.000,0.000
QUEEN_SL_SOLAR2,QUEEN_SL_RN,,0,0,102.500,0.000,0.000,0.000,0.000,0,0.000,0.000,0.000,0.000
QUEEN_SL_SOLAR3,QUEEN_SL_RN,,0,0,97.500,0.000,0.000,0.000,0.000,0,0.000,0.000,0.000,0.000
QUEEN_SL_SOLAR4,QUEEN_SL_RN,,0,0,107.500,0.000,0.000,0.000,0.000,0,0.000,0.000,0.000,0.000
RAB_UNIT1,RAB_G1-8,,0,0,37.300,0.000,2.510,2.510,0.000,0,42.259,0.000,0.000,0.000
RAB_UNIT2,RAB_G1-8,,0,0,37.300,0.000,2.510,2.510,0.000,0,0.000,0.000,0.000,0.000
RAB_UNIT3,RAB_G1-8,,0,0,36.300,0.000,2.443,2.443,0.000,0,0.000,0.000,0.000,0.000
RAB_UNIT4,RAB_G1-8,,0,0,36.300,0.000,2.443,2.443,0.000,0,0.000,0.000,0.000,0.000
RAB_UNIT5,RAB_G1-8,,0,0,37.300,0.000,2.510,2.510,0.000,0,0.000,0.000,0.000,0.000
RAB_UNIT6,RAB_G1-8,,0,0,40.300,0.000,2.712,2.712,0.000,0,0.000,0.000,0.000,0.000
RAB_UNIT7,RAB_G1-8,,0,0,42.300,0.000,2.847,2.847,0.000,0,0.000,0.000,0.000,0.000
RAB_UNIT8,RAB_G1-8,,0,0,37.300,0.000,2.510,2.510,0.000,0,0.000,0.000,0.000,0.000
RADN_SLR_UNIT1,RADN_SLR_ALL,,0,0,141.700,0.000,0.000,0.000,0.000,0,0.000,0.000,0.000,0.000
RADN_SLR_UNIT2,RADN_SLR_ALL,,0,0,137.100,0.000,0.000,0.000,0.000,0,0.000,0.000,0.000,0.000
RAMBLER_UNIT1,RAMBLER_UNIT,,0,0,44.800,0.000,0.000,0.000,0.000,0,0.000,0.000,0.000,0.000
RANCHERO_UNIT1,RANCHERO_ALL,,0,0,148.100,0.000,0.000,0.000,0.000,0,0.000,0.000,0.000,0.000
RANCHERO_UNIT2,RANCHERO_ALL,,0,0,142.700,0.000,0.000,0.000,0.000,0,0.000,0.000,0.000,0.000
RATLIFF_SOLAR1,RAT_RN_1,,0,0,141.400,0.000,0.000,0.000,0.000,0,0.000,0.000,0.000,0.000
RDCANYON_RDCNY1,RDCAN_RDCNY1,,0,0,89.600,0.000,0.000,0.000,0.000,0,0.000,0.000,0.000,0.000
REDBARN_UNIT_1,REDBARN_RN,,0,0,222.000,0.000,0.000,0.000,0.000,0,0.000,0.000,0.000,0.000
REDBARN_UNIT_2,REDBARN_RN,,0,0,28.000,0.000,0.000,0.000,0.000,0,0.000,0.000,0.000,0.000
REDFISH_MV1A,REDFISH_ALL,,0,0,92.500,0.000,0.000,0.000,0.000,0,0.000,0.000,0.000,0.000
REDFISH_MV1B,REDFISH_ALL,,0,0,96.100,0.000,0.000,0.000,0.000,0,0.000,0.000,0.000,0.000
REDGATE_AGR_A,REDGATE_RN,,0,0,56.000,0.000,4.665,4.665,0.000,0,0.000,0.000,0.000,0.000
REDGATE_AGR_B,REDGATE_RN,,0,0,56.000,0.000,4.665,4.665,0.000,0,0.000,0.000,0.000,0.000
REDGATE_AGR_C,REDGATE_RN,,0,0,56.000,0.000,4.665,4.665,0.000,0,0.000,0.000,0.000,0.000
REDGATE_AGR_D,REDGATE_RN,,0,0,56.000,0.000,4.665,4.665,0.000,0,0.000,0.000,0.000,0.000
RELOJ_UNIT1,RELOJ_ALL,,0,0,34.000,0.000,0.000,0.000,0.000,0,0.000,0.000,0.000,0.000
RELOJ_UNIT2,RELOJ_ALL,,0,0,31.600,0.000,0.000,0.000,0.000,0,0.000,0.000,0.000,0.000
RELOJ_UNIT3,RELOJ_ALL,,0,0,69.400,0.000,0.000,0.000,0.000,0,0.000,0.000,0.000,0.000
RELOJ_UNIT4,RELOJ_ALL,,0,0,19.900,0.000,0.000,0.000,0.000,0,0.000,0.000,0.000,0.000
REROCK_UNIT1,REROCK_ALL,,0,0,70.800,0.000,0.000,0.000,0.000,0,0.000,0.000,0.000,0.000
REROCK_UNIT2,REROCK_ALL,,0,0,71.700,0.000,0.000,0.000,0.000,0,0.000,0.000,0.000,0.000
RIGGINS_UNIT1,RIGGIN_UNIT1,,0,0,150.000,0.000,0.000,0.000,0.000,0,0.000,0.000,0.000,0.000
RIPPEY_UNIT1,RIPPEY_ALL,,0,0,55.700,0.000,0.000,0.000,0.000,0,0.000,0.000,0.000,0.000
ROSELAND_SOLAR1,ROSELAND_ALL,,0,0,250.000,0.000,0.000,0.000,0.000,0,0.000,0.000,0.000,0.000
ROSELAND_SOLAR2,ROSELAND_ALL,,0,0,135.600,0.000,0.000,0.000,0.000,0,0.000,0.000,0.000,0.000
ROSELAND_SOLAR3,ROSELAND_ALL,,0,0,111.700,0.000,0.000,0.000,0.000,0,0.000,0.000,0.000,0.000
ROUTE_66_WIND1,ROUTE66_RN,,0,0,144.200,0.000,0.000,0.000,0.000,0,0.000,0.000,0.000,0.000
ROW_UNIT1,ROW_ALL,,0,0,83.100,0.000,0.000,0.000,0.000,0,0.000,0.000,0.000,0.000
ROW_UNIT2,ROW_ALL,,0,0,198.400,0.000,0.000,0.000,0.000,0,0.000,0.000,0.000,0.000
RRC_WIND_UNIT1,RRC_WIND_ALL,,0,0,92.200,0.000,0.000,0.000,0.000,0,0.000,0.000,0.000,0.000
RRC_WIND_UNIT2,RRC_WIND_ALL,,0,0,26.800,0.000,0.000,0.000,0.000,0,0.000,0.000,0.000,0.000
RRC_WIND_UNIT3,RRC_WIND_ALL,,0,0,123.500,0.000,0.000,0.000,0.000,0,0.000,0.000,0.000,0.000
RSNAKE_G1,RSK_RN,,0,0,87.400,0.000,0.000,0.000,0.000,0,0.000,0.000,0.000,0.000
RSNAKE_G2,RSK_RN,,0,0,83.900,0.000,0.000,0.000,0.000,0,0.000,0.000,0.000,0.000
RTS2_U1,RN_RTS1,,0,0,83.000,0.000,0.000,0.000,0.000,0,0.000,0.000,0.000,0.000
RTS2_U2,RN_RTS1,,0,0,84.700,0.000,0.000,0.000,0.000,0,0.000,0.000,0.000,0.000
RTS_U1,RN_RTS1,,0,0,146.600,0.000,0.000,0.000,0.000,0,0.000,0.000,0.000,0.000
SAGEDRAW_UNIT1,TAHOKA_ALL,,0,0,156.000,0.000,0.000,0.000,0.000,0,0.000,0.000,0.000,0.000
SAGEDRAW_UNIT2,TAHOKA_ALL,,0,0,153.700,0.000,0.000,0.000,0.000,0,0.000,0.000,0.000,0.000
SALTFORK_UNIT1,SLTFRK_UN1_2,,0,0,64.000,0.000,0.000,0.000,0.000,0,0.000,0.000,0.000,0.000
SALTFORK_UNIT2,SLTFRK_UN1_2,,0,0,110.000,0.000,0.000,0.000,0.000,0,0.000,0.000,0.000,0.000
SALVTION_UNIT1,SALVTION_GEN,,0,0,90.000,0.000,0.000,0.000,0.000,0,0.000,0.000,0.000,0.000
SALVTION_UNIT2,SALVTION_GEN,,0,0,98.000,0.000,0.000,0.000,0.000,0,0.000,0.000,0.000,0.000
SAMSON_1_G1,SAMSON_ALL,,0,0,87.000,0.000,0.000,0.000,0.000,0,0.000,0.000,0.000,0.000
SAMSON_1_G2,SAMSON_ALL,,0,0,88.100,0.000,0.000,0.000,0.000,0,0.000,0.000,0.000,0.000
SAMSON_1_G3,SAMSON_ALL,,0,0,100.000,0.000,0.000,0.000,0.000,0,0.000,0.000,0.000,0.000
SAMSON_1_G4,SAMSON_ALL,,0,0,100.000,0.000,0.000,0.000,0.000,0,0.000,0.000,0.000,0.000
SAMSON_3_G1,SAMSON_ALL,,0,0,105.600,0.000,0.000,0.000,0.000,0,0.000,0.000,0.000,0.000
SAMSON_3_G2,SAMSON_ALL,,0,0,89.900,0.000,0.000,0.000,0.000,0,0.000,0.000,0.000,0.000
SANDHSYD_SH1,SANDHSYD1_2,,0,0,45.000,0.000,3.028,3.028,0.000,0,42.259,0.000,0.000,0.000
SANDHSYD_SH2,SANDHSYD1_2,,0,0,45.000,0.000,3.028,3.028,0.000,0,42.259,0.000,0.000,0.000
SANDHSYD_SH3,SANDHSYD3_4,,0,0,45.000,0.000,3.028,3.028,0.000,0,42.259,0.000,0.000,0.000
SANDHSYD_SH4,SANDHSYD3_4,,0,0,45.000,0.000,3.028,3.028,0.000,0,42.259,0.000,0.000,0.000
SANDHSYD_SH6,SANDHSYD6_7,,0,0,45.000,0.000,3.028,3.028,0.000,0,42.259,0.000,0.000,0.000
SANDHSYD_SH7,SANDHSYD6_7,,0,0,45.000,0.000,3.028,3.028,0.000,0,42.259,0.000,0.000,0.000
SANMIGL_G1,SAN_SANMIGG1,,0,0,391.000,0.000,7.585,7.585,0.000,0,24.836,0.000,0.000,0.000
SANROMAN_WIND_1,RN_SR_WIND1,,0,0,69.900,0.000,0.000,0.000,0.000,0,0.000,0.000,0.000,0.000
SANTACRU_UNIT1,SANTACRU_ALL,,0,0,143.900,0.000,0.000,0.000,0.000,0,0.000,0.000,0.000,0.000
SANTACRU_UNIT2,SANTACRU_ALL,,0,0,91.300,0.000,0.000,0.000,0.000,0,0.000,0.000,0.000,0.000
SBE_UNIT1,SBE_RN_1,,0,0,229.700,0.000,0.000,0.000,0.000,0,0.000,0.000,0.000,0.000
SCES_UNIT1_J01,SCES_UNIT1,,0,0,415.000,0.000,8.051,8.051,0.000,0,24.836,0.000,0.000,0.000
SCES_UNIT1_J02,SCES_UNIT1,,0,0,220.000,0.000,4.268,4.268,0.000,0,24.836,0.000,0.000,0.000
SCES_UNIT1_J03,SCES_UNIT1,,0,0,147.000,0.000,2.852,2.852,0.000,0,24.836,0.000,0.000,0.000
SCES_UNIT1_J04,SCES_UNIT1,,0,0,104.000,0.000,2.018,2.018,0.000,0,24.836,0.000,0.000,0.000
SCSES_UNIT1A,SC2SES_UNIT1,,0,0,170.000,0.000,6.800,6.800,0.000,0,0.000,0.000,0.000,0.000
SCSES_UNIT2,SCSES_UNIT2,,0,0,502.000,0.000,20.080,20.080,0.000,0,38.082,0.000,0.000,0.000
SENATEWD_UNIT1,SENATEWD_1,,0,0,130.300,0.000,0.000,0.000,0.000,0,0.000,0.000,0.000,0.000
SGMTN_SIGNALMT,SGM_SIGNALMT,,0,0,17.900,0.000,0.000,0.000,0.000,0,0.000,0.000,0.000,0.000
SHAFFER_UNIT1,SHAFFER_ALL,,0,0,192.300,0.000,0.000,0.000,0.000,0,0.000,0.000,0.000,0.000
SHAMROCK_UNIT1,SHAMROCK_RN,,0,0,196.100,0.000,0.000,0.000,0.000,0,0.000,0.000,0.000,0.000
SHAMROCK_UNIT2,SHAMROCK_RN,,0,0,20.000,0.000,0.000,0.000,0.000,0,0.000,0.000,0.000,0.000
SHANNONW_UNIT_1,SHANNONW_RN,,0,0,173.700,0.000,0.000,0.000,0.000,0,0.000,0.000,0.000,0.000
SHEEPCRK_UNIT1,SHEEPCRK_1,,0,0,150.000,0.000,0.000,0.000,0.000,0,0.000,0.000,0.000,0.000
SIG_SLR_UNIT1,SIG_SLR_RN,,0,0,50.000,0.000,0.000,0.000,0.000,0,0.000,0.000,0.000,0.000
SILASRAY_SILAS_10,SIL_SILAS_10,,0,0,38.000,0.000,2.557,2.557,0.000,0,0.000,0.000,0.000,0.000
SIRIUS_UNIT1,SIRIUS_UNIT1,,0,0,77.600,0.000,0.000,0.000,0.000,0,0.000,0.000,0.000,0.000
SIRIUS_UNIT2,SIRIUS_UNIT1,,0,0,38.600,0.000,0.000,0.000,0.000,0,0.000,0.000,0.000,0.000
SJS_SJS_G1,SJS_SJS_G1,,0,0,82.000,0.000,5.519,5.519,0.000,0,42.259,0.000,0.000,0.000
SJS_SJS_G2,SJS_SJS_G2,,0,0,80.000,0.000,5.384,5.384,0.000,0,42.259,0.000,0.000,0.000
SKY1_SKY1A,SKY1,,0,0,17.000,0.000,2.000,2.000,0.000,0,0.000,0.000,0.000,0.000
SKY1_SKY1B,SKY1,,0,0,25.000,0.000,2.083,2.083,0.000,0,0.000,0.000,0.000,0.000
SOLARA_UNIT1,SOLARA_UNIT1,,0,0,97.900,0.000,0.000,0.000,0.000,0,0.000,0.000,0.000,0.000
SOLC_SLR_UNIT1,RN_SOLC_SLR,,0,0,160.000,0.000,0.000,0.000,0.000,0,0.000,0.000,0.000,0.000
SOLC_SLR_UNIT2,RN_SOLC_SLR,,0,0,160.000,0.000,0.000,0.000,0.000,0,0.000,0.000,0.000,0.000
SPARTA_UNIT1,SPARTA_ALL,,0,0,146.000,0.000,0.000,0.000,0.000,0,0.000,0.000,0.000,0.000
SPARTA_UNIT2,SPARTA_ALL,,0,0,104.000,0.000,0.000,0.000,0.000,0,0.000,0.000,0.000,0.000
SPLAIN1_WIND1,SPLAIN1_RN,,0,0,92.100,0.000,0.000,0.000,0.000,0,0.000,0.000,0.000,0.000
SPLAIN1_WIND2,SPLAIN1_RN,,0,0,85.700,0.000,0.000,0.000,0.000,0,0.000,0.000,0.000,0.000
SPLAIN2_WIND21,SPLAIN2_RN,,0,0,145.500,0.000,0.000,0.000,0.000,0,0.000,0.000,0.000,0.000
SPLAIN2_WIND22,SPLAIN2_RN,,0,0,143.600,0.000,0.000,0.000,0.000,0,0.000,0.000,0.000,0.000
SPNCER_SPNCE_4,SPNC_SPNCE_4,,0,0,57.000,0.000,2.280,2.280,0.000,0,0.000,0.000,0.000,0.000
SPNCER_SPNCE_5,SPNC_SPNCE_5,,0,0,45.000,0.000,2.000,2.000,0.000,0,0.000,0.000,0.000,0.000
SPTX12B_UNIT1,SPTX12B_RN,,0,0,151.800,0.000,0.000,0.000,0.000,0,0.000,0.000,0.000,0.000
SRWE1_SRWE2,SRWE1_UNIT1,,0,0,98.000,0.000,0.000,0.000,0.000,0,0.000,0.000,0.000,0.000
SRWE1_UNIT1,SRWE1_UNIT1,,0,0,173.300,0.000,0.000,0.000,0.000,0,0.000,0.000,0.000,0.000
SSPURTWO_SS3WIND1,SSPURT_WIND1,,0,0,96.000,0.000,0.000,0.000,0.000,0,0.000,0.000,0.000,0.000
SSPURTWO_SS3WIND2,SSPURT_WIND1,,0,0,98.000,0.000,0.000,0.000,0.000,0,0.000,0.000,0.000,0.000
SSPURTWO_WIND_1,SSPURT_WIND1,,0,0,102.900,0.000,0.000,0.000,0.000,0,0.000,0.000,0.000,0.000
STAM_SLR_SOLAR1,STAM_SLR_ALL,,0,0,68.700,0.000,0.000,0.000,0.000,0,0.000,0.000,0.000,0.000
STAM_SLR_SOLAR2,STAM_SLR_ALL,,0,0,161.600,0.000,0.000,0.000,0.000,0,0.000,0.000,0.000,0.000
STAR_SLR_UNIT1,STAR_SLR_RN,,0,0,65.300,0.000,0.000,0.000,0.000,0,0.000,0.000,0.000,0.000
STAR_SLR_UNIT2,STAR_SLR_RN,,0,0,58.600,0.000,0.000,0.000,0.000,0,0.000,0.000,0.000,0.000
STEAM1A_STEAM_1,STEA_STEAM_1,,0,0,18.000,0.000,2.000,2.000,0.000,0,0.000,0.000,0.000,0.000
STEAM_ENGINE_1,STEAM_ENG123,,0,0,8.200,0.000,2.000,2.000,0.000,0,0.000,0.000,0.000,0.000
STEAM_ENGINE_2,STEAM_ENG123,,0,0,8.200,0.000,2.000,2.000,0.000,0,0.000,0.000,0.000,0.000
STEAM_ENGINE_3,STEAM_ENG123,,0,0,8.200,0.000,2.000,2.000,0.000,0,150.712,0.000,0.000,0.000
STEAM_STEAM_2,STEA_STEAM_2,,0,0,12.000,0.000,2.000,2.000,0.000,0,38.082,0.000,0.000,0.000
STEAM_STEAM_3,STEA_STEAM_3,,0,0,36.000,0.000,2.000,2.000,0.000,0,0.000,0.000,0.000,0.000
STELLA_UNIT1,STELLA_RN,,0,0,181.100,0.000,0.000,0.000,0.000,0,0.000,0.000,0.000,0.000
STLHS_SL_PV1,STLHS_SL_RN,,0,0,210.000,0.000,0.000,0.000,0.000,0,0.000,0.000,0.000,0.000
STP_STP_G1_J01,STP_STP_G1,,0,0,574.100,0.000,28.705,28.705,0.000,0,10.798,0.000,0.000,0.000
STP_STP_G1_J03,STP_STP_G1,,0,0,517.000,0.000,25.850,25.850,0.000,0,0.000,0.000,0.000,0.000
STP_STP_G1_J04,STP_STP_G1,,0,0,219.000,0.000,10.950,10.950,0.000,0,10.798,0.000,0.000,0.000
STP_STP_G2_J01,STP_STP_G2,,0,0,587.800,0.000,29.390,29.390,0.000,0,10.798,0.000,0.000,0.000
STP_STP_G2_J03,STP_STP_G2,,0,0,521.000,0.000,26.050,26.050,0.000,0,0.000,0.000,0.000,0.000
STP_STP_G2_J04,STP_STP_G2,,0,0,219.000,0.000,10.950,10.950,0.000,0,10.798,0.000,0.000,0.000
STRATEGC_UNIT1,STRATEGC_RN,,0,0,116.400,0.000,0.000,0.000,0.000,0,0.000,0.000,0.000,0.000
STRG_SLR_UNIT1,STRG_SLR_ALL,,0,0,184.100,0.000,0.000,0.000,0.000,0,0.000,0.000,0.000,0.000
STRG_SLR_UNIT2,STRG_SLR_ALL,,0,0,17.500,0.000,0.000,0.000,0.000,0,0.000,0.000,0.000,0.000
STWF_T1,STWF_T1,,0,0,89.900,0.000,0.000,0.000,0.000,0,0.000,0.000,0.000,0.000
SUNVASLR_UNIT1,SUNVASLR_ALL,,0,0,165.800,0.000,0.000,0.000,0.000,0,0.000,0.000,0.000,0.000
SUNVASLR_UNIT2,SUNVASLR_ALL,,0,0,86.000,0.000,0.000,0.000,0.000,0,0.000,0.000,0.000,0.000
SUN_SLR_UNIT_1,DRYFRIO_RN,,0,0,200.000,0.000,0.000,0.000,0.000,0,0.000,0.000,0.000,0.000
SWEC_G1,SWEC_G1,,0,0,100.100,0.000,0.000,0.000,0.000,0,0.000,0.000,0.000,0.000
SWEETWN2_WND2,SWEETWN2_2_4,,0,0,110.000,0.000,0.000,0.000,0.000,0,0.000,0.000,0.000,0.000
SWEETWN2_WND24,SWEETWN2_2_4,,0,0,16.500,0.000,0.000,0.000,0.000,0,0.000,0.000,0.000,0.000
SWEETWN3_WND3A,SWEETWN3_3,,0,0,33.300,0.000,0.000,0.000,0.000,0,0.000,0.000,0.000,0.000
SWEETWN3_WND3B,SWEETWN3_3,,0,0,101.400,0.000,0.000,0.000,0.000,0,0.000,0.000,0.000,0.000
SWEETWN4_WND4A,SWTWN4_WND45,,0,0,95.900,0.000,0.000,0.000,0.000,0,0.000,0.000,0.000,0.000
SWEETWN4_WND4B,SWTWN4_WND45,,0,0,88.400,0.000,0.000,0.000,0.000,0,0.000,0.000,0.000,0.000
SWEETWN5_WND5,SWTWN4_WND45,,0,0,65.500,0.000,0.000,0.000,0.000,0,0.000,0.000,0.000,0.000
SWEETWND_WND1,SWEETWND_1,,0,0,42.500,0.000,0.000,0.000,0.000,0,0.000,0.000,0.000,0.000
SWFT_SLR_UNIT1,SWFT_SLR_RN,,0,0,115.000,0.000,0.000,0.000,0.000,0,0.000,0.000,0.000,0.000
SYBR_SLR_UNIT1,SYBR_SLR_RN,,0,0,132.000,0.000,0.000,0.000,0.000,0,0.000,0.000,0.000,0.000
SYBR_SLR_UNIT2,SYBR_SLR_RN,,0,0,128.000,0.000,0.000,0.000,0.000,0,0.000,0.000,0.000,0.000
S_HILLS_UNIT1,S_HILLS_RN,,0,0,30.200,0.000,0.000,0.000,0.000,0,0.000,0.000,0.000,0.000
TAHOKA_UNIT_1,TAHOKA_ALL,,0,0,146.000,0.000,0.000,0.000,0.000,0,0.000,0.000,0.000,0.000
TAHOKA_UNIT_2,TAHOKA_ALL,,0,0,142.400,0.000,0.000,0.000,0.000,0,0.000,0.000,0.000,0.000
TAV_UNIT1,TAV_RN,,0,0,134.500,0.000,0.000,0.000,0.000,0,0.000,0.000,0.000,0.000
TAV_UNIT2,TAV_RN,,0,0,94.700,0.000,0.000,0.000,0.000,0,0.000,0.000,0.000,0.000
TAYGETE2_UNIT1,TAYGETE2_ALL,,0,0,95.800,0.000,0.000,0.000,0.000,0,0.000,0.000,0.000,0.000
TAYGETE2_UNIT2,TAYGETE2_ALL,,0,0,87.100,0.000,0.000,0.000,0.000,0,0.000,0.000,0.000,0.000
TAYGETE_UNIT1,TAYGETE_ALL,,0,0,112.300,0.000,0.000,0.000,0.000,0,0.000,0.000,0.000,0.000
TAYGETE_UNIT2,TAYGETE_ALL,,0,0,119.700,0.000,0.000,0.000,0.000,0,0.000,0.000,0.000,0.000
TC_GTG2,TC_GTG2_RN,,0,0,45.000,0.000,3.028,3.028,0.000,0,42.259,0.000,0.000,0.000
TC_TCHP1,TC_TCHP1,,0,0,2.700,0.000,2.000,2.000,0.000,0,42.259,0.000,0.000,0.000
TGS_GT01,TGS_GT01,,0,0,67.000,0.000,4.509,4.509,0.000,0,0.000,0.000,0.000,0.000
TGW_T1,TGW_T1_T2,,0,0,132.500,0.000,0.000,0.000,0.000,0,0.000,0.000,0.000,0.000
TGW_T2,TGW_T1_T2,,0,0,132.300,0.000,0.000,0.000,0.000,0,0.000,0.000,0.000,0.000
THREEW_S_SOLAR1,THREEW_S_RN,,0,0,106.700,0.000,0.000,0.000,0.000,0,0.000,0.000,0.000,0.000
THW_GT61,THW_THWGT5X,,0,0,204.000,0.000,13.729,13.729,0.000,0,42.259,0.000,0.000,0.000
THW_GT62,THW_THWGT5X,,0,0,204.000,0.000,13.729,13.729,0.000,0,42.259,0.000,0.000,0.000
THW_THWGT51,THW_THWGT5X,,0,0,65.000,0.000,4.375,4.375,0.000,0,42.259,0.000,0.000,0.000
THW_THWGT52,THW_THWGT5X,,0,0,59.000,0.000,3.971,3.971,0.000,0,42.259,0.000,0.000,0.000
THW_THWGT53,THW_THWGT5X,,0,0,58.000,0.000,3.903,3.903,0.000,0,42.259,0.000,0.000,0.000
THW_THWGT54,THW_THWGT5X,,0,0,58.000,0.000,3.903,3.903,0.000,0,42.259,0.000,0.000,0.000
THW_THWGT55,THW_THWGT5X,,0,0,61.000,0.000,4.105,4.105,0.000,0,42.259,0.000,0.000,0.000
THW_THWGT56,THW_THWGT5X,,0,0,60.000,0.000,4.038,4.038,0.000,0,42.259,0.000,0.000,0.000
THW_THWGT_1,THW_THWGT_1,,0,0,11.000,0.000,2.000,2.000,0.000,0,42.259,0.000,0.000,0.000
TIMPP_AGR1,TIMPP_RN1,,0,0,37.200,0.000,3.099,3.099,0.000,0,0.000,0.000,0.000,0.000
TIMPP_AGR2,TIMPP_RN1,,0,0,56.000,0.000,4.665,4.665,0.000,0,0.000,0.000,0.000,0.000
TIMPP_AGR3,TIMPP_RN2,,0,0,37.200,0.000,3.099,3.099,0.000,0,0.000,0.000,0.000,0.000
TIMPP_AGR4,TIMPP_RN2,,0,0,56.000,0.000,4.665,4.665,0.000,0,0.000,0.000,0.000,0.000
TIMPP_AGR5,TIMPP_RN3,,0,0,37.200,0.000,3.099,3.099,0.000,0,0.000,0.000,0.000,0.000
TIMPP_AGR6,TIMPP_RN3,,0,0,55.800,0.000,4.648,4.648,0.000,0,0.000,0.000,0.000,0.000
TIMPP_AGR7,TIMPP_RN4,,0,0,37.200,0.000,3.099,3.099,0.000,0,0.000,0.000,0.000,0.000
TIMPP_AGR8,TIMPP_RN4,,0,0,55.800,0.000,4.648,4.648,0.000,0,0.000,0.000,0.000,0.000
TI_SOLAR_UNIT1,TI_SOLAR_ALL,,0,0,121.900,0.000,0.000,0.000,0.000,0,0.000,0.000,0.000,0.000
TI_SOLAR_UNIT2,TI_SOLAR_ALL,,0,0,117.100,0.000,0.000,0.000,0.000,0,0.000,0.000,0.000,0.000
TKWSW1_ROSCOE,TKWSW_ROSCOE,,0,0,107.600,0.000,0.000,0.000,0.000,0,0.000,0.000,0.000,0.000
TKWSW1_ROSCOE2A,TKWSW_ROSCOE,,0,0,91.100,0.000,0.000,0.000,0.000,0,0.000,0.000,0.000,0.000
TNG_SOLAR1,TNG_RN,,0,0,110.300,0.000,0.000,0.000,0.000,0,0.000,0.000,0.000,0.000
TNG_SOLAR2,TNG_RN,,0,0,115.800,0.000,0.000,0.000,0.000,0,0.000,0.000,0.000,0.000
TNP_ONE_TNP_O_1,TNP_TNP_O_1,,0,0,155.000,0.000,3.007,3.007,0.000,0,24.836,0.000,0.000,0.000
TNP_ONE_TNP_O_2,TNP_TNP_O_2,,0,0,155.000,0.000,3.007,3.007,0.000,0,24.836,0.000,0.000,0.000
TNS_SLR_UNIT1,TNS_SLR_ALL,,0,0,118.800,0.000,0.000,0.000,0.000,0,0.000,0.000,0.000,0.000
TNS_SLR_UNIT2,TNS_SLR_ALL,,0,0,118.900,0.000,0.000,0.000,0.000,0,0.000,0.000,0.000,0.000
TOPAZ_UNIT1,TOPAZ_ALL,,0,0,44.100,0.000,2.968,2.968,0.000,0,0.000,0.000,0.000,0.000
TOPAZ_UNIT10,TOPAZ_ALL,,0,0,43.100,0.000,2.901,2.901,0.000,0,0.000,0.000,0.000,0.000
TOPAZ_UNIT2,TOPAZ_ALL,,0,0,44.100,0.000,2.968,2.968,0.000,0,0.000,0.000,0.000,0.000
TOPAZ_UNIT3,TOPAZ_ALL,,0,0,45.100,0.000,3.035,3.035,0.000,0,0.000,0.000,0.000,0.000
TOPAZ_UNIT4,TOPAZ_ALL,,0,0,44.100,0.000,2.968,2.968,0.000,0,0.000,0.000,0.000,0.000
TOPAZ_UNIT5,TOPAZ_ALL,,0,0,46.100,0.000,3.103,3.103,0.000,0,0.000,0.000,0.000,0.000
TOPAZ_UNIT6,TOPAZ_ALL,,0,0,46.100,0.000,3.103,3.103,0.000,0,0.000,0.000,0.000,0.000
TOPAZ_UNIT7,TOPAZ_ALL,,0,0,43.100,0.000,2.901,2.901,0.000,0,0.000,0.000,0.000,0.000
TOPAZ_UNIT8,TOPAZ_ALL,,0,0,46.600,0.000,3.136,3.136,0.000,0,0.000,0.000,0.000,0.000
TOPAZ_UNIT9,TOPAZ_ALL,,0,0,43.100,0.000,2.901,2.901,0.000,0,42.259,0.000,0.000,0.000
TORR_UNIT1_25,TORR_ALL,,0,0,140.400,0.000,0.000,0.000,0.000,0,0.000,0.000,0.000,0.000
TORR_UNIT2_23,TORR_ALL,,0,0,20.900,0.000,0.000,0.000,0.000,0,0.000,0.000,0.000,0.000
TORR_UNIT2_25,TORR_ALL,,0,0,113.800,0.000,0.000,0.000,0.000,0,0.000,0.000,0.000,0.000
TRBT_SLR_PV1,TRBT_SLR_RN,,0,0,88.000,0.000,0.000,0.000,0.000,0,0.000,0.000,0.000,0.000
TRBT_SLR_PV2,TRBT_SLR_RN,,0,0,151.200,0.000,0.000,0.000,0.000,0,0.000,0.000,0.000,0.000
TREB_SLR_SOLAR1,TREB_SOLAR1,,0,0,186.900,0.000,0.000,0.000,0.000,0,0.000,0.000,0.000,0.000
TRENT_TRENT,TRENT_TRENT,,0,0,35.500,0.000,0.000,0.000,0.000,0,0.000,0.000,0.000,0.000
TRENT_UNIT_1B,TRENT_TRENT,,0,0,13.300,0.000,0.000,0.000,0.000,0,0.000,0.000,0.000,0.000
TRENT_UNIT_2,TRENT_TRENT,,0,0,48.500,0.000,0.000,0.000,0.000,0,0.000,0.000,0.000,0.000
TRENT_UNIT_3A,TRENT_TRENT,,0,0,38.200,0.000,0.000,0.000,0.000,0,0.000,0.000,0.000,0.000
TRENT_UNIT_3B,TRENT_TRENT,,0,0,10.800,0.000,0.000,0.000,0.000,0,0.000,0.000,0.000,0.000
TRINITY_TH1_BUS1,TRINITY_ALL,,0,0,102.200,0.000,0.000,0.000,0.000,0,0.000,0.000,0.000,0.000
TRINITY_TH1_BUS2,TRINITY_ALL,,0,0,94.600,0.000,0.000,0.000,0.000,0,0.000,0.000,0.000,0.000
TROJ_SLR_PV1,TROJ_SLR_RN,,0,0,137.400,0.000,0.000,0.000,0.000,0,0.000,0.000,0.000,0.000
TROJ_SLR_PV2,TROJ_SLR_RN,,0,0,13.200,0.000,0.000,0.000,0.000,0,0.000,0.000,0.000,0.000
TRSES_UNIT6,TRSES_UNIT6,,0,0,236.000,0.000,9.440,9.440,0.000,0,38.082,0.000,0.000,0.000
TRUENO_UNIT1,TRUENO_ALL,,0,0,105.400,0.000,0.000,0.000,0.000,0,0.000,0.000,0.000,0.000
TRUENO_UNIT2,TRUENO_ALL,,0,0,105.000,0.000,0.000,0.000,0.000,0,0.000,0.000,0.000,0.000
TRUSGILL_UNIT1,TRUSGILL_RN,,0,0,38.800,0.000,0.000,0.000,0.000,0,0.000,0.000,0.000,0.000
TRUSGILL_UNIT2,TRUSGILL_RN,,0,0,36.700,0.000,0.000,0.000,0.000,0,0.000,0.000,0.000,0.000
TRUSGILL_UNIT3,TRUSGILL_RN,,0,0,37.700,0.000,0.000,0.000,0.000,0,0.000,0.000,0.000,0.000
TRUSGILL_UNIT4,TRUSGILL_RN,,0,0,176.500,0.000,0.000,0.000,0.000,0,0.000,0.000,0.000,0.000
TTWEC_G1,TTWEC_G1,,0,0,126.500,0.000,0.000,0.000,0.000,0,0.000,0.000,0.000,0.000
TUL_SLR_UNIT1,TUL_SLR_ALL,,0,0,127.800,0.000,0.000,0.000,0.000,0,0.000,0.000,0.000,0.000
TUL_SLR_UNIT2,TUL_SLR_ALL,,0,0,127.800,0.000,0.000,0.000,0.000,0,0.000,0.000,0.000,0.000
TYLRWIND_UNIT1,TYLRWIND_RN,,0,0,105.100,0.000,0.000,0.000,0.000,0,0.000,0.000,0.000,0.000
TYSN_SLR_UNIT1,TYSN_SLR_RN,,0,0,90.000,0.000,0.000,0.000,0.000,0,0.000,0.000,0.000,0.000
V2_DGR1,V2_DGR1_RN,,0,0,27.800,0.000,2.000,2.000,0.000,0,42.259,0.000,0.000,0.000
V2_DGR2,V2_DGR2_RN,,0,0,23.800,0.000,2.000,2.000,0.000,0,42.259,0.000,0.000,0.000
V2_DGR3,V2_DGR3_RN,,0,0,28.500,0.000,2.000,2.000,0.000,0,42.259,0.000,0.000,0.000
V4_DGR1,V4_DGR1_RN,,0,0,12.800,0.000,2.000,2.000,0.000,0,42.259,0.000,0.000,0.000
VANCOURT_UNIT1,VANCOURT_RN,,0,0,45.700,0.000,0.000,0.000,0.000,0,0.000,0.000,0.000,0.000
VENADO_UNIT1,VENADO_ALL,,0,0,97.700,0.000,0.000,0.000,0.000,0,0.000,0.000,0.000,0.000
VENADO_UNIT2,VENADO_ALL,,0,0,89.300,0.000,0.000,0.000,0.000,0,0.000,0.000,0.000,0.000
VERAWIND_UNIT1,VERAWIND_ALL,,0,0,11.600,0.000,0.000,0.000,0.000,0,0.000,0.000,0.000,0.000
VERAWIND_UNIT2,VERAWIND_ALL,,0,0,7.000,0.000,0.000,0.000,0.000,0,0.000,0.000,0.000,0.000
VERAWIND_UNIT3,VERAWIND_ALL,,0,0,96.600,0.000,0.000,0.000,0.000,0,0.000,0.000,0.000,0.000
VERAWIND_UNIT4,VERAWIND_ALL,,0,0,21.400,0.000,0.000,0.000,0.000,0,0.000,0.000,0.000,0.000
VERAWIND_UNIT5,VERAWIND_ALL,,0,0,98.100,0.000,0.000,0.000,0.000,0,0.000,0.000,0.000,0.000
VERTIGO_WIND_I,VERTIGO_UN1,,0,0,145.700,0.000,0.000,0.000,0.000,0,0.000,0.000,0.000,0.000
VICTPORT_CTG01,VICTPORT_RN,,0,0,44.000,0.000,2.961,2.961,0.000,0,0.000,0.000,0.000,0.000
VICTPORT_CTG02,VICTPORT_RN,,0,0,45.000,0.000,3.028,3.028,0.000,0,0.000,0.000,0.000,0.000
VICTPRT2_UNIT1,VICTPORT_RN,,0,0,46.000,0.000,3.096,3.096,0.000,0,0.000,0.000,0.000,0.000
VICTPRT2_UNIT2,VICTPORT_RN,,0,0,46.000,0.000,3.096,3.096,0.000,0,0.000,0.000,0.000,0.000
VISION_UNIT1,VISION_RN,,0,0,107.300,0.000,0.000,0.000,0.000,0,0.000,0.000,0.000,0.000
VORTEX_WIND1,VORT_ALL_RN,,0,0,146.700,0.000,0.000,0.000,0.000,0,0.000,0.000,0.000,0.000
VORTEX_WIND2,VORT_ALL_RN,,0,0,24.200,0.000,0.000,0.000,0.000,0,0.000,0.000,0.000,0.000
VORTEX_WIND3,VORT_ALL_RN,,0,0,158.400,0.000,0.000,0.000,0.000,0,0.000,0.000,0.000,0.000
VORTEX_WIND4,VORT_ALL_RN,,0,0,14.000,0.000,0.000,0.000,0.000,0,0.000,0.000,0.000,0.000
WAKEWE_G1_J01,WAKEWE_ALL,,0,0,51.300,0.000,0.000,0.000,0.000,0,0.000,0.000,0.000,0.000
WAKEWE_G1_J02,WAKEWE_ALL,,0,0,48.500,0.000,0.000,0.000,0.000,0,0.000,0.000,0.000,0.000
WAKEWE_G2_J01,WAKEWE_ALL,,0,0,65.100,0.000,0.000,0.000,0.000,0,0.000,0.000,0.000,0.000
WAKEWE_G2_J02,WAKEWE_ALL,,0,0,61.500,0.000,0.000,0.000,0.000,0,0.000,0.000,0.000,0.000
WAP_WAPGT_1,WAP_WAPGT_1,,0,0,13.000,0.000,2.000,2.000,0.000,0,42.259,0.000,0.000,0.000
WAP_WAP_G1,WAP_WAP_G1,,0,0,169.000,0.000,6.760,6.760,0.000,0,38.082,0.000,0.000,0.000
WAP_WAP_G2,WAP_WAP_G2,,0,0,169.000,0.000,6.760,6.760,0.000,0,38.082,0.000,0.000,0.000
WAP_WAP_G3,WAP_WAP_G3,,0,0,246.000,0.000,9.840,9.840,0.000,0,38.082,0.000,0.000,0.000
WAP_WAP_G4,WAP_WAP_G4,,0,0,507.000,0.000,15.210,15.210,0.000,0,51.493,0.000,0.000,0.000
WAP_WAP_G5,WAP_WAP_G5,,0,0,664.000,0.000,12.882,12.882,0.000,0,24.836,0.000,0.000,0.000
WAP_WAP_G6,WAP_WAP_G6,,0,0,655.000,0.000,12.707,12.707,0.000,0,24.836,0.000,0.000,0.000
WAP_WAP_G7,WAP_WAP_G7,,0,0,573.000,0.000,11.116,11.116,0.000,0,24.836,0.000,0.000,0.000
WAP_WAP_G8,WAP_WAP_G8,,0,0,610.000,0.000,11.834,11.834,0.000,0,24.836,0.000,0.000,0.000
WAYMARK_UNIT1,WAYMARK_RN,,0,0,152.800,0.000,0.000,0.000,0.000,0,0.000,0.000,0.000,0.000
WEBBER_S_WSP1,WEBBER_WS_T1,,0,0,26.700,0.000,0.000,0.000,0.000,0,0.000,0.000,0.000,0.000
WEC_WECG1,WEC_WECG1,,0,0,26.800,0.000,0.000,0.000,0.000,0,0.000,0.000,0.000,0.000
WES_UNIT1,WES_ALL,,0,0,93.800,0.000,0.000,0.000,0.000,0,0.000,0.000,0.000,0.000
WES_UNIT2,WES_ALL,,0,0,94.800,0.000,0.000,0.000,0.000,0,0.000,0.000,0.000,0.000
WGU_UNIT1,WGU_RN,,0,0,106.900,0.000,0.000,0.000,0.000,0,0.000,0.000,0.000,0.000
WHMESA_UNIT1,WHMESA_U1,,0,0,146.200,0.000,0.000,0.000,0.000,0,0.000,0.000,0.000,0.000
WHMESA_UNIT2_23,WHMESA_U1,,0,0,13.000,0.000,0.000,0.000,0.000,0,0.000,0.000,0.000,0.000
WHMESA_UNIT2_28,WHMESA_U1,,0,0,169.300,0.000,0.000,0.000,0.000,0,0.000,0.000,0.000,0.000
WHMESA_UNIT3_23,WHMESA_U1,,0,0,17.100,0.000,0.000,0.000,0.000,0,0.000,0.000,0.000,0.000
WHMESA_UNIT3_28,WHMESA_U1,,0,0,126.300,0.000,0.000,0.000,0.000,0,0.000,0.000,0.000,0.000
WHTTAIL_WR1,WHTTAIL_WR1,,0,0,110.400,0.000,0.000,0.000,0.000,0,0.000,0.000,0.000,0.000
WH_WIND_UNIT1,WH_WIND_ALL,,0,0,166.000,0.000,0.000,0.000,0.000,0,0.000,0.000,0.000,0.000
WH_WIND_UNIT2,WH_WIND_ALL,,0,0,195.000,0.000,0.000,0.000,0.000,0,0.000,0.000,0.000,0.000
WILDWIND_UNIT1,WILDWIND_ALL,,0,0,15.000,0.000,0.000,0.000,0.000,0,0.000,0.000,0.000,0.000
WILDWIND_UNIT2,WILDWIND_ALL,,0,0,40.900,0.000,0.000,0.000,0.000,0,0.000,0.000,0.000,0.000
WILDWIND_UNIT3,WILDWIND_ALL,,0,0,4.000,0.000,0.000,0.000,0.000,0,0.000,0.000,0.000,0.000
WILDWIND_UNIT4,WILDWIND_ALL,,0,0,40.900,0.000,0.000,0.000,0.000,0,0.000,0.000,0.000,0.000
WILDWIND_UNIT5,WILDWIND_ALL,,0,0,30.400,0.000,0.000,0.000,0.000,0,0.000,0.000,0.000,0.000
WIPOPA_WPP_G1,WIPOPA_1_2,,0,0,42.000,0.000,2.827,2.827,0.000,0,42.259,0.000,0.000,0.000
WIPOPA_WPP_G2,WIPOPA_1_2,,0,0,44.000,0.000,2.961,2.961,0.000,0,42.259,0.000,0.000,0.000
WIPOPA_WPP_G3,WIPOPA_3_4,,0,0,44.000,0.000,2.961,2.961,0.000,0,42.259,0.000,0.000,0.000
WIPOPA_WPP_G4,WIPOPA_3_4,,0,0,44.000,0.000,2.961,2.961,0.000,0,42.259,0.000,0.000,0.000
WIRTZ_WIRTZ_G1,WIR_WIRTZ_G1,,0,0,28.000,0.000,0.000,0.000,0.000,0,0.000,0.000,0.000,0.000
WIRTZ_WIRTZ_G2,WIR_WIRTZ_G2,,0,0,29.000,0.000,0.000,0.000,0.000,0,0.000,0.000,0.000,0.000
WL_RANCH_UNIT1,WL_RANCH_RN,,0,0,189.800,0.000,0.000,0.000,0.000,0,0.000,0.000,0.000,0.000
WNDTHST2_UNIT1,WNDTS2_UNIT1,,0,0,61.800,0.000,0.000,0.000,0.000,0,0.000,0.000,0.000,0.000
WND_WHITNEY1,WND_WHITNEY,,0,0,22.000,0.000,0.000,0.000,0.000,0,1999.910,0.000,0.000,0.000
WND_WHITNEY2,WND_WHITNEY,,0,0,22.000,0.000,0.000,0.000,0.000,0,1999.910,0.000,0.000,0.000
WOODWRD1_WOODWRD1,WOODWRD1_RN,,0,0,61.300,0.000,0.000,0.000,0.000,0,0.000,0.000,0.000,0.000
WOODWRD2_WOODWRD2,WOODWRD2_RN,,0,0,49.400,0.000,0.000,0.000,0.000,0,0.000,0.000,0.000,0.000
W_PECOS_UNIT1,W_PECO_UNIT1,,0,0,87.000,0.000,0.000,0.000,0.000,0,0.000,0.000,0.000,0.000
X1_DGR1,X1_DGR_RN,,0,0,17.300,0.000,2.000,2.000,0.000,0,42.259,0.000,0.000,0.000
YNG_WND_UNIT1,YNG_WND_ALL,,0,0,184.800,0.000,0.000,0.000,0.000,0,0.000,0.000,0.000,0.000
YNG_WND_UNIT2,YNG_WND_ALL,,0,0,141.000,0.000,0.000,0.000,0.000,0,0.000,0.000,0.000,0.000
YNG_WND_UNIT3,YNG_WND_ALL,,0,0,139.500,0.000,0.000,0.000,0.000,0,0.000,0.000,0.000,0.000
Z0_DGR1,Z0_DGR1_RN,,0,0,9.400,0.000,2.000,2.000,0.000,0,42.259,0.000,0.000,0.000
Z0_DGR2,Z0_DGR2_RN,,0,0,28.900,0.000,2.000,2.000,0.000,0,42.259,0.000,0.000,0.000
Z5_DGR1,Z5_DGR1_RN,,0,0,29.400,0.000,2.000,2.000,0.000,0,42.259,0.000,0.000,0.000
ZIER_SLR_PV1,ZIER_SLR_ALL,,0,0,160.000,0.000,0.000,0.000,0.000,0,0.000,0.000,0.000,0.000
N288_1,,,0,0,40.000,-40.000,0.000,0.000,0.000,0,0.000,0.000,0.000,0.000
N290_PA,,,0,0,48.810,-48.810,0.000,0.000,0.000,0,0.000,0.000,0.000,0.000
N297_2,,,0,0,5.000,-5.000,0.000,0.000,0.000,0,0.000,0.000,0.000,0.000
N299_PB,,,0,0,6.100,-6.100,0.000,0.000,0.000,0,0.000,0.000,0.000,0.000
N302_2,,,0,0,50.000,-50.000,0.000,0.000,0.000,0,0.000,0.000,0.000,0.000
N304_PB,,,0,0,61.010,-61.010,0.000,0.000,0.000,0,0.000,0.000,0.000,0.000
N373_1,,,0,0,100.000,-100.000,0.000,0.000,0.000,0,0.000,0.000,0.000,0.000
N374_PA,,,0,0,122.020,-122.020,0.000,0.000,0.000,0,0.000,0.000,0.000,0.000
N380_1,,,0,0,100.000,-100.000,0.000,0.000,0.000,0,0.000,0.000,0.000,0.000
N381_PA,,,0,0,122.020,-122.020,0.000,0.000,0.000,0,0.000,0.000,0.000,0.000
N382_1,,,0,0,200.000,-200.000,0.000,0.000,0.000,0,0.000,0.000,0.000,0.000
N383_PA,,,0,0,244.040,-244.040,0.000,0.000,0.000,0,0.000,0.000,0.000,0.000
N393_1,,,0,0,100.000,-100.000,0.000,0.000,0.000,0,0.000,0.000,0.000,0.000
N394_PA,,,0,0,122.020,-122.020,0.000,0.000,0.000,0,0.000,0.000,0.000,0.000
N396_2,,,0,0,50.000,-50.000,0.000,0.000,0.000,0,0.000,0.000,0.000,0.000
N398_PB,,,0,0,61.010,-61.010,0.000,0.000,0.000,0,0.000,0.000,0.000,0.000
N401_2,,,0,0,77.000,-77.000,0.000,0.000,0.000,0,0.000,0.000,0.000,0.000
N403_PB,,,0,0,93.960,-93.960,0.000,0.000,0.000,0,0.000,0.000,0.000,0.000
N120524_1,Commerce ESS BA1,,0,0,10.000,-10.000,2.000,2.000,0.000,0,0.000,0.000,0.000,0.000
N190187_1,Blue Summit Storage  LLC WBSS,,0,0,30.000,-30.000,2.000,2.000,0.000,0,0.000,0.000,0.000,0.000
N220191_1,Notrees Windpower Hybrid BATT,,0,0,36.000,-36.000,2.000,2.000,0.000,0,0.000,0.000,0.000,0.000
N220225_1,Castle Gap Solar Hybrid BAT1,,0,0,9.900,-9.900,2.000,2.000,0.000,0,0.000,0.000,0.000,0.000
N240278_1,Pyron Wind Farm LLC Hybrid PYRBT,,0,0,9.900,-9.900,2.000,2.000,0.000,0,0.000,0.000,0.000,0.000
N240280_1,Inadale Wind Farm LLC Hybrid INABT,,0,0,9.900,-9.900,2.000,2.000,0.000,0,0.000,0.000,0.000,0.000
