ReserveType,Injector,MaxReserve,ReduceRamp,Cost
OpRsv,AMOCOOIL_CC2,295.000,0,
OpRsv,BASTEN_CC1,558.000,0,
OpRsv,BOSQUESW_CC1,246.000,0,
OpRsv,BOSQUESW_CC2,542.000,0,
OpRsv,BRAUNIG_CC1,505.000,0,
OpRsv,BTE_CC1,594.000,0,
OpRsv,BVE_CC1,599.000,0,
OpRsv,BYU_CC1,201.000,0,
OpRsv,B_DAVIS_CC1,632.000,0,
OpRsv,CAL_CC1,176.000,0,
OpRsv,CBECII_CC3,1102.700,0,
OpRsv,CBEC_CC1,248.000,0,
OpRsv,CBEC_CC2,248.000,0,
OpRsv,CBY4_CC1,479.000,0,
OpRsv,CCEC_CC1,437.000,0,
OpRsv,CHE_CC1,756.000,0,
OpRsv,CVC_CC1,630.000,0,
OpRsv,DDPEC_CC1,1175.000,0,
OpRsv,DIB_CC1,49.000,0,
OpRsv,DUKE_CC1,496.000,0,
OpRsv,ETCCS_CC1,318.000,0,
OpRsv,FERGCC_CC1,524.000,0,
OpRsv,FREC_CC1,496.000,0,
OpRsv,FREC_CC2,494.000,0,
OpRsv,FRNYPP_CC1,884.000,0,
OpRsv,FRNYPP_CC2,884.000,0,
OpRsv,FTR_CC1,840.000,0,
OpRsv,GUADG_CC1,501.000,0,
OpRsv,GUADG_CC2,501.000,0,
OpRsv,INGLCOSW_CC1,152.800,0,
OpRsv,JACKCNTY_CC1,558.000,0,
OpRsv,JCKCNTY2_CC1,570.000,0,
OpRsv,KMCHI_CC1,638.900,0,
OpRsv,KMCHI_CC2,641.800,0,
OpRsv,LGE_CC1,418.000,0,
OpRsv,LOSTPI_CC1,512.000,0,
OpRsv,LPCCS_CC1,549.000,0,
OpRsv,LPCCS_CC2,584.000,0,
OpRsv,NEDIN_CC1,640.000,0,
OpRsv,NUECES_B_CC1,635.000,0,
OpRsv,OECCS_CC1,575.000,0,
OpRsv,OECCS_CC2,378.000,0,
OpRsv,PSA_CC1,490.000,0,
OpRsv,PSG_CC1,497.000,0,
OpRsv,QALSW_CC1,232.000,0,
OpRsv,QALSW_CC2,221.000,0,
OpRsv,RAYBURN_CC1,155.000,0,
OpRsv,RIONOG_CC1,814.000,0,
OpRsv,SANDHSYD_CC1,293.000,0,
OpRsv,SILASRAY_CC1,53.000,0,
OpRsv,TEN_CC1,269.000,0,
OpRsv,TGCCS_CC1,890.000,0,
OpRsv,THW_CC1,339.000,0,
OpRsv,THW_CC2,328.000,0,
OpRsv,TNSKA_CC1,229.000,0,
OpRsv,TXCTY_CC1,361.000,0,
OpRsv,VICTORIA_CC1,288.000,0,
OpRsv,WCPP_CC1,726.000,0,
OpRsv,WFCOGEN_CC1,75.000,0,
OpRsv,WHCCS2_CC2,1091.400,0,
OpRsv,WHCCS_CC1,729.000,0,
OpRsv,A4_DGR1,27.800,0,
OpRsv,A4_DGR2,12.700,0,
OpRsv,AEEC_ANTLP_1,54.000,0,
OpRsv,AEEC_ANTLP_2,54.000,0,
OpRsv,AEEC_ANTLP_3,54.000,0,
OpRsv,AEEC_ELK_1,189.100,0,
OpRsv,AEEC_ELK_2,192.000,0,
OpRsv,AEEC_ELK_3,192.000,0,
OpRsv,ATKINS_ATKINSG7,18.000,0,
OpRsv,AZ_AZ_G1,35.000,0,
OpRsv,AZ_AZ_G2,36.000,0,
OpRsv,AZ_AZ_G3,36.000,0,
OpRsv,AZ_AZ_G4,33.000,0,
OpRsv,BAC_CTG1,56.800,0,
OpRsv,BAC_CTG2,58.300,0,
OpRsv,BAC_CTG3,57.500,0,
OpRsv,BAC_CTG4,58.200,0,
OpRsv,BAC_CTG5,58.400,0,
OpRsv,BAC_CTG6,58.300,0,
OpRsv,BCH_UNIT1,42.800,0,
OpRsv,BCH_UNIT2,48.800,0,
OpRsv,BCH_UNIT3,43.800,0,
OpRsv,BCH_UNIT4,43.300,0,
OpRsv,BCH_UNIT5,46.800,0,
OpRsv,BCH_UNIT6,39.800,0,
OpRsv,BCH_UNIT7,40.800,0,
OpRsv,BCH_UNIT8,42.800,0,
OpRsv,BRAUNIG_VHB3,400.000,0,
OpRsv,BRAUNIG_VHB6CT5,47.000,0,
OpRsv,BRAUNIG_VHB6CT6,47.000,0,
OpRsv,BRAUNIG_VHB6CT7,47.000,0,
OpRsv,BRAUNIG_VHB6CT8,46.000,0,
OpRsv,BTM_UNIT1,47.600,0,
OpRsv,BTM_UNIT2,46.100,0,
OpRsv,BTM_UNIT3,45.100,0,
OpRsv,BTM_UNIT4,44.100,0,
OpRsv,BTM_UNIT5,44.100,0,
OpRsv,BTM_UNIT6,44.100,0,
OpRsv,BTM_UNIT7,45.100,0,
OpRsv,BTM_UNIT8,49.100,0,
OpRsv,B_DAVIS_B_DAVIG1,290.000,0,
OpRsv,CALAVERS_JKS1,549.000,0,
OpRsv,CALAVERS_JKS2,785.000,0,
OpRsv,CALAVERS_OWS1,412.000,0,
OpRsv,CALAVERS_OWS2,402.000,0,
OpRsv,CALHOUN_UNIT1,34.000,0,
OpRsv,CALHOUN_UNIT2,39.000,0,
OpRsv,CARBN_BSP_1,17.000,0,
OpRsv,CBEC_GT11,39.000,0,
OpRsv,CBEC_GT12,30.000,0,
OpRsv,CBY_CBY_G1,708.000,0,
OpRsv,CBY_CBY_G2,714.000,0,
OpRsv,CEDRVALE_UNIT1,9.600,0,
OpRsv,CHAMON_CTG_0101,38.000,0,
OpRsv,CHAMON_CTG_0301,39.000,0,
OpRsv,CITYVICT_CTG01,36.000,0,
OpRsv,CITYVICT_CTG02,45.000,0,
OpRsv,COLETO_COLETOG1,655.000,0,
OpRsv,DANSBY_DANSBYG1,104.000,0,
OpRsv,DANSBY_DANSBYG2,46.000,0,
OpRsv,DANSBY_DANSBYG3,48.000,0,
OpRsv,DCSES_CT10,71.000,0,
OpRsv,DCSES_CT20,71.000,0,
OpRsv,DCSES_CT30,71.000,0,
OpRsv,DCSES_CT40,74.000,0,
OpRsv,DECKER_DPGT_1,50.000,0,
OpRsv,DECKER_DPGT_2,50.000,0,
OpRsv,DECKER_DPGT_3,50.000,0,
OpRsv,DECKER_DPGT_4,50.000,0,
OpRsv,DEC_AGR_A,56.500,0,
OpRsv,DEC_AGR_B,56.500,0,
OpRsv,DEC_AGR_C,56.500,0,
OpRsv,DEC_AGR_D,56.500,0,
OpRsv,ECEC_G1,153.400,0,
OpRsv,ECEC_G2,152.600,0,
OpRsv,FEGC_CTG2,47.900,0,
OpRsv,FEGC_CTG3,47.000,0,
OpRsv,FEGC_CTG4,47.000,0,
OpRsv,FEGC_UNIT1,100.000,0,
OpRsv,FLCNS_UNIT1,67.000,0,
OpRsv,FLCNS_UNIT2,67.000,0,
OpRsv,FPPYD1_FPP_G1_J01,296.000,0,
OpRsv,FPPYD1_FPP_G1_J02,285.000,0,
OpRsv,FPPYD1_FPP_G2_J01,296.000,0,
OpRsv,FPPYD1_FPP_G2_J02,291.000,0,
OpRsv,FPPYD2_FPP_G3,431.000,0,
OpRsv,GBY_GBYGT73,60.000,0,
OpRsv,GBY_GBYGT74,57.000,0,
OpRsv,GBY_GBYGT81,57.000,0,
OpRsv,GBY_GBYGT82,49.000,0,
OpRsv,GBY_GBYGT83,65.000,0,
OpRsv,GBY_GBYGT84,59.000,0,
OpRsv,GIDEON_GIDEONG1,109.000,0,
OpRsv,GIDEON_GIDEONG2,117.000,0,
OpRsv,GIDEON_GIDEONG3,316.000,0,
OpRsv,GRSES_UNIT1,239.000,0,
OpRsv,GRSES_UNIT2,395.000,0,
OpRsv,HAYSEN_HAYSENG1,265.000,0,
OpRsv,HAYSEN_HAYSENG2,265.000,0,
OpRsv,HAYSEN_HAYSENG3,271.000,0,
OpRsv,HAYSEN_HAYSENG4,264.000,0,
OpRsv,HLSES_UNIT3,375.000,0,
OpRsv,HLSES_UNIT4,435.000,0,
OpRsv,HLSES_UNIT5,435.000,0,
OpRsv,JAD_UNIT1,43.400,0,
OpRsv,JAD_UNIT2,45.000,0,
OpRsv,JAD_UNIT3,47.600,0,
OpRsv,JAD_UNIT4,45.500,0,
OpRsv,JAD_UNIT5,46.500,0,
OpRsv,JAD_UNIT6,43.600,0,
OpRsv,JAD_UNIT7,46.600,0,
OpRsv,JAD_UNIT8,46.600,0,
OpRsv,K2_DGR1,22.700,0,
OpRsv,K2_DGR2,24.700,0,
OpRsv,LARDVFTN_G4,91.000,0,
OpRsv,LARDVFTN_G5,89.000,0,
OpRsv,LEG_LEG_G1,818.000,0,
OpRsv,LEG_LEG_G2,857.000,0,
OpRsv,LEON_CRK_LCPCT1,45.000,0,
OpRsv,LEON_CRK_LCPCT2,45.000,0,
OpRsv,LEON_CRK_LCPCT3,45.000,0,
OpRsv,LEON_CRK_LCPCT4,45.000,0,
OpRsv,LHM_CVC_G4,93.500,0,
OpRsv,LHSES_UNIT1,392.000,0,
OpRsv,LHSES_UNIT2A,523.000,0,
OpRsv,LIG_UNIT1,39.000,0,
OpRsv,LIG_UNIT2,39.000,0,
OpRsv,MCSES_UNIT6,122.000,0,
OpRsv,MCSES_UNIT7,118.000,0,
OpRsv,MCSES_UNIT8,568.000,0,
OpRsv,MDANP_CT1,268.000,0,
OpRsv,MDANP_CT2,268.000,0,
OpRsv,MDANP_CT3,271.000,0,
OpRsv,MDANP_CT4,266.000,0,
OpRsv,MDANP_CT5,268.000,0,
OpRsv,MDANP_CT6,265.000,0,
OpRsv,MGSES_CT1,68.000,0,
OpRsv,MGSES_CT2,67.000,0,
OpRsv,MGSES_CT3,66.000,0,
OpRsv,MGSES_CT4,68.000,0,
OpRsv,MGSES_CT5,68.000,0,
OpRsv,MGSES_CT6,68.000,0,
OpRsv,MIL_MILLERG2,120.000,0,
OpRsv,MIL_MILLERG3,200.000,0,
OpRsv,MIL_MILLERG4,125.000,0,
OpRsv,MIL_MILLERG5,125.000,0,
OpRsv,MIRAGE_GEN_0001,11.000,0,
OpRsv,MLSES_UNIT1,815.000,0,
OpRsv,MLSES_UNIT2,820.000,0,
OpRsv,MLSES_UNIT3,820.000,0,
OpRsv,OGSES_UNIT1A,855.000,0,
OpRsv,OGSES_UNIT2,855.000,0,
OpRsv,OLINGR_OLING_2,107.000,0,
OpRsv,OLINGR_OLING_3,90.000,0,
OpRsv,OLINGR_OLING_4,79.000,0,
OpRsv,OXY_CC_OXY_CCG1,11.000,0,
OpRsv,P2_DGR1,28.600,0,
OpRsv,P2_DGR2,33.300,0,
OpRsv,PB2SES_CT1,75.000,0,
OpRsv,PB2SES_CT2,77.000,0,
OpRsv,PB2SES_CT3,76.000,0,
OpRsv,PB2SES_CT4,76.000,0,
OpRsv,PB2SES_CT5,78.000,0,
OpRsv,PEARSAL2_AGR_A,50.000,0,
OpRsv,PEARSAL2_AGR_B,50.000,0,
OpRsv,PEARSAL2_AGR_C,50.000,0,
OpRsv,PEARSAL2_AGR_D,50.000,0,
OpRsv,PNPI_GT2,48.000,0,
OpRsv,PPEC_GT7,216.000,0,
OpRsv,PPEC_GT8,214.000,0,
OpRsv,PRO_UNIT1,43.800,0,
OpRsv,PRO_UNIT2,42.800,0,
OpRsv,PRO_UNIT3,44.800,0,
OpRsv,PRO_UNIT4,45.800,0,
OpRsv,PRO_UNIT5,44.800,0,
OpRsv,PRO_UNIT6,45.800,0,
OpRsv,PRO_UNIT7,47.300,0,
OpRsv,PRO_UNIT8,45.800,0,
OpRsv,PR_PR_G2,35.000,0,
OpRsv,PYOTE_UNIT1,9.900,0,
OpRsv,Q1_DGR1,27.500,0,
OpRsv,RAB_UNIT1,37.300,0,
OpRsv,RAB_UNIT2,37.300,0,
OpRsv,RAB_UNIT3,36.300,0,
OpRsv,RAB_UNIT4,36.300,0,
OpRsv,RAB_UNIT5,37.300,0,
OpRsv,RAB_UNIT6,40.300,0,
OpRsv,RAB_UNIT7,42.300,0,
OpRsv,RAB_UNIT8,37.300,0,
OpRsv,REDGATE_AGR_A,56.000,0,
OpRsv,REDGATE_AGR_B,56.000,0,
OpRsv,REDGATE_AGR_C,56.000,0,
OpRsv,REDGATE_AGR_D,56.000,0,
OpRsv,SANDHSYD_SH1,45.000,0,
OpRsv,SANDHSYD_SH2,45.000,0,
OpRsv,SANDHSYD_SH3,45.000,0,
OpRsv,SANDHSYD_SH4,45.000,0,
OpRsv,SANDHSYD_SH6,45.000,0,
OpRsv,SANDHSYD_SH7,45.000,0,
OpRsv,SANMIGL_G1,391.000,0,
OpRsv,SCES_UNIT1_J01,415.000,0,
OpRsv,SCES_UNIT1_J02,220.000,0,
OpRsv,SCES_UNIT1_J03,147.000,0,
OpRsv,SCES_UNIT1_J04,104.000,0,
OpRsv,SCSES_UNIT1A,170.000,0,
OpRsv,SCSES_UNIT2,502.000,0,
OpRsv,SILASRAY_SILAS_10,38.000,0,
OpRsv,SJS_SJS_G1,82.000,0,
OpRsv,SJS_SJS_G2,80.000,0,
OpRsv,SKY1_SKY1A,17.000,0,
OpRsv,SKY1_SKY1B,25.000,0,
OpRsv,SPNCER_SPNCE_4,57.000,0,
OpRsv,SPNCER_SPNCE_5,45.000,0,
OpRsv,STEAM1A_STEAM_1,18.000,0,
OpRsv,STEAM_ENGINE_1,8.200,0,
OpRsv,STEAM_ENGINE_2,8.200,0,
OpRsv,STEAM_ENGINE_3,8.200,0,
OpRsv,STEAM_STEAM_2,12.000,0,
OpRsv,STEAM_STEAM_3,36.000,0,
OpRsv,TC_GTG2,45.000,0,
OpRsv,TC_TCHP1,2.700,0,
OpRsv,TGS_GT01,67.000,0,
OpRsv,THW_GT61,204.000,0,
OpRsv,THW_GT62,204.000,0,
OpRsv,THW_THWGT51,65.000,0,
OpRsv,THW_THWGT52,59.000,0,
OpRsv,THW_THWGT53,58.000,0,
OpRsv,THW_THWGT54,58.000,0,
OpRsv,THW_THWGT55,61.000,0,
OpRsv,THW_THWGT56,60.000,0,
OpRsv,THW_THWGT_1,11.000,0,
OpRsv,TIMPP_AGR1,37.200,0,
OpRsv,TIMPP_AGR2,56.000,0,
OpRsv,TIMPP_AGR3,37.200,0,
OpRsv,TIMPP_AGR4,56.000,0,
OpRsv,TIMPP_AGR5,37.200,0,
OpRsv,TIMPP_AGR6,55.800,0,
OpRsv,TIMPP_AGR7,37.200,0,
OpRsv,TIMPP_AGR8,55.800,0,
OpRsv,TNP_ONE_TNP_O_1,155.000,0,
OpRsv,TNP_ONE_TNP_O_2,155.000,0,
OpRsv,TOPAZ_UNIT1,44.100,0,
OpRsv,TOPAZ_UNIT10,43.100,0,
OpRsv,TOPAZ_UNIT2,44.100,0,
OpRsv,TOPAZ_UNIT3,45.100,0,
OpRsv,TOPAZ_UNIT4,44.100,0,
OpRsv,TOPAZ_UNIT5,46.100,0,
OpRsv,TOPAZ_UNIT6,46.100,0,
OpRsv,TOPAZ_UNIT7,43.100,0,
OpRsv,TOPAZ_UNIT8,46.600,0,
OpRsv,TOPAZ_UNIT9,43.100,0,
OpRsv,TRSES_UNIT6,236.000,0,
OpRsv,V2_DGR1,27.800,0,
OpRsv,V2_DGR2,23.800,0,
OpRsv,V2_DGR3,28.500,0,
OpRsv,V4_DGR1,12.800,0,
OpRsv,VICTPORT_CTG01,44.000,0,
OpRsv,VICTPORT_CTG02,45.000,0,
OpRsv,VICTPRT2_UNIT1,46.000,0,
OpRsv,VICTPRT2_UNIT2,46.000,0,
OpRsv,WAP_WAPGT_1,13.000,0,
OpRsv,WAP_WAP_G1,169.000,0,
OpRsv,WAP_WAP_G2,169.000,0,
OpRsv,WAP_WAP_G3,246.000,0,
OpRsv,WAP_WAP_G4,507.000,0,
OpRsv,WAP_WAP_G5,664.000,0,
OpRsv,WAP_WAP_G6,655.000,0,
OpRsv,WAP_WAP_G7,573.000,0,
OpRsv,WAP_WAP_G8,610.000,0,
OpRsv,WIPOPA_WPP_G1,42.000,0,
OpRsv,WIPOPA_WPP_G2,44.000,0,
OpRsv,WIPOPA_WPP_G3,44.000,0,
OpRsv,WIPOPA_WPP_G4,44.000,0,
OpRsv,X1_DGR1,17.300,0,
OpRsv,Z0_DGR1,9.400,0,
OpRsv,Z0_DGR2,28.900,0,
OpRsv,Z5_DGR1,29.400,0,
