Cycle,Period,Length
SC,1,1
SC,2,1
SC,3,1
SC,4,1
SC,5,1
SC,6,1
SC,7,1
SC,8,1
SC,9,1
SC,10,1
SC,11,1
SC,12,1
SC,13,1
SC,14,1
SC,15,1
SC,16,1
SC,17,1
SC,18,1
SC,19,1
SC,20,1
SC,21,1
SC,22,1
SC,23,1
SC,24,1
SCEsr,1,2
SCEsr,2,2
SCEsr,3,2
SCEsr,4,2
SCEsr,5,2
SCEsr,6,2
SCEsr,7,2
SCEsr,8,2
SCEsr,9,2
SCEsr,10,2
SCEsr,11,2
SCEsr,12,2
SCEsr,13,2
SCEsr,14,2
SCEsr,15,2
SCEsr,16,2
SCEsr,17,2
SCEsr,18,2
SCEsr,19,2
SCEsr,20,2
SCEsr,21,2
SCEsr,22,2
SCEsr,23,2
SCEsr,24,2
SCEsr,25,2
SCEsr,26,2
SCEsr,27,2
SCEsr,28,2
SCEsr,29,2
SCEsr,30,2
SCEsr,31,2
SCEsr,32,2
SCEsr,33,2
SCEsr,34,2
SCEsr,35,2
SCEsr,36,2
SCEsr,37,2
SCEsr,38,2
SCEsr,39,2
SCEsr,40,2
SCEsr,41,2
SCEsr,42,2
SCEsr,43,2
SCEsr,44,2
SCEsr,45,2
SCEsr,46,2
SCEsr,47,2
SCEsr,48,2
SCEsr,49,2
SCEsr,50,2
SCEsr,51,2
SCEsr,52,2
SCEsr,53,2
SCEsr,54,2
SCEsr,55,2
SCEsr,56,2
SCEsr,57,2
SCEsr,58,2
SCEsr,59,2
SCEsr,60,2
SCEsr,61,2
SCEsr,62,2
SCEsr,63,2
SCEsr,64,2
SCEsr,65,2
SCEsr,66,2
SCEsr,67,2
SCEsr,68,2
SCEsr,69,2
SCEsr,70,2
SCEsr,71,2
SCEsr,72,2
SCEsr,73,2
SCEsr,74,2
SCEsr,75,2
SCEsr,76,2
SCEsr,77,2
SCEsr,78,2
SCEsr,79,2
SCEsr,80,2
SCEsr,81,2
SCEsr,82,2
SCEsr,83,2
SCEsr,84,2
WA,1,1
WA,2,1
WA,3,1
WA,4,1
WA,5,1
WA,6,1
WA,7,1
WA,8,1
WA,9,1
WA,10,1
WA,11,1
WA,12,1
WA,13,1
WA,14,1
WA,15,1
WA,16,1
WA,17,1
WA,18,1
WA,19,1
WA,20,1
WA,21,1
WA,22,1
WA,23,1
WA,24,1
WA,25,6
WA,26,6
WA,27,6
WA,28,6
WA,29,6
WA,30,6
WA,31,6
WA,32,6
WA,33,6
WA,34,6
WA,35,6
WA,36,6
WA,37,6
WA,38,6
WA,39,6
WA,40,6
WA,41,6
WA,42,6
WA,43,6
WA,44,6
WA,45,6
WA,46,6
WA,47,6
WA,48,6
DA,1,1
DA,2,1
DA,3,1
DA,4,1
DA,5,1
DA,6,1
DA,7,1
DA,8,1
DA,9,1
DA,10,1
DA,11,1
DA,12,1
DA,13,1
DA,14,1
DA,15,1
DA,16,1
DA,17,1
DA,18,1
DA,19,1
DA,20,1
DA,21,1
DA,22,1
DA,23,1
DA,24,1
DA,25,1
DA,26,1
DA,27,1
DA,28,1
DA,29,1
DA,30,1
DA,31,6
DA,32,6
DA,33,6
RT,1,1
